{"sources":[{"type":"single","resource":"woods:winter_log_side"},{"type":"single","resource":"winter-crate-open"},{"type":"single","resource":"gens:4_demon_axe"},{"type":"single","resource":"other:stpatrickrock"},{"type":"single","resource":"magiccosmetics:itemss/demon_king_hat"},{"type":"single","resource":"survivalspawners:upgradebook"},{"type":"single","resource":"other:violetrock"},{"type":"single","resource":"seeds:seed/carrot_seed"},{"type":"single","resource":"menus:global/price_credits_1100"},{"type":"single","resource":"vanilla_furnitures:acacia_storage"},{"type":"single","resource":"magiccosmetics:itemss/chick_wing"},{"type":"single","resource":"other:rainbow_totem"},{"type":"single","resource":"workshop_six:vanilla_outdoor_furniture/bench_acacia"},{"type":"single","resource":"valentine-crate-open"},{"type":"single","resource":"other:shadow_totem"},{"type":"single","resource":"vanilla_furnitures:crimson_door_bottom"},{"type":"single","resource":"crop_armors:sugarcane_helmet"},{"type":"single","resource":"workshop_six:vanilla_outdoor_furniture/large_crate_stack_pale_oak"},{"type":"single","resource":"armor:azure/animations_3"},{"type":"single","resource":"valentine_item_pack:big_gift"},{"type":"single","resource":"workshop_six:vanilla_outdoor_furniture/barrel_stack_bamboo"},{"type":"single","resource":"dungeons:41_spirit_sword"},{"type":"single","resource":"detailed_tools:rainbow_sword"},{"type":"single","resource":"magiccosmetics:itemss/ocean_spirit_trail"},{"type":"single","resource":"valentine_item_pack:flowers"},{"type":"single","resource":"workshop_six:vanilla_outdoor_furniture/large_crate_stack_birch"},{"type":"single","resource":"_iainternal:icons/icon_arrow_chest"},{"type":"single","resource":"gens:2_chocolate_axe"},{"type":"single","resource":"seeds:seed/wheat_seed"},{"type":"single","resource":"magiccosmetics:itemss/medusa_necks_up_0"},{"type":"single","resource":"halloween-crate-new"},{"type":"single","resource":"workshop_six:vanilla_outdoor_furniture/wagon_dark_oak"},{"type":"single","resource":"valentine_item_pack:gift_bag"},{"type":"single","resource":"betterranks:sick"},{"type":"single","resource":"betterranks:rubytrophy"},{"type":"single","resource":"betterranks:earth"},{"type":"single","resource":"gold-crate-open"},{"type":"single","resource":"workshop_six:essentials/nature_decor/ore_base"},{"type":"single","resource":"farming:valentine-crate"},{"type":"single","resource":"crops:mangocrop"},{"type":"single","resource":"workshop_six:vanilla_outdoor_furniture/lantern_post_warped"},{"type":"single","resource":"easter_cos:14"},{"type":"single","resource":"easter_cos:13"},{"type":"single","resource":"easter_cos:12"},{"type":"single","resource":"survivalspawners:protectionbook"},{"type":"single","resource":"easter_cos:11"},{"type":"single","resource":"easter_cos:17"},{"type":"single","resource":"easter_cos:16"},{"type":"single","resource":"easter_cos:15"},{"type":"single","resource":"easter_cos:10"},{"type":"single","resource":"halloween-crate-open"},{"type":"single","resource":"betterranks:nails"},{"type":"single","resource":"survivalspawners:skeletonsoul"},{"type":"single","resource":"farming:scarecrow"},{"type":"single","resource":"easter_cos:08"},{"type":"single","resource":"survivalspawners:spidersoul"},{"type":"single","resource":"armor:ufo/animations/animations_sword"},{"type":"single","resource":"dungeons:marshsword"},{"type":"single","resource":"armor:sweetheart/sword"},{"type":"single","resource":"workshop_six:blacksmith_forge_furniture/blacksmith_weapon_stand_small"},{"type":"single","resource":"woods:tropical_planks"},{"type":"single","resource":"dungeons:16_light_sword"},{"type":"single","resource":"workshop_six:farm_furniture/chicken_coop"},{"type":"single","resource":"gens:9_jelly_pickaxe"},{"type":"single","resource":"seeds:seed/orange"},{"type":"single","resource":"workshop_six:vanilla_outdoor_furniture/crate_cherry"},{"type":"single","resource":"armor:violet/violet_boots_icon"},{"type":"single","resource":"workshop_six:vanilla_outdoor_furniture/signpost_dark_oak"},{"type":"single","resource":"diamond-crate-open"},{"type":"single","resource":"armor:mysticcyan/animations/animations_1"},{"type":"single","resource":"hoe_textures:lava_forge_hoe"},{"type":"single","resource":"betterranks:popcorn"},{"type":"single","resource":"farming:winter-crate-new"},{"type":"single","resource":"dungeons:93_glitch_sword"},{"type":"single","resource":"betterranks:angel"},{"type":"single","resource":"armor:ufo/sword"},{"type":"single","resource":"armor:beats/beats_leggings_icon"},{"type":"single","resource":"dungeons:86_chocolate_sword"},{"type":"single","resource":"workshop_six:blacksmith_forge_furniture/blacksmith_sword"},{"type":"single","resource":"survivalspawners:zombiesoul"},{"type":"single","resource":"other:mysticcyanrock"},{"type":"single","resource":"minerals:silver_ingot"},{"type":"single","resource":"armor:azure/helmet"},{"type":"single","resource":"workshop_six:essentials/nature_decor/glow_mushrooms_e"},{"type":"single","resource":"farming:pebble_1"},{"type":"single","resource":"farming:pebble_2"},{"type":"single","resource":"minerals:rosequartz_ore"},{"type":"single","resource":"_iainternal:icons/icon_left_blue"},{"type":"single","resource":"workshop_six:vanilla_outdoor_furniture/signpost_acacia"},{"type":"single","resource":"survivalspawners:slotbook"},{"type":"single","resource":"dungeons:starsword"},{"type":"single","resource":"farming:pebble_3"},{"type":"single","resource":"workshop_six:blacksmith_forge_furniture/blacksmith_shield"},{"type":"single","resource":"betterranks:blownose"},{"type":"single","resource":"minerals:rosequartz_ingot"},{"type":"single","resource":"workshop_six:vanilla_outdoor_furniture/lantern_post_dark_oak"},{"type":"single","resource":"magiccosmetics:itemss/cherry_offhand"},{"type":"single","resource":"detailed_tools:fire_sword"},{"type":"single","resource":"workshop_six:farm_furniture/farm_trough"},{"type":"single","resource":"workshop_six:vanilla_outdoor_furniture/large_crate_warped"},{"type":"single","resource":"vanilla_furnitures:bamboo_tige"},{"type":"single","resource":"workshop_six:vanilla_outdoor_furniture/crate_stack_mangrove"},{"type":"single","resource":"workshop_six:vanilla_outdoor_furniture/small_signpost_left_mangrove"},{"type":"single","resource":"betterranks:greenstars"},{"type":"single","resource":"gens:18_flower_pickaxe"},{"type":"single","resource":"betterranks:blueheart"},{"type":"single","resource":"workshop_six:vanilla_outdoor_furniture/well_oak"},{"type":"single","resource":"dungeons:treesword"},{"type":"single","resource":"workshop_six:vanilla_outdoor_furniture/well_jungle"},{"type":"single","resource":"dungeons:54_golden_trident"},{"type":"single","resource":"other:beatsrock"},{"type":"single","resource":"seeds:seed/apple_seed"},{"type":"single","resource":"armor:enderdragon/enderdragon_leggings_icon"},{"type":"single","resource":"vanilla_furnitures:lampe"},{"type":"single","resource":"magiccosmetics:itemss/cupcake_hat"},{"type":"single","resource":"detailed_tools:purple_sword"},{"type":"single","resource":"workshop_six:vanilla_outdoor_furniture/barrel_warped"},{"type":"single","resource":"workshop_six:vanilla_outdoor_furniture/well_spruce"},{"type":"single","resource":"minerals:amber_ingot"},{"type":"single","resource":"other:darkgreentotem"},{"type":"single","resource":"dungeons:47_greek_sword"},{"type":"single","resource":"minerals:ruby_block"},{"type":"single","resource":"omstore:valentine2024/teddy_bear"},{"type":"single","resource":"vanilla_furnitures:jungle_door_storage"},{"type":"single","resource":"magiccosmetics:itemss/scrap_drone_eyes"},{"type":"single","resource":"dungeons:45_bird_sword"},{"type":"single","resource":"armor:arcanist/sword"},{"type":"single","resource":"vanilla_furnitures:oak_planks"},{"type":"single","resource":"menus:global/price_credits_5500"},{"type":"single","resource":"workshop_six:vanilla_outdoor_furniture/small_signpost_right_mangrove"},{"type":"single","resource":"armor:easter/easter_leggings"},{"type":"single","resource":"crops:blueberrycrop"},{"type":"single","resource":"crop_armors:potato_leggings"},{"type":"single","resource":"minerals:iridium_ore"},{"type":"single","resource":"menus:global/blaze_powder_red"},{"type":"single","resource":"vanilla_furnitures:dark_oak_trapdoor_ss"},{"type":"single","resource":"other:normalkey"},{"type":"single","resource":"workshop_six:farm_furniture/farm_wall_rack"},{"type":"single","resource":"crops:corncrop"},{"type":"single","resource":"armor:fairy/fairy_chestplate_icon"},{"type":"single","resource":"detailed_tools:fire_hoe"},{"type":"single","resource":"armor:arcanist/arcanist_helmet_icon"},{"type":"single","resource":"workshop_six:vanilla_outdoor_furniture/wagon_birch"},{"type":"single","resource":"armor:beats/animations/animations_02"},{"type":"single","resource":"armor:fairy/sword"},{"type":"single","resource":"armor:beats/animations/animations_01"},{"type":"single","resource":"betterranks:crown"},{"type":"single","resource":"gens:5_spirit_pickaxe"},{"type":"single","resource":"magiccosmetics:itemss/molten_crown"},{"type":"single","resource":"dungeons:43_guts_sword"},{"type":"single","resource":"dungeons:53_tsunami_sword"},{"type":"single","resource":"workshop_six:vanilla_outdoor_furniture/barrel_stack_spruce"},{"type":"single","resource":"dungeons:90_gladiator_sword"},{"type":"single","resource":"workshop_six:vanilla_outdoor_furniture/crate_stack_bamboo"},{"type":"single","resource":"crop_armors:nether_wart_helmet"},{"type":"single","resource":"armor:ufo/animations/animations_ufo"},{"type":"single","resource":"other:angel_totem"},{"type":"single","resource":"gens:27_saw_pickaxe"},{"type":"single","resource":"seeds:seed/melon_seed"},{"type":"single","resource":"minerals:slime_ingot"},{"type":"single","resource":"dungeons:rubysword"},{"type":"single","resource":"minerals:hotpink_ore"},{"type":"single","resource":"magiccosmetics:menu/back"},{"type":"single","resource":"vanilla_furnitures:cherry_door_bottom"},{"type":"single","resource":"crop_armors:potato_helmet"},{"type":"single","resource":"crops:bananacrop"},{"type":"single","resource":"betterranks:redstars"},{"type":"single","resource":"other:treasure_totem2"},{"type":"single","resource":"magiccosmetics:itemss/demon_king_wings"},{"type":"single","resource":"armor:enderdragon/enderdragon_boots_icon"},{"type":"single","resource":"workshop_six:vanilla_outdoor_furniture/small_signpost_left_pale_oak"},{"type":"single","resource":"dungeons:twinsword"},{"type":"single","resource":"_iainternal:icons/icon_next_orange"},{"type":"single","resource":"easter_cos:8"},{"type":"single","resource":"easter_cos:9"},{"type":"single","resource":"easter_cos:7"},{"type":"single","resource":"easter_cos:4"},{"type":"single","resource":"dungeons:72_ruby_sword"},{"type":"single","resource":"easter_cos:2"},{"type":"single","resource":"easter_cos:3"},{"type":"single","resource":"betterranks:purplestars"},{"type":"single","resource":"workshop_six:vanilla_outdoor_furniture/bench_cherry"},{"type":"single","resource":"gens:15_leprechaun_pickaxe"},{"type":"single","resource":"easter_cos:1"},{"type":"single","resource":"farming:diamond-crate-new"},{"type":"single","resource":"crop_armors:sweet_berry_leggings"},{"type":"single","resource":"vanilla_furnitures:birch_sapling"},{"type":"single","resource":"dungeons:neonsword"},{"type":"single","resource":"dungeons:87_scissor_sword"},{"type":"single","resource":"winter-crate-new"},{"type":"single","resource":"armor:sweetheart/animations/animations_01"},{"type":"single","resource":"betterranks:angry"},{"type":"single","resource":"workshop_six:vanilla_outdoor_furniture/small_signpost_right_bamboo"},{"type":"single","resource":"workshop_six:fishing_furniture/fish_drying_rack_tall"},{"type":"single","resource":"workshop_six:vanilla_outdoor_furniture/small_signpost_right_cherry"},{"type":"single","resource":"gens:16_sun_pickaxe"},{"type":"single","resource":"workshop_six:vanilla_outdoor_furniture/large_crate_stack_oak"},{"type":"single","resource":"betterranks:cool"},{"type":"single","resource":"magiccosmetics:itemss/easter_egg_hat"},{"type":"single","resource":"dungeons:starwarssword"},{"type":"single","resource":"armor:violet/violet_leggings_icon"},{"type":"single","resource":"crops:cornsprite"},{"type":"single","resource":"gens:6_rainbow_pickaxe"},{"type":"single","resource":"armor:azure/azure_leggings_icon"},{"type":"single","resource":"woods:autumn_log_side"},{"type":"single","resource":"menus:global/blaze_powder_gray"},{"type":"single","resource":"dungeons:95_demon_wings_sword"},{"type":"single","resource":"armor:azure/sword"},{"type":"single","resource":"other:nature_totem"},{"type":"single","resource":"other:littledragonrock"},{"type":"single","resource":"dungeons:42_lostvayne_sword"},{"type":"single","resource":"gold-crate"},{"type":"single","resource":"dungeons:bluescythe"},{"type":"single","resource":"dungeons:steampipesword"},{"type":"single","resource":"other:goldcoin"},{"type":"single","resource":"magiccosmetics:itemss/birthday_spoon"},{"type":"single","resource":"other:cointotem"},{"type":"single","resource":"other:fire_totem"},{"type":"single","resource":"workshop_six:vanilla_outdoor_furniture/crate_stack_spruce"},{"type":"single","resource":"betterranks:wink"},{"type":"single","resource":"woods:winter_leaves"},{"type":"single","resource":"betterranks:party"},{"type":"single","resource":"vanilla_furnitures:bamboo_storage"},{"type":"single","resource":"workshop_six:farm_furniture/weather_vane"},{"type":"single","resource":"magiccosmetics:itemss/mad_scientist_hat"},{"type":"single","resource":"vanilla_furnitures:birch_planks"},{"type":"single","resource":"betterranks:prefixicon"},{"type":"single","resource":"gens:6_fire_pickaxe"},{"type":"single","resource":"workshop_six:vanilla_outdoor_furniture/small_signpost_right_oak"},{"type":"single","resource":"workshop_six:vanilla_outdoor_furniture/lamppost_warped"},{"type":"single","resource":"minerals:raw_jade"},{"type":"single","resource":"gens:26_ai_pickaxe"},{"type":"single","resource":"armor:winter/winter_boots_icon"},{"type":"single","resource":"workshop_six:vanilla_outdoor_furniture/well_mangrove"},{"type":"single","resource":"detailed_tools:water_pickaxe"},{"type":"single","resource":"hoe_textures:aquametal_hoe"},{"type":"single","resource":"_iainternal:icons/icon_search"},{"type":"single","resource":"crop_armors:wheat_helmet"},{"type":"single","resource":"crop_armors:beetroot_helmet"},{"type":"single","resource":"diamond-crate-new"},{"type":"single","resource":"minerals:mythril_ingot"},{"type":"single","resource":"armor:beats/beats_chestplate_icon"},{"type":"single","resource":"dungeons:77_dark_amethyst_sword"},{"type":"single","resource":"dungeons:prismarinesword"},{"type":"single","resource":"workshop_six:vanilla_outdoor_furniture/signpost_cherry"},{"type":"single","resource":"vanilla_furnitures:stripped_crimson_stem"},{"type":"single","resource":"vanilla_furnitures:crimson_trapdoor"},{"type":"single","resource":"workshop_six:vanilla_outdoor_furniture/lamppost_dark_oak"},{"type":"single","resource":"detailed_tools:blue_sword"},{"type":"single","resource":"dungeons:89_mace"},{"type":"single","resource":"dungeons:60_money_sword"},{"type":"single","resource":"armor:littledragon/littledragon_boots_icon"},{"type":"single","resource":"other:lightbluecoin"},{"type":"single","resource":"armor:winter/sword"},{"type":"single","resource":"armor:fairy/fairy_leggings_icon"},{"type":"single","resource":"workshop_six:vanilla_outdoor_furniture/bench_pale_oak"},{"type":"single","resource":"dungeons:planetsword"},{"type":"single","resource":"hibiscus_cosmetics:mannequin"},{"type":"single","resource":"detailed_tools:purple_pickaxe"},{"type":"single","resource":"workshop_six:vanilla_outdoor_furniture/barrel_stack_mangrove"},{"type":"single","resource":"armor:saintpatrick/saintpatrick_boots_icon"},{"type":"single","resource":"hoeitemframe:pickaxeitemframe"},{"type":"single","resource":"gens:1_dark_cloud_pickaxe"},{"type":"single","resource":"other:rubytotem"},{"type":"single","resource":"workshop_six:vanilla_outdoor_furniture/crate_spruce"},{"type":"single","resource":"dungeons:12_devil_trident"},{"type":"single","resource":"betterranks:namepainticon"},{"type":"single","resource":"vanilla_furnitures:cherry_planks"},{"type":"single","resource":"gens:11_bee_pickaxe"},{"type":"single","resource":"betterranks2:booster"},{"type":"single","resource":"minerals:toxic_ingot"},{"type":"single","resource":"betterranks2:lowtide"},{"type":"single","resource":"armor:winter/winter_helmet_icon"},{"type":"single","resource":"workshop_six:vanilla_outdoor_furniture/crate_acacia"},{"type":"single","resource":"dungeons:pinkstarsword"},{"type":"single","resource":"armor:violet/violet_helmet_icon"},{"type":"single","resource":"vanilla_furnitures:stripped_oak_log"},{"type":"single","resource":"vanilla_furnitures:cherry_storage"},{"type":"single","resource":"armor:littledragon/animations/animations_flame_02"},{"type":"single","resource":"armor:littledragon/animations/animations_flame_01"},{"type":"single","resource":"dungeons:spacesword"},{"type":"single","resource":"crop_armors:nether_wart_leggings"},{"type":"single","resource":"betterranks:coloursunflower"},{"type":"single","resource":"crops:cucumbercrop"},{"type":"single","resource":"vanilla_furnitures:dark_oak_trapdoor"},{"type":"single","resource":"minerals:raw_jade_block"},{"type":"single","resource":"workshop_six:essentials/nature_decor/brown_mushrooms"},{"type":"single","resource":"detailed_tools:laser_pickaxe"},{"type":"single","resource":"armor:winter/winter_chestplate_icon"},{"type":"single","resource":"workshop_six:vanilla_outdoor_furniture/large_crate_dark_oak"},{"type":"single","resource":"magiccosmetics:itemss/medusa_necks_up"},{"type":"single","resource":"minerals:ruby"},{"type":"single","resource":"survivalspawners:magmasoul"},{"type":"single","resource":"workshop_six:vanilla_outdoor_furniture/barrel_oak"},{"type":"single","resource":"betterranks:yinyang"},{"type":"single","resource":"hoe_textures:meteorite_hoe"},{"type":"single","resource":"armor:iridium/iridium_helmet"},{"type":"single","resource":"workshop_six:vanilla_outdoor_furniture/large_crate_stack_spruce"},{"type":"single","resource":"armor:arcanist/arcanist_chestplate_icon"},{"type":"single","resource":"armor:saintpatrick/sword"},{"type":"single","resource":"detailed_tools:red_hoe"},{"type":"single","resource":"workshop_six:vanilla_outdoor_furniture/small_signpost_right_jungle"},{"type":"single","resource":"armor:iridium/iridium_pickaxe"},{"type":"single","resource":"dungeons:1_eye_sword"},{"type":"single","resource":"detailed_tools:blackhole_hoe"},{"type":"single","resource":"woods:tropical_leaves"},{"type":"single","resource":"other:goldtrophy"},{"type":"single","resource":"gens:22_space_pickaxe"},{"type":"single","resource":"woods:winter_log_top"},{"type":"single","resource":"vanilla_furnitures:stripped_acacia_log"},{"type":"single","resource":"woods:winter_planks"},{"type":"single","resource":"vanilla_furnitures:pale_oak_planks"},{"type":"single","resource":"menus:global/blaze_powder_green"},{"type":"single","resource":"workshop_six:vanilla_outdoor_furniture/lantern_post_oak"},{"type":"single","resource":"armor:nexus/nexus_helmet_icon"},{"type":"single","resource":"other:greendice"},{"type":"single","resource":"minerals:jade_nugget"},{"type":"single","resource":"gens:12_elemental_pickaxe"},{"type":"single","resource":"minerals:malachite_ingot"},{"type":"single","resource":"magiccosmetics:itemss/medusa_tendril"},{"type":"single","resource":"minerals:end_ingot"},{"type":"single","resource":"armor:nexus/nexus_boots_icon"},{"type":"single","resource":"minerals:iridium"},{"type":"single","resource":"workshop_six:fishing_furniture/fish_hanging_rack_large"},{"type":"single","resource":"other:perkscroll"},{"type":"single","resource":"vanilla_furnitures:cherry_sapling"},{"type":"single","resource":"crops:tomatocrop"},{"type":"single","resource":"dungeons:88_litch_sword"},{"type":"single","resource":"workshop_six:essentials/nature_decor/glow_mushrooms_large"},{"type":"single","resource":"betterranks:hot"},{"type":"single","resource":"gens:24_unicorn_pickaxe"},{"type":"single","resource":"magiccosmetics:itemss/medusa_hair"},{"type":"single","resource":"dungeons:9_snowy_sword"},{"type":"single","resource":"minerals:iridium_block"},{"type":"single","resource":"dungeons:spidersword"},{"type":"single","resource":"workshop_six:vanilla_outdoor_furniture/crate_stack_oak"},{"type":"single","resource":"armor:violet/violet_chestplate_icon"},{"type":"single","resource":"betterranks:goldheart"},{"type":"single","resource":"magiccosmetics:menu/next"},{"type":"single","resource":"workshop_six:vanilla_outdoor_furniture/small_signpost_left_warped"},{"type":"single","resource":"workshop_six:essentials/nature_decor/clover_flowers"},{"type":"single","resource":"betterranks:cottoncandy"},{"type":"single","resource":"minerals:malachite_ore"},{"type":"single","resource":"hoe_textures:adamantite_hoe"},{"type":"single","resource":"other:moneytotem"},{"type":"single","resource":"betterranks:darkredheart"},{"type":"single","resource":"minerals:iridium_ingot"},{"type":"single","resource":"gens:21_oceanic_axe"},{"type":"single","resource":"workshop_six:vanilla_outdoor_furniture/lamppost_birch"},{"type":"single","resource":"workshop_six:fishing_furniture/fish_hanging_rack"},{"type":"single","resource":"dungeons:21_ghastly_sword"},{"type":"single","resource":"workshop_six:blacksmith_forge_furniture/blacksmith_sword_wall_rack"},{"type":"single","resource":"workshop_six:vanilla_outdoor_furniture/large_crate_birch"},{"type":"single","resource":"crop_armors:potato_chestplate"},{"type":"single","resource":"workshop_six:vanilla_outdoor_furniture/crate_stack_pale_oak"},{"type":"single","resource":"gens:4_aquamarine_pickaxe"},{"type":"single","resource":"workshop_six:fishing_furniture/fish_station"},{"type":"single","resource":"armor:iridium/iridium_axe"},{"type":"single","resource":"workshop_six:vanilla_outdoor_furniture/crate_stack_jungle"},{"type":"single","resource":"workshop_six:vanilla_outdoor_furniture/lantern_post_crimson"},{"type":"single","resource":"workshop_six:vanilla_outdoor_furniture/crate_dark_oak"},{"type":"single","resource":"workshop_six:essentials/nature_decor/plant"},{"type":"single","resource":"dungeons:34_snow_trident"},{"type":"single","resource":"dungeons:13_dinosaur_sword"},{"type":"single","resource":"vanilla_furnitures:mangrove_planks"},{"type":"single","resource":"dungeons:poisonsword"},{"type":"single","resource":"farming:elemental-crate"},{"type":"single","resource":"dungeons:portalsword"},{"type":"single","resource":"detailed_tools:blue_hoe"},{"type":"single","resource":"betterranks:easteregg"},{"type":"single","resource":"gens:8_shadow_pickaxe"},{"type":"single","resource":"detailed_tools:red_pickaxe"},{"type":"single","resource":"betterranks2:blueberryicon"},{"type":"single","resource":"seeds:seed/sweet_berries_seed"},{"type":"single","resource":"workshop_six:vanilla_outdoor_furniture/small_signpost_left_jungle"},{"type":"single","resource":"magiccosmetics:itemss/cupcake_wings"},{"type":"single","resource":"blank"},{"type":"single","resource":"workshop_six:vanilla_outdoor_furniture/well_acacia"},{"type":"single","resource":"other:winterrock"},{"type":"single","resource":"farming:rock2"},{"type":"single","resource":"farming:rock1"},{"type":"single","resource":"workshop_six:vanilla_outdoor_furniture/large_crate_stack_mangrove"},{"type":"single","resource":"crops:lettucecrop"},{"type":"single","resource":"dungeons:purpleflamesword"},{"type":"single","resource":"farming:rock3"},{"type":"single","resource":"betterranks:rankicon3"},{"type":"single","resource":"gens:9_tree_pickaxe"},{"type":"single","resource":"betterranks:rankicon2"},{"type":"single","resource":"betterranks:rankicon5"},{"type":"single","resource":"betterranks:rankicon4"},{"type":"single","resource":"betterranks:rankicon7"},{"type":"single","resource":"betterranks:rankicon6"},{"type":"single","resource":"dungeons:20_barbarian_sword"},{"type":"single","resource":"betterranks2:springtide"},{"type":"single","resource":"silver-crate"},{"type":"single","resource":"dungeons:46_emerald_sword"},{"type":"single","resource":"other:pinktotem"},{"type":"single","resource":"workshop_six:essentials/nature_decor/cattails"},{"type":"single","resource":"crops:corn"},{"type":"single","resource":"other:redcoin"},{"type":"single","resource":"valentine_item_pack:love_letter"},{"type":"single","resource":"dungeons:eclipsesword"},{"type":"single","resource":"workshop_six:essentials/nature_decor/glow_mushrooms"},{"type":"single","resource":"dungeons:flamesword"},{"type":"single","resource":"other:rustykey"},{"type":"single","resource":"workshop_six:fishing_furniture/tackle_box_blue"},{"type":"single","resource":"betterranks:tagicon"},{"type":"single","resource":"workshop_six:vanilla_outdoor_furniture/barrel_acacia"},{"type":"single","resource":"magiccosmetics:itemss/electrified_frankstein_pitchfork"},{"type":"single","resource":"detailed_tools:rainbow_axe"},{"type":"single","resource":"magiccosmetics:itemss/cat_witch_tail"},{"type":"single","resource":"gens:3_solar_pickaxe"},{"type":"single","resource":"dungeons:darksword"},{"type":"single","resource":"magiccosmetics:itemss/electrified_frankstein_screws"},{"type":"single","resource":"vanilla_furnitures:sofa"},{"type":"single","resource":"gens:13_purple_flame_pickaxe"},{"type":"single","resource":"workshop_six:vanilla_outdoor_furniture/small_signpost_left_spruce"},{"type":"single","resource":"dungeons:70_riven_sword"},{"type":"single","resource":"workshop_six:vanilla_outdoor_furniture/signpost_warped"},{"type":"single","resource":"seeds:seed/mango_seed"},{"type":"single","resource":"betterranks:redheart"},{"type":"single","resource":"dungeons:22_farm_sword"},{"type":"single","resource":"gens:13_purple_flame_axe"},{"type":"single","resource":"easter_cos:016"},{"type":"single","resource":"vanilla_furnitures:stripped_pale_oak_log_top"},{"type":"single","resource":"betterranks:woodtrophy"},{"type":"single","resource":"workshop_six:fishing_furniture/fishing_rod_stand"},{"type":"single","resource":"dungeons:3_yinyang_sword"},{"type":"single","resource":"valentine_item_pack:valentine_message"},{"type":"single","resource":"seeds:seed/dragon_fruit_seed"},{"type":"single","resource":"dungeons:35_tree_sword"},{"type":"single","resource":"dungeons:79_bismuth_sword"},{"type":"single","resource":"farming:wooden_wagon"},{"type":"single","resource":"workshop_six:vanilla_outdoor_furniture/lantern_post_acacia"},{"type":"single","resource":"betterranks:orangeheart"},{"type":"single","resource":"dungeons:angelsword"},{"type":"single","resource":"workshop_six:vanilla_outdoor_furniture/wagon_crimson"},{"type":"single","resource":"vanilla_furnitures:bamboo_small_leaves"},{"type":"single","resource":"detailed_tools:purple_pickaxe1"},{"type":"single","resource":"armor:inferno/inferno_boots_icon"},{"type":"single","resource":"gens:11_purple_flame_pickaxe2"},{"type":"single","resource":"magiccosmetics:itemss/star_wings"},{"type":"single","resource":"armor:arcanist/animations/animations_2"},{"type":"single","resource":"armor:arcanist/animations/animations_1"},{"type":"single","resource":"workshop_six:vanilla_outdoor_furniture/crate_oak"},{"type":"single","resource":"workshop_six:vanilla_outdoor_furniture/well_bamboo"},{"type":"single","resource":"betterranks:bluestars"},{"type":"single","resource":"magiccosmetics:itemss/mistletoe_wings"},{"type":"single","resource":"crop_armors:carrot_helmet"},{"type":"single","resource":"workshop_six:vanilla_outdoor_furniture/barrel_stack_cherry"},{"type":"single","resource":"dungeons:78_aquamarine_sword"},{"type":"single","resource":"crop_armors:sugarcane_chestplate"},{"type":"single","resource":"betterranks:blush"},{"type":"single","resource":"_iainternal:icons/icon_right_blue"},{"type":"single","resource":"gens:10_bone_pickaxe"},{"type":"single","resource":"dungeons:97_bee_sword"},{"type":"single","resource":"seeds:seed/papaya"},{"type":"single","resource":"dungeons:57_panda_sword"},{"type":"single","resource":"vanilla_furnitures:acacia_planks"},{"type":"single","resource":"gens:5_garden_pickaxe"},{"type":"single","resource":"survivalspawners:blazesoul"},{"type":"single","resource":"workshop_six:vanilla_outdoor_furniture/large_crate_stack_cherry"},{"type":"single","resource":"crop_armors:beetroot_leggings"},{"type":"single","resource":"gens:11_bee_scythe"},{"type":"single","resource":"minerals:end_ore"},{"type":"single","resource":"workshop_six:vanilla_outdoor_furniture/crate_pale_oak"},{"type":"single","resource":"dungeons:roboticsword"},{"type":"single","resource":"woods:cherry_log_top"},{"type":"single","resource":"woods:tropical_log_top"},{"type":"single","resource":"armor:sweetheart/sweetheart_boots_icon"},{"type":"single","resource":"dungeons:sunsword"},{"type":"single","resource":"dungeons:bonesword"},{"type":"single","resource":"woods:hell_log_side"},{"type":"single","resource":"workshop_six:vanilla_outdoor_furniture/well_pale_oak"},{"type":"single","resource":"seeds:seed/glow_berries_seed"},{"type":"single","resource":"workshop_six:vanilla_outdoor_furniture/small_signpost_left_bamboo"},{"type":"single","resource":"vanilla_furnitures:jungle_door_bottom"},{"type":"single","resource":"armor:easter/easter_helmet"},{"type":"single","resource":"dungeons:18_spider_sword"},{"type":"single","resource":"workshop_six:vanilla_outdoor_furniture/crate_stack_dark_oak"},{"type":"single","resource":"_iainternal:icons/icon_cancel"},{"type":"single","resource":"workshop_six:vanilla_outdoor_furniture/small_signpost_left_birch"},{"type":"single","resource":"workshop_six:farm_furniture/cart"},{"type":"single","resource":"armor:iridium/iridium_chestplate"},{"type":"single","resource":"valentine_item_pack:valentine_ring"},{"type":"single","resource":"dungeons:29_jelly_sword"},{"type":"single","resource":"other:clown_totem"},{"type":"single","resource":"detailed_tools:purple_hoe"},{"type":"single","resource":"armor:azure/azure_helmet_icon"},{"type":"single","resource":"dungeons:98_amethyst_sword"},{"type":"single","resource":"dungeons:medievalsword"},{"type":"single","resource":"workshop_six:blacksmith_forge_furniture/blacksmith_water_bath"},{"type":"single","resource":"gens:14_barbarian_pickaxe"},{"type":"single","resource":"magiccosmetics:itemss/mistletoe_staff"},{"type":"single","resource":"workshop_six:vanilla_outdoor_furniture/barrel_stack_oak"},{"type":"single","resource":"magiccosmetics:itemss/spirit_dragons"},{"type":"single","resource":"betterranks2:lettuceicon"},{"type":"single","resource":"gens:21_oceanic_pickaxe"},{"type":"single","resource":"woods:hell_log_top"},{"type":"single","resource":"orange-crate"},{"type":"single","resource":"armor:inferno/animations/animations_2"},{"type":"single","resource":"workshop_six:vanilla_outdoor_furniture/signpost_crimson"},{"type":"single","resource":"dungeons:75_rose_quartz"},{"type":"single","resource":"help:info_block_blink"},{"type":"single","resource":"crop_armors:beetroot_chestplate"},{"type":"single","resource":"workshop_six:vanilla_outdoor_furniture/bench_spruce"},{"type":"single","resource":"workshop_six:vanilla_outdoor_furniture/barrel_stack_pale_oak"},{"type":"single","resource":"vanilla_furnitures:dark_oak_sapling"},{"type":"single","resource":"help:info_block"},{"type":"single","resource":"other:azurerock"},{"type":"single","resource":"armor:littledragon/littledragon_chestplate_icon"},{"type":"single","resource":"minerals:mythril_ore"},{"type":"single","resource":"armor:azure/azure_boots_icon"},{"type":"single","resource":"betterranks:thumbsdown"},{"type":"single","resource":"dungeons:74_zapphire_sword"},{"type":"single","resource":"woods:tropical_log_side"},{"type":"single","resource":"gens:21_carrot_pickaxe"},{"type":"single","resource":"workshop_six:vanilla_outdoor_furniture/well_crimson"},{"type":"single","resource":"vanilla_furnitures:cherry_door_top"},{"type":"single","resource":"crop_armors:nether_wart_chestplate"},{"type":"single","resource":"magiccosmetics:itemss/stars"},{"type":"single","resource":"armor:mysticcyan/sword"},{"type":"single","resource":"workshop_six:vanilla_outdoor_furniture/barrel_mangrove"},{"type":"single","resource":"workshop_six:vanilla_outdoor_furniture/wagon_cherry"},{"type":"single","resource":"dungeons:96_leprechaun_sword"},{"type":"single","resource":"armor:enderdragon/sword"},{"type":"single","resource":"other:tooltotem"},{"type":"single","resource":"vanilla_furnitures:stripped_cherry_log"},{"type":"single","resource":"dungeons:24_spikes_swords"},{"type":"single","resource":"gens:17_portal_axe"},{"type":"single","resource":"magiccosmetics:itemss/star_sparkler"},{"type":"single","resource":"dungeons:40_garden_sword"},{"type":"single","resource":"armor:saintpatrick/saintpatrick_helmet_icon"},{"type":"single","resource":"hoe_textures:bluesteel_hoe"},{"type":"single","resource":"workshop_six:blacksmith_forge_furniture/blacksmith_forge"},{"type":"single","resource":"dungeons:lightningsword"},{"type":"single","resource":"dungeons:50_wizard_sword"},{"type":"single","resource":"gens:12_earthquake_pickaxe"},{"type":"single","resource":"betterranks2:wise"},{"type":"single","resource":"dungeons:17_sand_sword"},{"type":"single","resource":"woods:enchanted_log_top"},{"type":"single","resource":"magiccosmetics:itemss/cat_witch_wand"},{"type":"single","resource":"other:enchantedkey"},{"type":"single","resource":"dungeons:66_buster_sword"},{"type":"single","resource":"workshop_six:vanilla_outdoor_furniture/large_crate_oak"},{"type":"single","resource":"armor:azure/azure_chestplate_icon"},{"type":"single","resource":"betterranks:drool"},{"type":"single","resource":"dungeons:38_cherry_sword"},{"type":"single","resource":"armor:fairy/fairy_boots_icon"},{"type":"single","resource":"dungeons:6_warped_sword"},{"type":"single","resource":"dungeons:7_crimson_sword"},{"type":"single","resource":"workshop_six:essentials/nature_decor/brown_mushrooms_large"},{"type":"single","resource":"vanilla_furnitures:acacia_trapdoor"},{"type":"single","resource":"hoe_textures:mythril_hoe"},{"type":"single","resource":"farming:gold-crate"},{"type":"single","resource":"dungeons:23_flower_sword"},{"type":"single","resource":"dungeons:rainbowsword"},{"type":"single","resource":"betterranks:whatever"},{"type":"single","resource":"orange-crate-open"},{"type":"single","resource":"betterranks:clown"},{"type":"single","resource":"magiccosmetics:itemss/chick_animation_2"},{"type":"single","resource":"magiccosmetics:itemss/chick_animation_1"},{"type":"single","resource":"magiccosmetics:itemss/chick_nest"},{"type":"single","resource":"farming:silver-crate"},{"type":"single","resource":"hoe_textures:phantom_hoe"},{"type":"single","resource":"magiccosmetics:itemss/mad_scientist_back"},{"type":"single","resource":"magiccosmetics:itemss/saturn"},{"type":"single","resource":"other:ocean_totem"},{"type":"single","resource":"gens:25_steampipe_pickaxe"},{"type":"single","resource":"magiccosmetics:itemss/star_hat"},{"type":"single","resource":"betterranks:flower_bouquet"},{"type":"single","resource":"armor:inferno/inferno_chestplate_icon"},{"type":"single","resource":"hoe_textures:advanced_hoe"},{"type":"single","resource":"minerals:rainbowquartz_ingot"},{"type":"single","resource":"workshop_six:vanilla_outdoor_furniture/small_signpost_right_spruce"},{"type":"single","resource":"armor:inferno/inferno_helmet_icon"},{"type":"single","resource":"hoeitemframe:axeitemframe"},{"type":"single","resource":"armor:mysticcyan/animations/animations_sword"},{"type":"single","resource":"dungeons:toxicsword"},{"type":"single","resource":"betterranks2:cornicon"},{"type":"single","resource":"workshop_six:vanilla_outdoor_furniture/crate_stack_warped"},{"type":"single","resource":"workshop_six:essentials/nature_decor/orange_mushrooms"},{"type":"single","resource":"vanilla_furnitures:mangrove_door_bottom"},{"type":"single","resource":"crop_armors:carrot_chestplate"},{"type":"single","resource":"seeds:seed/chorus_fruit_seed"},{"type":"single","resource":"other:halloweencandy"},{"type":"single","resource":"minerals:slime_ore"},{"type":"single","resource":"workshop_six:vanilla_outdoor_furniture/bulletin_board_crimson"},{"type":"single","resource":"magiccosmetics:itemss/molten_wings"},{"type":"single","resource":"farming:blank"},{"type":"single","resource":"dungeons:36_dark_cloud_sword"},{"type":"single","resource":"workshop_six:vanilla_outdoor_furniture/crate_birch"},{"type":"single","resource":"farming:anniversary-crate"},{"type":"single","resource":"vanilla_furnitures:warped_stem_top"},{"type":"single","resource":"workshop_six:vanilla_outdoor_furniture/large_crate_acacia"},{"type":"single","resource":"workshop_six:vanilla_outdoor_furniture/well_warped"},{"type":"single","resource":"dungeons:10_dark_matter_sword"},{"type":"single","resource":"magiccosmetics:itemss/snowflake_crown"},{"type":"single","resource":"survivalspawners:cavespidersoul"},{"type":"single","resource":"dungeons:icesword"},{"type":"single","resource":"betterranks:devil"},{"type":"single","resource":"other:fairyrock"},{"type":"single","resource":"armor:easter/sword"},{"type":"single","resource":"workshop_six:essentials/nature_decor/rock_2"},{"type":"single","resource":"workshop_six:essentials/nature_decor/rock_3"},{"type":"single","resource":"dungeons:15_coral_sword"},{"type":"single","resource":"workshop_six:vanilla_outdoor_furniture/bench_crimson"},{"type":"single","resource":"workshop_six:essentials/nature_decor/rock_4"},{"type":"single","resource":"workshop_six:vanilla_outdoor_furniture/crate_stack_acacia"},{"type":"single","resource":"workshop_six:essentials/nature_decor/red_mushrooms"},{"type":"single","resource":"armor:nexus/animations/animations_bolt"},{"type":"single","resource":"workshop_six:vanilla_outdoor_furniture/large_crate_stack_acacia"},{"type":"single","resource":"crops:ero_machine"},{"type":"single","resource":"dungeons:wizardstaff"},{"type":"single","resource":"survivalspawners:safarinet"},{"type":"single","resource":"magiccosmetics:itemss/mad_scientist_scalpel"},{"type":"single","resource":"magiccosmetics:itemss/demon_king_scythe"},{"type":"single","resource":"dungeons:piratesword"},{"type":"single","resource":"gens:6_fire_axe"},{"type":"single","resource":"betterranks:rankicone5"},{"type":"single","resource":"betterranks:rankicone4"},{"type":"single","resource":"betterranks:rankicone3"},{"type":"single","resource":"woods:enchanted_log_side"},{"type":"single","resource":"betterranks:rankicone2"},{"type":"single","resource":"betterranks:rankicone1"},{"type":"single","resource":"workshop_six:vanilla_outdoor_furniture/small_signpost_right_warped"},{"type":"single","resource":"minerals:deepslate_iridium_ore"},{"type":"single","resource":"workshop_six:vanilla_outdoor_furniture/lamppost_crimson"},{"type":"single","resource":"crescent_studios/halloween_2024_cosmetics/electrified_frankstein_back_fuses"},{"type":"single","resource":"detailed_tools:blackhole_sword"},{"type":"single","resource":"workshop_six:vanilla_outdoor_furniture/small_signpost_left_dark_oak"},{"type":"single","resource":"valentine_item_pack:pink_teddy_bear"},{"type":"single","resource":"workshop_six:vanilla_outdoor_furniture/small_signpost_right_birch"},{"type":"single","resource":"dungeons:devilsword"},{"type":"single","resource":"hoe_textures:prometheum_hoe"},{"type":"single","resource":"magiccosmetics:itemss/ring"},{"type":"single","resource":"other:reddice"},{"type":"single","resource":"workshop_six:vanilla_outdoor_furniture/bulletin_board_jungle"},{"type":"single","resource":"workshop_six:vanilla_outdoor_furniture/large_crate_spruce"},{"type":"single","resource":"betterranks:rainbow"},{"type":"single","resource":"armor:inferno/sword"},{"type":"single","resource":"betterranks:fire"},{"type":"single","resource":"dungeons:32_rose_sword"},{"type":"single","resource":"dungeons:49_brush_sword"},{"type":"single","resource":"workshop_six:vanilla_outdoor_furniture/signpost_oak"},{"type":"single","resource":"workshop_six:vanilla_outdoor_furniture/signpost_bamboo"},{"type":"single","resource":"magiccosmetics:itemss/medusa_necks_0"},{"type":"single","resource":"gens:9_tree_scythe"},{"type":"single","resource":"gens:7_snow_pickaxe"},{"type":"single","resource":"workshop_six:vanilla_outdoor_furniture/large_crate_stack_crimson"},{"type":"single","resource":"magiccosmetics:itemss/stellar_hat"},{"type":"single","resource":"minerals:rainbow_ore"},{"type":"single","resource":"betterranks2:experience"},{"type":"single","resource":"crops:cucumbersprite"},{"type":"single","resource":"dungeons:fireworksword"},{"type":"single","resource":"elemental-crate"},{"type":"single","resource":"gens:18_lightning_pickaxe"},{"type":"single","resource":"armor:sweetheart/sweetheart_helmet_icon"},{"type":"single","resource":"betterranks:dance"},{"type":"single","resource":"anniversary-crate-open"},{"type":"single","resource":"magiccosmetics:itemss/marauder_augments"},{"type":"single","resource":"valentine_item_pack:chocolate_heart"},{"type":"single","resource":"betterranks2:waterwave"},{"type":"single","resource":"vanilla_furnitures:warped_roots"},{"type":"single","resource":"other:bluecoin"},{"type":"single","resource":"dungeons:samuraisword"},{"type":"single","resource":"armor:enderdragon/enderdragon_helmet_icon"},{"type":"single","resource":"workshop_six:vanilla_outdoor_furniture/wagon_spruce"},{"type":"single","resource":"hoe_textures:nuclear_core_hoe"},{"type":"single","resource":"armor:saintpatrick/saintpatrick_chestplate_icon"},{"type":"single","resource":"magiccosmetics:itemss/punkpin_guitar"},{"type":"single","resource":"vanilla_furnitures:jungle_planks"},{"type":"single","resource":"magiccosmetics:itemss/molten_staff"},{"type":"single","resource":"other:easterrock"},{"type":"single","resource":"crop_armors:sweet_berry_chestplate"},{"type":"single","resource":"vanilla_furnitures:cherry_trapdoor"},{"type":"single","resource":"workshop_six:vanilla_outdoor_furniture/barrel_crimson"},{"type":"single","resource":"workshop_six:essentials/nature_decor/rock_1"},{"type":"single","resource":"menus:global/chest_minecart_gold"},{"type":"single","resource":"armor:violet/helmet"},{"type":"single","resource":"crops:blueberry"},{"type":"single","resource":"workshop_six:vanilla_outdoor_furniture/barrel_stack_dark_oak"},{"type":"single","resource":"vanilla_furnitures:warped_planks"},{"type":"single","resource":"vanilla_furnitures:curtains"},{"type":"single","resource":"vanilla_furnitures:birch_storage"},{"type":"single","resource":"armor:enderdragon/enderdragon_chestplate_icon"},{"type":"single","resource":"gens:7_snow_axe"},{"type":"single","resource":"dungeons:80_turquesa_sword"},{"type":"single","resource":"vanilla_furnitures:jungle_sapling"},{"type":"single","resource":"dungeons:sawsword"},{"type":"single","resource":"crop_armors:beetroot_boots"},{"type":"single","resource":"dungeons:elementalsword"},{"type":"single","resource":"workshop_six:vanilla_outdoor_furniture/bulletin_board_cherry"},{"type":"single","resource":"gens:14_eclipse_pickaxe"},{"type":"single","resource":"workshop_six:vanilla_outdoor_furniture/small_signpost_right_crimson"},{"type":"single","resource":"dungeons:scissorsword"},{"type":"single","resource":"magiccosmetics:menu/next_gray"},{"type":"single","resource":"hoe_textures:dark_iron_hoe"},{"type":"single","resource":"magiccosmetics:itemss/chick_wing_1"},{"type":"single","resource":"magiccosmetics:itemss/chick_wing_2"},{"type":"single","resource":"gens:20_electric_pickaxe"},{"type":"single","resource":"valentineset:chest"},{"type":"single","resource":"gens:7_candycane_pickaxe"},{"type":"single","resource":"other:nexusrock"},{"type":"single","resource":"gens:8_shadow_scythe"},{"type":"single","resource":"dungeons:futuristicsword"},{"type":"single","resource":"workshop_six:vanilla_outdoor_furniture/wagon_mangrove"},{"type":"single","resource":"dungeons:48_dinosaur_egg_sword"},{"type":"single","resource":"other:woodkey"},{"type":"single","resource":"magiccosmetics:itemss/stars_1"},{"type":"single","resource":"dungeons:63_demon_sword"},{"type":"single","resource":"magiccosmetics:itemss/stars_0"},{"type":"single","resource":"gens:10_bone_axe"},{"type":"single","resource":"gens:28_dark_pickaxe"},{"type":"single","resource":"vanilla_furnitures:acacia_sapling"},{"type":"single","resource":"vanilla_furnitures:mangrove_plant"},{"type":"single","resource":"dungeons:19_excalibur"},{"type":"single","resource":"valentine_item_pack:candy"},{"type":"single","resource":"vanilla_furnitures:moss_block"},{"type":"single","resource":"armor:iridium/iridium_sword"},{"type":"single","resource":"dungeons:81_burn_sword"},{"type":"single","resource":"workshop_six:vanilla_outdoor_furniture/bulletin_board_mangrove"},{"type":"single","resource":"hoe_textures:void_hoe"},{"type":"single","resource":"other:lakekey"},{"type":"single","resource":"magiccosmetics:itemss/scrap_drone_fan"},{"type":"single","resource":"valentine_item_pack:valentine_lock"},{"type":"single","resource":"workshop_six:vanilla_outdoor_furniture/small_signpost_right_dark_oak"},{"type":"single","resource":"workshop_six:vanilla_outdoor_furniture/bench_dark_oak"},{"type":"single","resource":"betterranks:orangestars"},{"type":"single","resource":"valentine_item_pack:heart_glass"},{"type":"single","resource":"betterranks:chatcoloricone3"},{"type":"single","resource":"betterranks:chatcoloricone2"},{"type":"single","resource":"magiccosmetics:itemss/nomad_hammer"},{"type":"single","resource":"betterranks:chatcoloricone1"},{"type":"single","resource":"gens:8_flash_pickaxe"},{"type":"single","resource":"dungeons:76_amber_sword"},{"type":"single","resource":"betterranks:moneytrophy"},{"type":"single","resource":"vanilla_furnitures:birch_door_top"},{"type":"single","resource":"gamula/cosmetics/hats/carpenter_hat"},{"type":"single","resource":"workshop_six:vanilla_outdoor_furniture/lamppost_acacia"},{"type":"single","resource":"betterranks:hearteyes"},{"type":"single","resource":"vanilla_furnitures:acacia_log"},{"type":"single","resource":"workshop_six:vanilla_outdoor_furniture/crate_warped"},{"type":"single","resource":"armor:iridium/iridium_boots"},{"type":"single","resource":"magiccosmetics:itemss/birthday_cake_hat2"},{"type":"single","resource":"magiccosmetics:itemss/birthday_cake_hat1"},{"type":"single","resource":"minerals:ruby_ore"},{"type":"single","resource":"workshop_six:vanilla_outdoor_furniture/lamppost_pale_oak"},{"type":"single","resource":"workshop_six:vanilla_outdoor_furniture/barrel_stack_birch"},{"type":"single","resource":"workshop_six:vanilla_outdoor_furniture/wagon_bamboo"},{"type":"single","resource":"dungeons:shadowsword"},{"type":"single","resource":"minerals:jade_ore"},{"type":"single","resource":"betterranks:cry"},{"type":"single","resource":"magiccosmetics:itemss/medusa_necks"},{"type":"single","resource":"minerals:deepslate_ruby_ore"},{"type":"single","resource":"armor:littledragon/littledragon_helmet_icon"},{"type":"single","resource":"dungeons:wavesword"},{"type":"single","resource":"crop_armors:sugarcane_leggings"},{"type":"single","resource":"other:pinkcoin"},{"type":"single","resource":"gens:12_earthquake_axe"},{"type":"single","resource":"armor:ufo/ufo_helmet_icon"},{"type":"single","resource":"minerals:deepslate_jade_ore"},{"type":"single","resource":"crop_armors:sweet_berry_helmet"},{"type":"single","resource":"magiccosmetics:itemss/ocean_spirit_fist"},{"type":"single","resource":"woods:autumn_planks"},{"type":"single","resource":"seeds:seed/dragon_fruit"},{"type":"single","resource":"seeds:seed/papaya_seed"},{"type":"single","resource":"workshop_six:vanilla_outdoor_furniture/barrel_birch"},{"type":"single","resource":"crop_armors:sugarcane_boots"},{"type":"single","resource":"workshop_six:vanilla_outdoor_furniture/lamppost_jungle"},{"type":"single","resource":"armor:azure/animations_2_e"},{"type":"single","resource":"other:sweetheartrock"},{"type":"single","resource":"other:browntotem"},{"type":"single","resource":"magiccosmetics:itemss/earth"},{"type":"single","resource":"gens:2_zapphire_pickaxe"},{"type":"single","resource":"workshop_six:essentials/nature_decor/clovers"},{"type":"single","resource":"workshop_six:essentials/nature_decor/crystal_tint"},{"type":"single","resource":"armor:mysticcyan/mysticcyan_chestplate_icon"},{"type":"single","resource":"armor:easter/animations/animations_1"},{"type":"single","resource":"gens:13_kryptonite_pickaxe"},{"type":"single","resource":"gens:23_mace_pickaxe"},{"type":"single","resource":"elemental-crate-open"},{"type":"single","resource":"other:ice_totem"},{"type":"single","resource":"crops:lettuce"},{"type":"single","resource":"armor:beats/beats_boots_icon"},{"type":"single","resource":"betterranks2:defaulttide"},{"type":"single","resource":"betterranks:shock"},{"type":"single","resource":"gens:18_lightning_kaxe"},{"type":"single","resource":"magiccosmetics:itemss/marauder_augments_flames"},{"type":"single","resource":"workshop_six:vanilla_outdoor_furniture/bench_bamboo"},{"type":"single","resource":"farming:orange-crate"},{"type":"single","resource":"dungeons:30_unicorn_sword"},{"type":"single","resource":"crop_armors:sweet_berry_boots"},{"type":"single","resource":"crops:tomatosprite"},{"type":"single","resource":"other:whitecoin"},{"type":"single","resource":"dungeons:8_end_sword"},{"type":"single","resource":"minerals:silver_ore"},{"type":"single","resource":"betterranks:gentrophy"},{"type":"single","resource":"menus:colorablesplash"},{"type":"single","resource":"workshop_six:vanilla_outdoor_furniture/barrel_bamboo"},{"type":"single","resource":"workshop_six:farm_furniture/ladder"},{"type":"single","resource":"betterranks:evildevil"},{"type":"single","resource":"workshop_six:vanilla_outdoor_furniture/signpost_pale_oak"},{"type":"single","resource":"dungeons:spaceshipsword"},{"type":"single","resource":"betterranks:poop"},{"type":"single","resource":"minerals:amethyst_ore"},{"type":"single","resource":"betterranks:rocknroll"},{"type":"single","resource":"betterranks2:hightide"},{"type":"single","resource":"other:mythicalscroll"},{"type":"single","resource":"workshop_six:vanilla_outdoor_furniture/large_crate_mangrove"},{"type":"single","resource":"workshop_six:blacksmith_forge_furniture/blacksmith_spear"},{"type":"single","resource":"workshop_six:vanilla_outdoor_furniture/large_crate_jungle"},{"type":"single","resource":"menus:global/chest_minecart_diamond"},{"type":"single","resource":"workshop_six:vanilla_outdoor_furniture/bulletin_board_spruce"},{"type":"single","resource":"workshop_six:vanilla_outdoor_furniture/large_crate_bamboo"},{"type":"single","resource":"crops:banana"},{"type":"single","resource":"dungeons:99_blackstone_sword"},{"type":"single","resource":"armor:azure/animations/animations_1"},{"type":"single","resource":"betterranks:blackheart"},{"type":"single","resource":"armor:azure/animations/animations_2"},{"type":"single","resource":"armor:mysticcyan/mysticcyan_leggings_icon"},{"type":"single","resource":"gens:22_slime_pickaxe"},{"type":"single","resource":"betterranks:smile"},{"type":"single","resource":"workshop_six:vanilla_outdoor_furniture/well_birch"},{"type":"single","resource":"betterranks:rainbowcloud"},{"type":"single","resource":"workshop_six:vanilla_outdoor_furniture/lantern_post_bamboo"},{"type":"single","resource":"workshop_six:vanilla_outdoor_furniture/lantern_post_mangrove"},{"type":"single","resource":"other:minekey"},{"type":"single","resource":"seeds:seed/potato_seed"},{"type":"single","resource":"dungeons:85_emo_sword"},{"type":"single","resource":"crops:coconut"},{"type":"single","resource":"magiccosmetics:itemss/chick_hat"},{"type":"single","resource":"minerals:raw_iridium_block"},{"type":"single","resource":"armor:fairy/animations/animations_03"},{"type":"single","resource":"workshop_six:essentials/nature_decor/orange_mushrooms_small"},{"type":"single","resource":"woods:hell_planks"},{"type":"single","resource":"armor:fairy/animations/animations_01"},{"type":"single","resource":"armor:fairy/animations/animations_02"},{"type":"single","resource":"magiccosmetics:itemss/snowflake_staff"},{"type":"single","resource":"workshop_six:fishing_furniture/fish_drying_rack"},{"type":"single","resource":"gens:19_dinosaur_pickaxe"},{"type":"single","resource":"workshop_six:vanilla_outdoor_furniture/crate_stack_crimson"},{"type":"single","resource":"workshop_six:vanilla_outdoor_furniture/barrel_cherry"},{"type":"single","resource":"armor:beats/sword"},{"type":"single","resource":"dungeons:39_cherry_blossom_sword"},{"type":"single","resource":"vanilla_furnitures:warped_trapdoor"},{"type":"single","resource":"armor:inferno/inferno_leggings_icon"},{"type":"single","resource":"workshop_six:farm_furniture/farm_trough_messy"},{"type":"single","resource":"vanilla_furnitures:crimson_planks"},{"type":"single","resource":"betterranks:thumbsup"},{"type":"single","resource":"betterranks:rainbowfullicon"},{"type":"single","resource":"vanilla_furnitures:stripped_mangrove_log"},{"type":"single","resource":"dungeons:26_earth_sword"},{"type":"single","resource":"gens:22_space_axe"},{"type":"single","resource":"vanilla_furnitures:stripped_pale_oak_log"},{"type":"single","resource":"betterranks:rankicon"},{"type":"single","resource":"vanilla_furnitures:bamboo_fence_gate_particle"},{"type":"single","resource":"armor:nexus/nexus_chestplate_icon"},{"type":"single","resource":"betterranks:prefixicon5"},{"type":"single","resource":"workshop_six:vanilla_outdoor_furniture/lantern_post_jungle"},{"type":"single","resource":"betterranks:prefixicon4"},{"type":"single","resource":"betterranks:prefixicon3"},{"type":"single","resource":"dungeons:65_thundercats_sword_of_omens"},{"type":"single","resource":"betterranks:prefixicon2"},{"type":"single","resource":"armor:nexus/nexus_leggings_icon"},{"type":"single","resource":"dungeons:electricsword"},{"type":"single","resource":"workshop_six:vanilla_outdoor_furniture/lantern_post_cherry"},{"type":"single","resource":"menus:global/price_credits_30000"},{"type":"single","resource":"betterranks:prefixicon6"},{"type":"single","resource":"gens:20_cherry_pickaxe"},{"type":"single","resource":"betterranks:star"},{"type":"single","resource":"valentine_item_pack:valentine_teddy_bear"},{"type":"single","resource":"magiccosmetics:particles/magic"},{"type":"single","resource":"betterranks:silverheart"},{"type":"single","resource":"workshop_six:vanilla_outdoor_furniture/small_signpost_left_oak"},{"type":"single","resource":"workshop_six:essentials/nature_decor/red_mushrooms_large"},{"type":"single","resource":"workshop_six:vanilla_outdoor_furniture/large_crate_crimson"},{"type":"single","resource":"minerals:toxic_ore"},{"type":"single","resource":"magiccosmetics:itemss/sun"},{"type":"single","resource":"dungeons:68_kratos_sword"},{"type":"single","resource":"woods:hell_leaves"},{"type":"single","resource":"dungeons:14_medusa_sword"},{"type":"single","resource":"armor:sweetheart/sweetheart_leggings_icon"},{"type":"single","resource":"other:sun_totem"},{"type":"single","resource":"dungeons:aisword"},{"type":"single","resource":"dungeons:28_guardian_sword"},{"type":"single","resource":"woods:autumn_leaves"},{"type":"single","resource":"hoe_textures:spirit_hoe"},{"type":"single","resource":"detailed_tools:ice_axe"},{"type":"single","resource":"workshop_six:vanilla_outdoor_furniture/signpost_jungle"},{"type":"single","resource":"workshop_six:vanilla_outdoor_furniture/lamppost_cherry"},{"type":"single","resource":"magiccosmetics:itemss/ocean_spirit_fins"},{"type":"single","resource":"workshop_six:vanilla_outdoor_furniture/crate_crimson"},{"type":"single","resource":"betterranks:cherry_blossom"},{"type":"single","resource":"dungeons:xmassword"},{"type":"single","resource":"seeds:seed/orange_seed"},{"type":"single","resource":"other:demon_totem"},{"type":"single","resource":"gens:10_gladiator_pickaxe"},{"type":"single","resource":"other:enderdragonrock"},{"type":"single","resource":"other:uforock"},{"type":"single","resource":"vanilla_furnitures:crimson_door_top"},{"type":"single","resource":"detailed_tools:red_sword"},{"type":"single","resource":"magiccosmetics:itemss/mistletoe_crown"},{"type":"single","resource":"dungeons:84_kryptonite_sword"},{"type":"single","resource":"magiccosmetics:itemss/mars"},{"type":"single","resource":"workshop_six:vanilla_outdoor_furniture/wagon_oak"},{"type":"single","resource":"workshop_six:vanilla_outdoor_furniture/well_dark_oak"},{"type":"single","resource":"magiccosmetics:itemss/electrified_frankstein_back_fuses"},{"type":"single","resource":"dungeons:oceansword"},{"type":"single","resource":"workshop_six:vanilla_outdoor_furniture/bench_birch"},{"type":"single","resource":"workshop_six:vanilla_outdoor_furniture/barrel_pale_oak"},{"type":"single","resource":"armor:easter/easter_chestplate"},{"type":"single","resource":"_iainternal:icons/icon_back_orange"},{"type":"single","resource":"betterranks2:fortune"},{"type":"single","resource":"armor:mysticcyan/mysticcyan_boots_icon"},{"type":"single","resource":"betterranks:namepainticon4"},{"type":"single","resource":"betterranks:sunflower"},{"type":"single","resource":"betterranks:namepainticon3"},{"type":"single","resource":"workshop_six:blacksmith_forge_furniture/blacksmith_forge_smoke"},{"type":"single","resource":"betterranks:namepainticon2"},{"type":"single","resource":"workshop_six:vanilla_outdoor_furniture/large_crate_stack_dark_oak"},{"type":"single","resource":"survivalspawners:safarinetmob"},{"type":"single","resource":"woods:cherry_log"},{"type":"single","resource":"other:enchanttotem"},{"type":"single","resource":"betterranks:namepainticon5"},{"type":"single","resource":"dungeons:cloudsword"},{"type":"single","resource":"workshop_six:vanilla_outdoor_furniture/crate_mangrove"},{"type":"single","resource":"gens:17_portal_pickaxe"},{"type":"single","resource":"workshop_six:vanilla_outdoor_furniture/barrel_jungle"},{"type":"single","resource":"other:infernorock"},{"type":"single","resource":"other:bluedice"},{"type":"single","resource":"dungeons:83_daarkin_sword"},{"type":"single","resource":"armor:sweetheart/sweetheart_chestplate_icon"},{"type":"single","resource":"workshop_six:vanilla_outdoor_furniture/small_signpost_left_acacia"},{"type":"single","resource":"gens:17_popcorn_pickaxe"},{"type":"single","resource":"armor:beats/animations/animations_sword"},{"type":"single","resource":"dungeons:volcanosword"},{"type":"single","resource":"workshop_six:vanilla_outdoor_furniture/bench_warped"},{"type":"single","resource":"betterranks2:treasure"},{"type":"single","resource":"dungeons:candycanesword"},{"type":"single","resource":"workshop_six:essentials/nature_decor/glow_mushrooms_large_e"},{"type":"single","resource":"workshop_six:vanilla_outdoor_furniture/lamppost_mangrove"},{"type":"single","resource":"workshop_six:blacksmith_forge_furniture/blacksmith_grinding_wheel"},{"type":"single","resource":"armor:winter/animations/animations_1"},{"type":"single","resource":"vanilla_furnitures:crimson_roots"},{"type":"single","resource":"other:purplecoin"},{"type":"single","resource":"vanilla_furnitures:spruce_sapling"},{"type":"single","resource":"workshop_six:essentials/nature_decor/ore_tint"},{"type":"single","resource":"other:floral_totem"},{"type":"single","resource":"other:arcanistrock"},{"type":"single","resource":"workshop_six:blacksmith_forge_furniture/blacksmith_weapon_stand"},{"type":"single","resource":"armor:fairy/fairy_helmet_icon"},{"type":"single","resource":"crops:apple"},{"type":"single","resource":"armor:iridium/iridium_shovel"},{"type":"single","resource":"vanilla_furnitures:pale_oak_sapling"},{"type":"single","resource":"betterranks:cointrophy"},{"type":"single","resource":"betterranks:sleepy"},{"type":"single","resource":"armor:mysticcyan/mysticcyan_helmet_icon"},{"type":"single","resource":"magiccosmetics:itemss/neptune"},{"type":"single","resource":"seeds:seed/beetroot_seed"},{"type":"single","resource":"gens:16_ore_pickaxe"},{"type":"single","resource":"dungeons:59_medical_sword"},{"type":"single","resource":"dungeons:treasuresword"},{"type":"single","resource":"armor:nexus/animations/animations_nexus"},{"type":"single","resource":"workshop_six:vanilla_outdoor_furniture/lamppost_spruce"},{"type":"single","resource":"crops:tomato"},{"type":"single","resource":"detailed_tools:rainbow_hoe"},{"type":"single","resource":"seeds:seed/mango"},{"type":"single","resource":"betterranks:yinyangfullicon"},{"type":"single","resource":"workshop_six:essentials/nature_decor/log_pile_large_overgrown"},{"type":"single","resource":"crops:mango"},{"type":"single","resource":"armor:ufo/ufo_leggings_icon"},{"type":"single","resource":"dungeons:seatrident"},{"type":"single","resource":"armor:easter/easter_boots"},{"type":"single","resource":"crop_armors:wheat_boots"},{"type":"single","resource":"workshop_six:essentials/nature_decor/log_pile_large"},{"type":"single","resource":"armor:enderdragon/animations_1"},{"type":"single","resource":"menus:global/price_credits_2750"},{"type":"single","resource":"minerals:amber_ore"},{"type":"single","resource":"other:pinkdice"},{"type":"single","resource":"workshop_six:vanilla_outdoor_furniture/barrel_stack_crimson"},{"type":"single","resource":"valentine-crate"},{"type":"single","resource":"vanilla_furnitures:dark_oak_planks"},{"type":"single","resource":"workshop_six:blacksmith_forge_furniture/blacksmith_anvil"},{"type":"single","resource":"dungeons:hellsword"},{"type":"single","resource":"dungeons:44_fox_sword"},{"type":"single","resource":"valentine_item_pack:chocolate"},{"type":"single","resource":"workshop_six:vanilla_outdoor_furniture/lamppost_oak"},{"type":"single","resource":"dungeons:58_airplane_sword"},{"type":"single","resource":"workshop_six:vanilla_outdoor_furniture/small_signpost_right_acacia"},{"type":"single","resource":"workshop_six:vanilla_outdoor_furniture/large_crate_stack_warped"},{"type":"single","resource":"magiccosmetics:itemss/punkpin_hand"},{"type":"single","resource":"vanilla_furnitures:oak_sapling"},{"type":"single","resource":"workshop_six:vanilla_outdoor_furniture/small_signpost_right_pale_oak"},{"type":"single","resource":"woods:enchanted_leaves"},{"type":"single","resource":"betterranks:pastelheart"},{"type":"single","resource":"vanilla_furnitures:stripped_warped_stem"},{"type":"single","resource":"valentine_item_pack:valentine_calendar"},{"type":"single","resource":"workshop_six:vanilla_outdoor_furniture/bench_jungle"},{"type":"single","resource":"workshop_six:essentials/nature_decor/pebbles_1"},{"type":"single","resource":"valentine_item_pack:love_arrow"},{"type":"single","resource":"vanilla_furnitures:oak_trapdoor"},{"type":"single","resource":"vanilla_furnitures:pale_oak_trapdoor"},{"type":"single","resource":"dungeons:100_carrot_sword"},{"type":"single","resource":"dungeons:pinkaliensword"},{"type":"single","resource":"gens:1_ruby_pickaxe"},{"type":"single","resource":"workshop_six:essentials/nature_decor/pebbles_2"},{"type":"single","resource":"dungeons:crystalsword"},{"type":"single","resource":"dungeons:31_flashsword"},{"type":"single","resource":"workshop_six:vanilla_outdoor_furniture/bulletin_board_acacia"},{"type":"single","resource":"menus:global/price_credits_500"},{"type":"single","resource":"workshop_six:vanilla_outdoor_furniture/bench_oak"},{"type":"single","resource":"dungeons:royalsword"},{"type":"single","resource":"valentine_item_pack:small_gift"},{"type":"single","resource":"magiccosmetics:itemss/cat_witch"},{"type":"single","resource":"workshop_six:vanilla_outdoor_furniture/lamppost_bamboo"},{"type":"single","resource":"armor:violet/sword"},{"type":"single","resource":"armor:saintpatrick/saintpatrick_leggings_icon"},{"type":"single","resource":"betterranks:eggplant"},{"type":"single","resource":"magiccosmetics:itemss/burger_hat"},{"type":"single","resource":"magiccosmetics:itemss/medusa_heads_0"},{"type":"single","resource":"gens:20_electric_axe"},{"type":"single","resource":"detailed_tools:rainbow_pickaxe"},{"type":"single","resource":"dungeons:51_cupcake_sword"},{"type":"single","resource":"armor:iridium/iridium_hoe"},{"type":"single","resource":"vanilla_furnitures:birch_trapdoor"},{"type":"single","resource":"crop_armors:potato_boots"},{"type":"single","resource":"vanilla_furnitures:mangrove_trapdoor"},{"type":"single","resource":"dungeons:bloodsword"},{"type":"single","resource":"workshop_six:essentials/nature_decor/log_pile_small"},{"type":"single","resource":"dungeons:94_angel_wings_sword"},{"type":"single","resource":"workshop_six:vanilla_outdoor_furniture/wagon_acacia"},{"type":"single","resource":"workshop_six:vanilla_outdoor_furniture/large_crate_cherry"},{"type":"single","resource":"betterranks:sob"},{"type":"single","resource":"vanilla_furnitures:bamboo_trapdoor"},{"type":"single","resource":"crop_armors:carrot_boots"},{"type":"single","resource":"workshop_six:vanilla_outdoor_furniture/bulletin_board_bamboo"},{"type":"single","resource":"vanilla_furnitures:mangrove_door_top"},{"type":"single","resource":"betterranks:stars"},{"type":"single","resource":"other:passtotem"},{"type":"single","resource":"survivalspawners:magicdust"},{"type":"single","resource":"crop_armors:wheat_chestplate"},{"type":"single","resource":"crop_armors:nether_wart_boots"},{"type":"single","resource":"workshop_six:vanilla_outdoor_furniture/lantern_post_birch"},{"type":"single","resource":"dungeons:27_futurist_sword"},{"type":"single","resource":"workshop_six:vanilla_outdoor_furniture/crate_stack_birch"},{"type":"single","resource":"workshop_six:vanilla_outdoor_furniture/barrel_dark_oak"},{"type":"single","resource":"workshop_six:vanilla_outdoor_furniture/bulletin_board_dark_oak"},{"type":"single","resource":"dungeons:lasersword"},{"type":"single","resource":"gens:2_chocolate_pickaxe"},{"type":"single","resource":"magiccosmetics:itemss/birthday_cake_back"},{"type":"single","resource":"betterranks:prefixicone2"},{"type":"single","resource":"workshop_six:vanilla_outdoor_furniture/barrel_stack_jungle"},{"type":"single","resource":"farming:halloween-crate-new"},{"type":"single","resource":"betterranks:prefixicone1"},{"type":"single","resource":"other:death_totem2"},{"type":"single","resource":"magiccosmetics:itemss/scrap_drone"},{"type":"single","resource":"dungeons:64_he_man_sword"},{"type":"single","resource":"detailed_tools:fire_pickaxe"},{"type":"single","resource":"betterranks:prefixicone3"},{"type":"single","resource":"workshop_six:essentials/nature_decor/clover_flower_base"},{"type":"single","resource":"vanilla_furnitures:barrel_bottom"},{"type":"single","resource":"minerals:iridium_nugget"},{"type":"single","resource":"menus:colorableportal"},{"type":"single","resource":"gens:10_bone_scythe"},{"type":"single","resource":"armor:beats/beats_helmet_icon"},{"type":"single","resource":"magiccosmetics:itemss/snowflake_wings"},{"type":"single","resource":"betterranks:snowflake"},{"type":"single","resource":"woods:cherry_leaves"},{"type":"single","resource":"workshop_six:vanilla_outdoor_furniture/wagon_pale_oak"},{"type":"single","resource":"gens:4_demon_pickaxe"},{"type":"single","resource":"workshop_six:essentials/nature_decor/log_mushroom"},{"type":"single","resource":"armor:arcanist/arcanist_boots_icon"},{"type":"single","resource":"gens:3_vampire_pickaxe"},{"type":"single","resource":"workshop_six:essentials/nature_decor/crystal_base"},{"type":"single","resource":"betterranks:greenheart"},{"type":"single","resource":"vanilla_furnitures:oak_door_bottom"},{"type":"single","resource":"workshop_six:vanilla_outdoor_furniture/crate_stack_cherry"},{"type":"single","resource":"hoe_textures:amethyst_hoe"},{"type":"single","resource":"workshop_six:essentials/nature_decor/log_mushroom_corner"},{"type":"single","resource":"other:chickenskull"},{"type":"single","resource":"workshop_six:farm_furniture/haybale"},{"type":"single","resource":"vanilla_furnitures:spruce_log_top"},{"type":"single","resource":"seeds:seed/pumpkin_seed"},{"type":"single","resource":"minerals:hotpink_ingot"},{"type":"single","resource":"valentine_item_pack:first_aid_box"},{"type":"single","resource":"betterranks:sun"},{"type":"single","resource":"other:rainbowdice"},{"type":"single","resource":"other:moon_totem"},{"type":"single","resource":"workshop_six:vanilla_outdoor_furniture/large_crate_pale_oak"},{"type":"single","resource":"vanilla_furnitures:stripped_birch_log"},{"type":"single","resource":"armor:violet/animations/animations_1"},{"type":"single","resource":"workshop_six:vanilla_outdoor_furniture/well_cherry"},{"type":"single","resource":"workshop_six:vanilla_outdoor_furniture/small_signpost_left_cherry"},{"type":"single","resource":"armor:arcanist/arcanist_leggings_icon"},{"type":"single","resource":"workshop_six:vanilla_outdoor_furniture/bulletin_board_birch"},{"type":"single","resource":"gens:15_ghost_pickaxe"},{"type":"single","resource":"anniversary-crate"},{"type":"single","resource":"magiccosmetics:itemss/ocean_spirit_bubbles_1"},{"type":"single","resource":"vanilla_furnitures:jungle_trapdoor"},{"type":"single","resource":"magiccosmetics:itemss/ocean_spirit_bubbles_0"},{"type":"single","resource":"vanilla_furnitures:spruce_planks"},{"type":"single","resource":"magiccosmetics:itemss/ocean_spirit_bubbles_2"},{"type":"single","resource":"betterranks:purpleheart"},{"type":"single","resource":"detailed_tools:blackhole_pickaxe"},{"type":"single","resource":"dungeons:61_z_sword"},{"type":"single","resource":"dungeons:62_elucidator"},{"type":"single","resource":"other:greencoin"},{"type":"single","resource":"armor:winter/winter_leggings_icon"},{"type":"single","resource":"other:leveltotem"},{"type":"single","resource":"magiccosmetics:itemss/punkpin_hat"},{"type":"single","resource":"armor:littledragon/sword"},{"type":"single","resource":"dungeons:vampiresword"},{"type":"single","resource":"betterranks:skull"},{"type":"single","resource":"hoeitemframe:hoeitemframe"},{"type":"single","resource":"detailed_tools:forest_axe"},{"type":"single","resource":"dungeons:ghostsword"},{"type":"single","resource":"dungeons:4_jungle_sword"},{"type":"single","resource":"vanilla_furnitures:pale_oak_door_bottom"},{"type":"single","resource":"workshop_six:vanilla_outdoor_furniture/wagon_jungle"},{"type":"single","resource":"detailed_tools:water_hoe"},{"type":"single","resource":"betterranks:milk"},{"type":"single","resource":"betterranks:amongus"},{"type":"single","resource":"dungeons:11_fire_trident"},{"type":"single","resource":"workshop_six:vanilla_outdoor_furniture/bench_mangrove"},{"type":"single","resource":"minerals:jade_block"},{"type":"single","resource":"magiccosmetics:itemss/nomad_hammer_fade"},{"type":"single","resource":"betterranks:chatcoloricon"},{"type":"single","resource":"vanilla_furnitures:pale_oak_door_top"},{"type":"single","resource":"farming:logs"},{"type":"single","resource":"armor:littledragon/littledragon_leggings_icon"},{"type":"single","resource":"armor:saintpatrick/animations/animations_1"},{"type":"single","resource":"gens:14_eclipse_axe"},{"type":"single","resource":"farming:apple_basket"},{"type":"single","resource":"other:purpledice"},{"type":"single","resource":"armor:nexus/sword"},{"type":"single","resource":"menus:global/price_credits_11000"},{"type":"single","resource":"workshop_six:vanilla_outdoor_furniture/small_signpost_left_crimson"},{"type":"single","resource":"woods:cherry_planks"},{"type":"single","resource":"valentine_item_pack:water_bottle"},{"type":"single","resource":"workshop_six:vanilla_outdoor_furniture/large_crate_stack_bamboo"},{"type":"single","resource":"detailed_tools:fire_axe"},{"type":"single","resource":"detailed_tools:blue_pickaxe"},{"type":"single","resource":"dungeons:52_potion_sword"},{"type":"single","resource":"betterranks:namepainticone3"},{"type":"single","resource":"betterranks:namepainticone2"},{"type":"single","resource":"betterranks:namepainticone1"},{"type":"single","resource":"dungeons:69_master_sword"},{"type":"single","resource":"minerals:amethyst_ingot"},{"type":"single","resource":"hoe_textures:stardust_hoe"},{"type":"single","resource":"dungeons:5_junglefloral_sword"},{"type":"single","resource":"crop_armors:wheat_leggings"},{"type":"single","resource":"workshop_six:vanilla_outdoor_furniture/bulletin_board_oak"},{"type":"single","resource":"betterranks:pepe"},{"type":"single","resource":"dungeons:demonsword"},{"type":"single","resource":"detailed_tools:purple_axe"},{"type":"single","resource":"workshop_six:vanilla_outdoor_furniture/lantern_post_pale_oak"},{"type":"single","resource":"dungeons:56_alien_sword"},{"type":"single","resource":"gens:19_laser_axe"},{"type":"single","resource":"workshop_six:vanilla_outdoor_furniture/bulletin_board_warped"},{"type":"single","resource":"betterranks2:neaptide"},{"type":"single","resource":"armor:ufo/ufo_boots_icon"},{"type":"single","resource":"workshop_six:vanilla_outdoor_furniture/signpost_birch"},{"type":"single","resource":"dungeons:67_garen_sword"},{"type":"single","resource":"gens:15_ghost_axe"},{"type":"single","resource":"workshop_six:vanilla_outdoor_furniture/barrel_stack_acacia"},{"type":"single","resource":"dungeons:earthquakesword"},{"type":"single","resource":"workshop_six:fishing_furniture/bucket"},{"type":"single","resource":"dungeons:82_adamantite_sword"},{"type":"single","resource":"magiccosmetics:itemss/chick_animation"},{"type":"single","resource":"minerals:jade_ingot"},{"type":"single","resource":"magiccosmetics:menu/empty"},{"type":"single","resource":"workshop_six:vanilla_outdoor_furniture/crate_jungle"},{"type":"single","resource":"crop_armors:carrot_leggings"},{"type":"single","resource":"workshop_six:vanilla_outdoor_furniture/lantern_post_spruce"},{"type":"single","resource":"armor:iridium/iridium_leggings"},{"type":"single","resource":"workshop_six:vanilla_outdoor_furniture/bulletin_board_pale_oak"},{"type":"single","resource":"workshop_six:vanilla_outdoor_furniture/barrel_stack_warped"},{"type":"single","resource":"detailed_tools:water_sword"},{"type":"single","resource":"minerals:beacon"},{"type":"single","resource":"workshop_six:vanilla_outdoor_furniture/barrel_spruce"},{"type":"single","resource":"armor:ufo/ufo_chestplate_icon"},{"type":"single","resource":"crops:cucumber"},{"type":"single","resource":"survivalspawners:spawnerfragment"},{"type":"single","resource":"vanilla_furnitures:bamboo_planks"},{"type":"single","resource":"workshop_six:vanilla_outdoor_furniture/large_crate_stack_jungle"},{"type":"single","resource":"other:farmkey"},{"type":"single","resource":"betterranks:chatcoloricon6"},{"type":"single","resource":"betterranks:chatcoloricon5"},{"type":"single","resource":"betterranks:chatcoloricon4"},{"type":"single","resource":"betterranks:chatcoloricon3"},{"type":"single","resource":"betterranks:chatcoloricon2"},{"type":"single","resource":"dungeons:91_popcorn_sword"},{"type":"single","resource":"vanilla_furnitures:spruce_trapdoor"},{"type":"single","resource":"farming:drill_bedrock"},{"type":"single","resource":"magiccosmetics:menu/back_gray"},{"type":"single","resource":"armor:littledragon/little_dragon"},{"type":"single","resource":"silver-crate-open"},{"type":"single","resource":"workshop_six:vanilla_outdoor_furniture/wagon_warped"},{"type":"single","resource":"other:golddice"},{"type":"single","resource":"woods:enchanted_planks"},{"type":"single","resource":"betterranks:wave"},{"type":"single","resource":"woods:autumn_log_top"},{"type":"single","resource":"dungeons:pumpkinsword"},{"type":"single","resource":"dungeons:25_runic_nature_sword"},{"type":"single","resource":"magiccosmetics:itemss/medusa_heads"},{"type":"single","resource":"magiccosmetics:itemss/scrap_drone_lights"},{"type":"single","resource":"workshop_six:vanilla_outdoor_furniture/crate_bamboo"},{"type":"single","resource":"valentineset:animations/animations_1"},{"type":"single","resource":"dungeons:2_slime_sword"},{"type":"single","resource":"workshop_six:farm_furniture/scarecrow"},{"type":"single","resource":"workshop_six:vanilla_outdoor_furniture/signpost_mangrove"},{"type":"single","resource":"dungeons:92_puppet_sword"},{"type":"single","resource":"workshop_six:fishing_furniture/shark_rack"},{"type":"single","resource":"workshop_six:vanilla_outdoor_furniture/signpost_spruce"}]}