{"ambientocclusion":false,"textures":{"slab":"block/smooth_stone","particle":"block/comparator","top":"block/comparator","unlit":"block/redstone_torch_off"},"elements":[{"from":[0,0,0],"to":[16,2,16],"faces":{"north":{"uv":[0,14,16,16],"texture":"#slab","cullface":"north"},"east":{"uv":[0,14,16,16],"texture":"#slab","cullface":"east"},"south":{"uv":[0,14,16,16],"texture":"#slab","cullface":"south"},"west":{"uv":[0,14,16,16],"texture":"#slab","cullface":"west"},"up":{"uv":[0,0,16,16],"texture":"#top"},"down":{"uv":[0,0,16,16],"texture":"#slab","cullface":"down"}}},{"from":[4,2,11],"to":[6,7,13],"faces":{"north":{"uv":[7,6,9,11],"texture":"#unlit"},"east":{"uv":[7,6,9,11],"texture":"#unlit"},"south":{"uv":[7,6,9,11],"texture":"#unlit"},"west":{"uv":[7,6,9,11],"texture":"#unlit"},"up":{"uv":[7,6,9,8],"texture":"#unlit"}}},{"from":[10,2,11],"to":[12,7,13],"faces":{"north":{"uv":[7,6,9,11],"texture":"#unlit"},"east":{"uv":[7,6,9,11],"texture":"#unlit"},"south":{"uv":[7,6,9,11],"texture":"#unlit"},"west":{"uv":[7,6,9,11],"texture":"#unlit"},"up":{"uv":[7,6,9,8],"texture":"#unlit"}}},{"from":[7,2,2],"to":[9,4,4],"faces":{"north":{"uv":[7,6,9,8],"texture":"#unlit"},"east":{"uv":[7,6,9,8],"texture":"#unlit"},"south":{"uv":[7,6,9,8],"texture":"#unlit"},"west":{"uv":[7,6,9,8],"texture":"#unlit"},"up":{"uv":[7,6,9,8],"texture":"#unlit"}}}]}