{
    "providers": [
        {
            "type": "bitmap",
            "file": "minecraft:font/impend_glyph_e1.png",
            "height": 64,
            "ascent": 35,
            "chars": [
                "\ue100\ue101\ue102\ue103\ue104\ue105\ue106\ue107\ue108\ue109\ue10a\ue10b\ue10c\ue10d\ue10e\ue10f",
                "\ue110\ue111\ue112\ue113\ue114\ue115\ue116\ue117\ue118\ue119\ue11a\ue11b\ue11c\ue11d\ue11e\ue11f",
                "\ue120\ue121\ue122\ue123\ue124\ue125\ue126\ue127\ue128\ue129\ue12a\ue12b\ue12c\ue12d\ue12e\ue12f",
                "\ue130\ue131\ue132\ue133\ue134\ue135\ue136\ue137\ue138\ue139\ue13a\ue13b\ue13c\ue13d\ue13e\ue13f",
                "\ue140\ue141\ue142\ue143\ue144\ue145\ue146\ue147\ue148\ue149\ue14a\ue14b\ue14c\ue14d\ue14e\ue14f",
                "\ue150\ue151\ue152\ue153\ue154\ue155\ue156\ue157\ue158\ue159\ue15a\ue15b\ue15c\ue15d\ue15e\ue15f",
                "\ue160\ue161\ue162\ue163\ue164\ue165\ue166\ue167\ue168\ue169\ue16a\ue16b\ue16c\ue16d\ue16e\ue16f",
                "\ue170\ue171\ue172\ue173\ue174\ue175\ue176\ue177\ue178\ue179\ue17a\ue17b\ue17c\ue17d\ue17e\ue17f",
                "\ue180\ue181\ue182\ue183\ue184\ue185\ue186\ue187\ue188\ue189\ue18a\ue18b\ue18c\ue18d\ue18e\ue18f",
                "\ue190\ue191\ue192\ue193\ue194\ue195\ue196\ue197\ue198\ue199\ue19a\ue19b\ue19c\ue19d\ue19e\ue19f",
                "\ue1a0\ue1a1\ue1a2\ue1a3\ue1a4\ue1a5\ue1a6\ue1a7\ue1a8\ue1a9\ue1aa\ue1ab\ue1ac\ue1ad\ue1ae\ue1af",
                "\ue1b0\ue1b1\ue1b2\ue1b3\ue1b4\ue1b5\ue1b6\ue1b7\ue1b8\ue1b9\ue1ba\ue1bb\ue1bc\ue1bd\ue1be\ue1bf",
                "\ue1c0\ue1c1\ue1c2\ue1c3\ue1c4\ue1c5\ue1c6\ue1c7\ue1c8\ue1c9\ue1ca\ue1cb\ue1cc\ue1cd\ue1ce\ue1cf",
                "\ue1d0\ue1d1\ue1d2\ue1d3\ue1d4\ue1d5\ue1d6\ue1d7\ue1d8\ue1d9\ue1da\ue1db\ue1dc\ue1dd\ue1de\ue1df",
                "\ue1e0\ue1e1\ue1e2\ue1e3\ue1e4\ue1e5\ue1e6\ue1e7\ue1e8\ue1e9\ue1ea\ue1eb\ue1ec\ue1ed\ue1ee\ue1ef",
                "\ue1f0\ue1f1\ue1f2\ue1f3\ue1f4\ue1f5\ue1f6\ue1f7\ue1f8\ue1f9\ue1fa\ue1fb\ue1fc\ue1fd\ue1fe\ue1ff"
            ]
        },
        {
            "type": "bitmap",
            "file": "twemoji:font/emoji.png",
            "height": 9,
            "ascent": 8,
            "chars": [
                "",
                "",
                "",
                "",
                "",
                "",
                "",
                "",
                "",
                "",
                "",
                "",
                "",
                "",
                "",
                "",
                "",
                "",
                "",
                "",
                "",
                "",
                "",
                "",
                "",
                "",
                "",
                "",
                "",
                "",
                "",
                "",
                "",
                "",
                "",
                "",
                "",
                "",
                "",
                "",
                "",
                "",
                "",
                "",
                "",
                "",
                "",
                "",
                "",
                "",
                "",
                "",
                "",
                "",
                "",
                "",
                "",
                "",
                "",
                "",
                "",
                "",
                "",
                "",
                "",
                "",
                "",
                "",
                "",
                "",
                "",
                "",
                "",
                "",
                "",
                "",
                "",
                "",
                "",
                "",
                "",
                "",
                "",
                "",
                "",
                "",
                "",
                "",
                "",
                "",
                "",
                "",
                "",
                "",
                "",
                "",
                "",
                "",
                "",
                "",
                "",
                "",
                "",
                "",
                "",
                "",
                "",
                "",
                "",
                "",
                "",
                "",
                "",
                "",
                "",
                "",
                "",
                "",
                "",
                "",
                "",
                "",
                "",
                "",
                "",
                "",
                "",
                "",
                "",
                "",
                "",
                "",
                "",
                "",
                "",
                "",
                "",
                "",
                "",
                "",
                "",
                "",
                "",
                "",
                "",
                "",
                "",
                "",
                "",
                "",
                "",
                "",
                "",
                "",
                "",
                "",
                "",
                "",
                "",
                "",
                "",
                "",
                "",
                "",
                "",
                "",
                "",
                "",
                "",
                "",
                "",
                "",
                "",
                "",
                "",
                "",
                "",
                "",
                "",
                "",
                "",
                "",
                "",
                "",
                "",
                "",
                "",
                "",
                "",
                "",
                "",
                "",
                "",
                "",
                "",
                "",
                "",
                "",
                "",
                "",
                "",
                "",
                "",
                "",
                "",
                "",
                "",
                "",
                "",
                "",
                "",
                "",
                "",
                "",
                "",
                "",
                "",
                "",
                "",
                "",
                "",
                "",
                "",
                ""
            ]
        },
        {
            "type": "bitmap",
            "file": "twemoji:font/flags.png",
            "height": 9,
            "ascent": 8,
            "chars": [
                "󰀾󰀿󰁀󰁁󰁂󰁃󰁄󰁅󰁆󰁇󰁈󰁉󰁊󰁋󰁌󰁍",
                "󰁎󰁏󰁐󰁑󰁒󰁓󰁔󰁕󰁖󰁗󰁘󰁙󰁚󰁛󰁜󰁝",
                "󰁞󰁟󰁠󰁡󰁢󰁣󰁤󰁥󰁦󰁧󰁨󰁩󰁪󰁫󰁬󰁭",
                "󰁮󰁯󰁰󰁱󰁲󰁳󰁴󰁵󰁶󰁷󰁸󰁹󰁺󰁻󰁼󰁽",
                "󰁾󰁿󰂀󰂁󰂂󰂃󰂄󰂅󰂆󰂇󰂈󰂉󰂊󰂋󰂌󰂍",
                "󰂎󰂏󰂐󰂑󰂒󰂓󰂔󰂕󰂖󰂗󰂘󰂙󰂚󰂛󰂜󰂝",
                "󰂞󰂟󰂠󰂡󰂢󰂣󰂤󰂥󰂦󰂧󰂨󰂩󰂪󰂫󰂬󰂭",
                "󰂮󰂯󰂰󰂱󰂲󰂳󰂴󰂵󰂶󰂷󰂸󰂹󰂺󰂻󰂼󰂽",
                "󰂾󰂿󰃀󰃁󰃂󰃃󰃄󰃅󰃆󰃇󰃈󰃉󰃊󰃋󰃌󰃍",
                "󰃎󰃏󰃐󰃑󰃒󰃓󰃔󰃕󰃖󰃗󰃘󰃙󰃚󰃛󰃜󰃝",
                "󰃞󰃟󰃠󰃡󰃢󰃣󰃤󰃥󰃦󰃧󰃨󰃩󰃪󰃫󰃬󰃭",
                "󰃮󰃯󰃰󰃱󰃲󰃳󰃴󰃵󰃶󰃷󰃸󰃹󰃺󰃻󰃼󰃽",
                "󰃾󰃿󰄀󰄁󰄂󰄃󰄄󰄅󰄆󰄇󰄈󰄉󰄊󰄋󰄌󰄍",
                "󰄎󰄏󰄐󰄑󰄒󰄓󰄔󰄕󰄖󰄗󰄘󰄙󰄚󰄛󰄜󰄝",
                "󰄞󰄟󰄠󰄡󰄢󰄣󰄤󰄥󰄦󰄧󰄨󰄩󰄪󰄫󰄬󰄭",
                "󰄮󰄯󰄰󰄱󰄲󰄳󰄴󰄵󰄶󰄷󰄸󰄹󰄺󰄻󰄼󰄽",
                "󰄾󰄿\u0000\u0000\u0000\u0000\u0000\u0000\u0000\u0000\u0000\u0000\u0000\u0000\u0000\u0000"
            ]
        }
    ]
}
