{"credit":"Created by Workshop Six","texture_size":[64,64],"textures":{"2":"workshop_six:essentials/nature_decor/brown_mushrooms_large","particle":"workshop_six:essentials/nature_decor/brown_mushrooms_large"},"elements":[{"from":[1,14,1],"to":[16,16,16],"rotation":{"angle":0,"axis":"y","origin":[0,1,0]},"faces":{"north":{"uv":[5.25,3,9,3.5],"texture":"#2"},"east":{"uv":[5.25,3.5,9,4],"texture":"#2"},"south":{"uv":[5.25,4,9,4.5],"texture":"#2"},"west":{"uv":[5.25,4.5,9,5],"texture":"#2"},"up":{"uv":[3.75,3.75,0,0],"texture":"#2"},"down":{"uv":[3.75,3.75,0,7.5],"texture":"#2"}}},{"from":[14,6,1],"to":[19,7,6],"rotation":{"angle":22.5,"axis":"y","origin":[18.5,2.5,9.5]},"faces":{"north":{"uv":[4.25,7.5,5.5,7.75],"texture":"#2"},"east":{"uv":[5.5,7.5,6.75,7.75],"texture":"#2"},"south":{"uv":[6.75,7.5,8,7.75],"texture":"#2"},"west":{"uv":[7.75,0,9,0.25],"texture":"#2"},"up":{"uv":[7.75,6.25,6.5,5],"texture":"#2"},"down":{"uv":[7.75,6.25,6.5,7.5],"texture":"#2"}}},{"from":[4,6,3],"to":[10,7,9],"rotation":{"angle":45,"axis":"y","origin":[1,6.5,8]},"faces":{"north":{"uv":[6.75,1.5,8.25,1.75],"texture":"#2"},"east":{"uv":[6.75,1.75,8.25,2],"texture":"#2"},"south":{"uv":[6.75,2,8.25,2.25],"texture":"#2"},"west":{"uv":[6.75,2.25,8.25,2.5],"texture":"#2"},"up":{"uv":[6.75,1.5,5.25,0],"texture":"#2"},"down":{"uv":[6.75,1.5,5.25,3],"texture":"#2"}}},{"from":[4.54117,4,12.27937],"to":[9.54117,5,17.27937],"rotation":{"angle":0,"axis":"y","origin":[7.04117,3.25,15.77937]},"faces":{"north":{"uv":[6.75,2.5,8,2.75],"texture":"#2"},"east":{"uv":[6.75,2.75,8,3],"texture":"#2"},"south":{"uv":[1.75,7.5,3,7.75],"texture":"#2"},"west":{"uv":[3,7.5,4.25,7.75],"texture":"#2"},"up":{"uv":[6.5,6.25,5.25,5],"texture":"#2"},"down":{"uv":[6.5,6.25,5.25,7.5],"texture":"#2"}}},{"from":[7,0,7],"to":[10,15,10],"faces":{"north":{"uv":[3.75,0,4.5,3.75],"texture":"#2"},"east":{"uv":[3.75,3.75,4.5,7.5],"texture":"#2"},"south":{"uv":[4.5,0,5.25,3.75],"texture":"#2"},"west":{"uv":[4.5,3.75,5.25,7.5],"texture":"#2"},"up":{"uv":[7.5,0.75,6.75,0],"texture":"#2"},"down":{"uv":[7.5,0.75,6.75,1.5],"texture":"#2"}}},{"from":[16,0,3],"to":[17,6,4],"rotation":{"angle":22.5,"axis":"y","origin":[18.5,1.5,9.5]},"faces":{"north":{"uv":[0,7.5,0.25,9],"texture":"#2"},"east":{"uv":[7.5,0,7.75,1.5],"texture":"#2"},"south":{"uv":[0.25,7.5,0.5,9],"texture":"#2"},"west":{"uv":[0.5,7.5,0.75,9],"texture":"#2"},"up":{"uv":[3,8,2.75,7.75],"texture":"#2"},"down":{"uv":[3.25,7.75,3,8],"texture":"#2"}}},{"from":[6.5,0,5.5],"to":[7.5,6,6.5],"rotation":{"angle":45,"axis":"y","origin":[1,5.5,8]},"faces":{"north":{"uv":[0.75,7.5,1,9],"texture":"#2"},"east":{"uv":[1,7.5,1.25,9],"texture":"#2"},"south":{"uv":[1.25,7.5,1.5,9],"texture":"#2"},"west":{"uv":[1.5,7.5,1.75,9],"texture":"#2"},"up":{"uv":[3.5,8,3.25,7.75],"texture":"#2"},"down":{"uv":[3.75,7.75,3.5,8],"texture":"#2"}}},{"from":[6.54117,0,14.27937],"to":[7.54117,4,15.27937],"rotation":{"angle":0,"axis":"y","origin":[7.04117,3.25,15.77937]},"faces":{"north":{"uv":[7.75,0.25,8,1.25],"texture":"#2"},"east":{"uv":[1.75,7.75,2,8.75],"texture":"#2"},"south":{"uv":[2,7.75,2.25,8.75],"texture":"#2"},"west":{"uv":[2.25,7.75,2.5,8.75],"texture":"#2"},"up":{"uv":[8,1.5,7.75,1.25],"texture":"#2"},"down":{"uv":[2.75,7.75,2.5,8],"texture":"#2"}}}],"gui_light":"front","display":{"thirdperson_righthand":{"rotation":[49,0,0],"translation":[-1,0,-0.5],"scale":[0.27,0.27,0.27]},"thirdperson_lefthand":{"rotation":[49,0,0],"translation":[-1,0,-0.5],"scale":[0.27,0.27,0.27]},"firstperson_righthand":{"translation":[0,4.75,1.5],"scale":[0.39,0.39,0.39]},"firstperson_lefthand":{"translation":[0,4.75,1.5],"scale":[0.39,0.39,0.39]},"ground":{"translation":[0,2.25,0],"scale":[0.4,0.4,0.4]},"gui":{"rotation":[11.75,0,0],"translation":[0,-0.25,0],"scale":[0.69,0.69,0.69]},"head":{"scale":[0,0,0]},"fixed":{"rotation":[-90,0,0],"translation":[0,0,-16],"scale":[2,2,2]}},"groups":[{"name":"group","origin":[7.04117,3.25,15.77937],"color":0,"children":[0,1,2,3,4,5,6,7]}],"mcmodels":"4c1e061d2eef16cb1fde38b411c5272a"}