{"credit":"Created by Workshop Six","texture_size":[32,32],"textures":{"3":"workshop_six:essentials/nature_decor/clovers"},"elements":[{"from":[0.775,0,3.45],"to":[0.775,3,4.45],"rotation":{"angle":45,"axis":"y","origin":[0.5,1,0]},"faces":{"north":{"uv":[0,0,0,1.5],"texture":"#3"},"east":{"uv":[7,0,7.5,1.5],"texture":"#3"},"south":{"uv":[0,0,0,1.5],"texture":"#3"},"west":{"uv":[7,1.5,7.5,3],"texture":"#3"},"up":{"uv":[0,0.5,0,0],"texture":"#3"},"down":{"uv":[0,0,0,0.5],"texture":"#3"}}},{"from":[1,3,1],"to":[15,3,15],"faces":{"north":{"uv":[0,0,7,0],"texture":"#3"},"east":{"uv":[0,0,7,0],"texture":"#3"},"south":{"uv":[0,0,7,0],"texture":"#3"},"west":{"uv":[0,0,7,0],"texture":"#3"},"up":{"uv":[7,7,0,0],"texture":"#3"},"down":{"uv":[7,7,0,14],"texture":"#3"}}},{"from":[5.775,0,4.45],"to":[5.775,3,5.45],"rotation":{"angle":45,"axis":"y","origin":[5.5,1,1]},"faces":{"north":{"uv":[0,0,0,1.5],"texture":"#3"},"east":{"uv":[7,3,7.5,4.5],"texture":"#3"},"south":{"uv":[0,0,0,1.5],"texture":"#3"},"west":{"uv":[7,4.5,7.5,6],"texture":"#3"},"up":{"uv":[0,0.5,0,0],"texture":"#3"},"down":{"uv":[0,0,0,0.5],"texture":"#3"}}},{"from":[12.48753,0,2.59862],"to":[12.48753,3,3.59862],"rotation":{"angle":-22.5,"axis":"y","origin":[12.48753,1.5,3.09862]},"faces":{"north":{"uv":[0,0,0,1.5],"texture":"#3"},"east":{"uv":[7,6,7.5,7.5],"texture":"#3"},"south":{"uv":[0,0,0,1.5],"texture":"#3"},"west":{"uv":[7.5,0,8,1.5],"texture":"#3"},"up":{"uv":[0,0.5,0,0],"texture":"#3"},"down":{"uv":[0,0,0,0.5],"texture":"#3"}}},{"from":[5.275,0,7.95],"to":[5.275,3,8.95],"rotation":{"angle":45,"axis":"y","origin":[5,1,4.5]},"faces":{"north":{"uv":[0,0,0,1.5],"texture":"#3"},"east":{"uv":[7.5,1.5,8,3],"texture":"#3"},"south":{"uv":[0,0,0,1.5],"texture":"#3"},"west":{"uv":[7.5,3,8,4.5],"texture":"#3"},"up":{"uv":[0,0.5,0,0],"texture":"#3"},"down":{"uv":[0,0,0,0.5],"texture":"#3"}}},{"from":[3.48753,0,7.09862],"to":[4.48753,3,7.09862],"rotation":{"angle":0,"axis":"y","origin":[3.98753,1.5,7.09862]},"faces":{"north":{"uv":[7.5,4.5,8,6],"texture":"#3"},"east":{"uv":[0,0,0,1.5],"texture":"#3"},"south":{"uv":[7.5,6,8,7.5],"texture":"#3"},"west":{"uv":[0,0,0,1.5],"texture":"#3"},"up":{"uv":[0.5,0,0,0],"texture":"#3"},"down":{"uv":[0.5,0,0,0],"texture":"#3"}}},{"from":[8.275,0,9.45],"to":[8.275,3,10.45],"rotation":{"angle":45,"axis":"y","origin":[8,1,6]},"faces":{"north":{"uv":[0,0,0,1.5],"texture":"#3"},"east":{"uv":[7,7.5,7.5,9],"texture":"#3"},"south":{"uv":[0,0,0,1.5],"texture":"#3"},"west":{"uv":[7.5,7.5,8,9],"texture":"#3"},"up":{"uv":[0,0.5,0,0],"texture":"#3"},"down":{"uv":[0,0,0,0.5],"texture":"#3"}}},{"from":[9.48753,0,13.09862],"to":[10.48753,3,13.09862],"rotation":{"angle":45,"axis":"y","origin":[9.98753,1.5,13.09862]},"faces":{"north":{"uv":[8,0,8.5,1.5],"texture":"#3"},"east":{"uv":[0,0,0,1.5],"texture":"#3"},"south":{"uv":[8,1.5,8.5,3],"texture":"#3"},"west":{"uv":[0,0,0,1.5],"texture":"#3"},"up":{"uv":[0.5,0,0,0],"texture":"#3"},"down":{"uv":[0.5,0,0,0],"texture":"#3"}}},{"from":[2.775,0,12.45],"to":[2.775,3,13.45],"rotation":{"angle":45,"axis":"y","origin":[2.5,1,9]},"faces":{"north":{"uv":[0,0,0,1.5],"texture":"#3"},"east":{"uv":[8,3,8.5,4.5],"texture":"#3"},"south":{"uv":[0,0,0,1.5],"texture":"#3"},"west":{"uv":[8,4.5,8.5,6],"texture":"#3"},"up":{"uv":[0,0.5,0,0],"texture":"#3"},"down":{"uv":[0,0,0,0.5],"texture":"#3"}}},{"from":[-0.725,0,13.95],"to":[-0.725,3,14.95],"rotation":{"angle":45,"axis":"y","origin":[-1,1,10.5]},"faces":{"north":{"uv":[0,0,0,1.5],"texture":"#3"},"east":{"uv":[8,6,8.5,7.5],"texture":"#3"},"south":{"uv":[0,0,0,1.5],"texture":"#3"},"west":{"uv":[8,7.5,8.5,9],"texture":"#3"},"up":{"uv":[0,0.5,0,0],"texture":"#3"},"down":{"uv":[0,0,0,0.5],"texture":"#3"}}},{"from":[13.48753,0,11.09862],"to":[14.48753,3,11.09862],"rotation":{"angle":22.5,"axis":"y","origin":[13.98753,1.5,11.09862]},"faces":{"north":{"uv":[8.5,0,9,1.5],"texture":"#3"},"east":{"uv":[0,0,0,1.5],"texture":"#3"},"south":{"uv":[8.5,1.5,9,3],"texture":"#3"},"west":{"uv":[0,0,0,1.5],"texture":"#3"},"up":{"uv":[0.5,0,0,0],"texture":"#3"},"down":{"uv":[0.5,0,0,0],"texture":"#3"}}},{"from":[5.275,0,11.95],"to":[5.275,2,12.95],"rotation":{"angle":45,"axis":"y","origin":[5,1,8.5]},"faces":{"north":{"uv":[0,0,0,1],"texture":"#3"},"east":{"uv":[8.5,5,9,6],"texture":"#3"},"south":{"uv":[0,0,0,1],"texture":"#3"},"west":{"uv":[8.5,6,9,7],"texture":"#3"},"up":{"uv":[0,0.5,0,0],"texture":"#3"},"down":{"uv":[0,0,0,0.5],"texture":"#3"}}},{"from":[6.275,0,11.95],"to":[6.275,1,12.95],"rotation":{"angle":45,"axis":"y","origin":[6,1,8.5]},"faces":{"north":{"uv":[0,0,0,0.5],"texture":"#3"},"east":{"uv":[9,3,9.5,3.5],"texture":"#3"},"south":{"uv":[0,0,0,0.5],"texture":"#3"},"west":{"uv":[9,3.5,9.5,4],"texture":"#3"},"up":{"uv":[0,0.5,0,0],"texture":"#3"},"down":{"uv":[0,0,0,0.5],"texture":"#3"}}},{"from":[2.38397,0,7.74506],"to":[2.38397,2,8.74506],"rotation":{"angle":-22.5,"axis":"y","origin":[2.73753,0.75,8.59862]},"faces":{"north":{"uv":[0,0,0,1],"texture":"#3"},"east":{"uv":[8.5,7,9,8],"texture":"#3"},"south":{"uv":[0,0,0,1],"texture":"#3"},"west":{"uv":[8.5,8,9,9],"texture":"#3"},"up":{"uv":[0,0.5,0,0],"texture":"#3"},"down":{"uv":[0,0,0,0.5],"texture":"#3"}}},{"from":[3.09108,0,8.45217],"to":[3.09108,1,9.45217],"rotation":{"angle":-22.5,"axis":"y","origin":[2.73753,0.75,8.59862]},"faces":{"north":{"uv":[0,0,0,0.5],"texture":"#3"},"east":{"uv":[9,4,9.5,4.5],"texture":"#3"},"south":{"uv":[0,0,0,0.5],"texture":"#3"},"west":{"uv":[9,4.5,9.5,5],"texture":"#3"},"up":{"uv":[0,0.5,0,0],"texture":"#3"},"down":{"uv":[0,0,0,0.5],"texture":"#3"}}},{"from":[5.59108,0,1.24506],"to":[6.59108,2,1.24506],"rotation":{"angle":-45,"axis":"y","origin":[5.73753,0.75,1.59862]},"faces":{"north":{"uv":[9,0,9.5,1],"texture":"#3"},"east":{"uv":[0,0,0,1],"texture":"#3"},"south":{"uv":[9,1,9.5,2],"texture":"#3"},"west":{"uv":[0,0,0,1],"texture":"#3"},"up":{"uv":[0.5,0,0,0],"texture":"#3"},"down":{"uv":[0.5,0,0,0],"texture":"#3"}}},{"from":[4.88397,0,1.95217],"to":[5.88397,1,1.95217],"rotation":{"angle":-45,"axis":"y","origin":[5.73753,0.75,1.59862]},"faces":{"north":{"uv":[9,5,9.5,5.5],"texture":"#3"},"east":{"uv":[0,0,0,0.5],"texture":"#3"},"south":{"uv":[9,5.5,9.5,6],"texture":"#3"},"west":{"uv":[0,0,0,0.5],"texture":"#3"},"up":{"uv":[0.5,0,0,0],"texture":"#3"},"down":{"uv":[0.5,0,0,0],"texture":"#3"}}},{"from":[11.59108,0,5.24506],"to":[12.59108,2,5.24506],"rotation":{"angle":45,"axis":"y","origin":[11.73753,0.75,5.59862]},"faces":{"north":{"uv":[8.5,3,9,4],"texture":"#3"},"east":{"uv":[0,0,0,1],"texture":"#3"},"south":{"uv":[8.5,4,9,5],"texture":"#3"},"west":{"uv":[0,0,0,1],"texture":"#3"},"up":{"uv":[0.5,0,0,0],"texture":"#3"},"down":{"uv":[0.5,0,0,0],"texture":"#3"}}},{"from":[10.88397,0,5.95217],"to":[11.88397,1,5.95217],"rotation":{"angle":45,"axis":"y","origin":[11.73753,0.75,5.59862]},"faces":{"north":{"uv":[9,2,9.5,2.5],"texture":"#3"},"east":{"uv":[0,0,0,0.5],"texture":"#3"},"south":{"uv":[9,2.5,9.5,3],"texture":"#3"},"west":{"uv":[0,0,0,0.5],"texture":"#3"},"up":{"uv":[0.5,0,0,0],"texture":"#3"},"down":{"uv":[0.5,0,0,0],"texture":"#3"}}}],"gui_light":"front","display":{"thirdperson_righthand":{"rotation":[49,0,0],"translation":[-1,1.75,0.25],"scale":[0.27,0.27,0.27]},"thirdperson_lefthand":{"rotation":[49,0,0],"translation":[-1,2,0.25],"scale":[0.27,0.27,0.27]},"firstperson_righthand":{"translation":[0,4.75,1.5],"scale":[0.39,0.39,0.39]},"firstperson_lefthand":{"translation":[0,4.75,1.5],"scale":[0.39,0.39,0.39]},"ground":{"translation":[0,2.25,0],"scale":[0.4,0.4,0.4]},"gui":{"rotation":[23.75,0,0],"translation":[0,5,0],"scale":[1.04,1.04,1.04]},"head":{"scale":[0,0,0]},"fixed":{"rotation":[-90,0,0],"translation":[0,0,-16],"scale":[2,2,2]}},"groups":[{"name":"group","origin":[11.73753,0.75,5.59862],"color":0,"children":[0,1,2,3,4,5,6,7,8,9,10,11,12,13,14,15,16,17,18]}],"mcmodels":"4c1e061d2eef16cb1fde38b411c5272a"}