{"credit":"Created by Workshop Six","texture_size":[32,32],"textures":{"1":"workshop_six:essentials/nature_decor/crystal_tint","2":"workshop_six:essentials/nature_decor/crystal_base","particle":"workshop_six:essentials/nature_decor/crystal_tint"},"elements":[{"from":[6.995,1,7],"to":[9.995,12,10],"rotation":{"angle":0,"axis":"y","origin":[7,1,7]},"faces":{"north":{"uv":[0,0,0.75,2.75],"texture":"#1","tintindex":0},"east":{"uv":[0.75,0,1.5,2.75],"texture":"#1","tintindex":0},"south":{"uv":[1.5,0,2.25,2.75],"texture":"#1","tintindex":0},"west":{"uv":[2.25,0,3,2.75],"texture":"#1","tintindex":0},"up":{"uv":[6.75,3,6,2.25],"texture":"#1","tintindex":0},"down":{"uv":[3.5,6,2.75,6.75],"texture":"#1","tintindex":0}}},{"from":[7.43779,10.92664,7.025],"to":[9.56279,13.05164,9.975],"rotation":{"angle":-45,"axis":"z","origin":[8.50029,11.98914,8.5]},"faces":{"north":{"uv":[7.5,3.5,8,4],"texture":"#1","tintindex":0},"east":{"uv":[6.75,2,7.5,2.5],"texture":"#1","tintindex":0},"south":{"uv":[4,7.5,4.5,8],"texture":"#1","tintindex":0},"west":{"uv":[6.75,2.5,7.5,3],"texture":"#1","tintindex":0},"up":{"uv":[3.25,7.5,2.75,6.75],"texture":"#1","tintindex":0},"down":{"uv":[7.25,3,6.75,3.75],"texture":"#1","tintindex":0}}},{"from":[12.37772,7.12091,8.025],"to":[14.50272,9.24591,10.975],"rotation":{"angle":22.5,"axis":"z","origin":[11.49764,6.24457,9.5]},"faces":{"north":{"uv":[4.5,7.5,5,8],"texture":"#1","tintindex":0},"east":{"uv":[3.25,6.75,4,7.25],"texture":"#1","tintindex":0},"south":{"uv":[5,7.5,5.5,8],"texture":"#1","tintindex":0},"west":{"uv":[6.75,3.75,7.5,4.25],"texture":"#1","tintindex":0},"up":{"uv":[4.5,7.5,4,6.75],"texture":"#1","tintindex":0},"down":{"uv":[7.25,4.25,6.75,5],"texture":"#1","tintindex":0}}},{"from":[9.995,1,8],"to":[12.995,9,11],"rotation":{"angle":-22.5,"axis":"z","origin":[11.49764,6.24457,9.5]},"faces":{"north":{"uv":[0,2.75,0.75,4.75],"texture":"#1","tintindex":0},"east":{"uv":[0.75,2.75,1.5,4.75],"texture":"#1","tintindex":0},"south":{"uv":[1.5,2.75,2.25,4.75],"texture":"#1","tintindex":0},"west":{"uv":[2.25,2.75,3,4.75],"texture":"#1","tintindex":0},"up":{"uv":[6.75,3.75,6,3],"texture":"#1","tintindex":0},"down":{"uv":[4.25,6,3.5,6.75],"texture":"#1","tintindex":0}}},{"from":[4.495,1,5],"to":[7.495,9,8],"rotation":{"angle":22.5,"axis":"z","origin":[5.99764,6.24457,6.5]},"faces":{"north":{"uv":[3,0,3.75,2],"texture":"#1","tintindex":0},"east":{"uv":[3,2,3.75,4],"texture":"#1","tintindex":0},"south":{"uv":[3.75,0,4.5,2],"texture":"#1","tintindex":0},"west":{"uv":[3.75,2,4.5,4],"texture":"#1","tintindex":0},"up":{"uv":[6.75,4.5,6,3.75],"texture":"#1","tintindex":0},"down":{"uv":[5,6,4.25,6.75],"texture":"#1","tintindex":0}}},{"from":[2.99631,7.12465,5.025],"to":[5.12131,9.24965,7.975],"rotation":{"angle":-22.5,"axis":"z","origin":[5.99764,6.24457,6.5]},"faces":{"north":{"uv":[7.5,5,8,5.5],"texture":"#1","tintindex":0},"east":{"uv":[6.75,5,7.5,5.5],"texture":"#1","tintindex":0},"south":{"uv":[5.5,7.5,6,8],"texture":"#1","tintindex":0},"west":{"uv":[6.75,5.5,7.5,6],"texture":"#1","tintindex":0},"up":{"uv":[5,7.5,4.5,6.75],"texture":"#1","tintindex":0},"down":{"uv":[6.25,6.75,5.75,7.5],"texture":"#1","tintindex":0}}},{"from":[3.495,1,7],"to":[6.495,5,9],"rotation":{"angle":45,"axis":"z","origin":[4.99764,2.24457,8.5]},"faces":{"north":{"uv":[5.25,1.25,6,2.25],"texture":"#1","tintindex":0},"east":{"uv":[6.5,1,7,2],"texture":"#1","tintindex":0},"south":{"uv":[5.25,2.25,6,3.25],"texture":"#1","tintindex":0},"west":{"uv":[0,6.75,0.5,7.75],"texture":"#1","tintindex":0},"up":{"uv":[7.5,6.5,6.75,6],"texture":"#1","tintindex":0},"down":{"uv":[7,6.75,6.25,7.25],"texture":"#1","tintindex":0}}},{"from":[1.99631,3.12465,7.025],"to":[4.12131,5.24965,8.975],"rotation":{"angle":0,"axis":"y","origin":[4.99764,2.24457,8.5]},"faces":{"north":{"uv":[7.5,5.5,8,6],"texture":"#1","tintindex":0},"east":{"uv":[7.5,6,8,6.5],"texture":"#1","tintindex":0},"south":{"uv":[6.75,7.5,7.25,8],"texture":"#1","tintindex":0},"west":{"uv":[7.25,7.5,7.75,8],"texture":"#1","tintindex":0},"up":{"uv":[0.5,8.25,0,7.75],"texture":"#1","tintindex":0},"down":{"uv":[1,7.75,0.5,8.25],"texture":"#1","tintindex":0}}},{"from":[9.505,1,6],"to":[12.505,5,8],"rotation":{"angle":-45,"axis":"z","origin":[11.00236,2.24457,7.5]},"faces":{"north":{"uv":[5.25,3.25,6,4.25],"texture":"#1","tintindex":0},"east":{"uv":[6.75,0,7.25,1],"texture":"#1","tintindex":0},"south":{"uv":[5.25,4.25,6,5.25],"texture":"#1","tintindex":0},"west":{"uv":[0.5,6.75,1,7.75],"texture":"#1","tintindex":0},"up":{"uv":[7.75,1.5,7,1],"texture":"#1","tintindex":0},"down":{"uv":[7.75,1.5,7,2],"texture":"#1","tintindex":0}}},{"from":[11.87869,3.12465,6.025],"to":[14.00369,5.24965,7.975],"rotation":{"angle":0,"axis":"y","origin":[11.00236,2.24457,7.5]},"faces":{"north":{"uv":[1,7.75,1.5,8.25],"texture":"#1","tintindex":0},"east":{"uv":[7.75,1,8.25,1.5],"texture":"#1","tintindex":0},"south":{"uv":[1.5,7.75,2,8.25],"texture":"#1","tintindex":0},"west":{"uv":[7.75,1.5,8.25,2],"texture":"#1","tintindex":0},"up":{"uv":[2.5,8.25,2,7.75],"texture":"#1","tintindex":0},"down":{"uv":[3.75,7.75,3.25,8.25],"texture":"#1","tintindex":0}}},{"from":[4.49764,1,9.49736],"to":[7.49764,9,12.49736],"rotation":{"angle":22.5,"axis":"x","origin":[5.99764,6.24457,11]},"faces":{"north":{"uv":[3,4,3.75,6],"texture":"#1","tintindex":0},"east":{"uv":[3.75,4,4.5,6],"texture":"#1","tintindex":0},"south":{"uv":[4.5,0,5.25,2],"texture":"#1","tintindex":0},"west":{"uv":[4.5,2,5.25,4],"texture":"#1","tintindex":0},"up":{"uv":[6.75,5.25,6,4.5],"texture":"#1","tintindex":0},"down":{"uv":[6.75,5.25,6,6],"texture":"#1","tintindex":0}}},{"from":[4.52264,7.12091,11.88007],"to":[7.47264,9.24591,14.00507],"rotation":{"angle":-22.5,"axis":"x","origin":[5.99764,6.24457,11]},"faces":{"north":{"uv":[5,7,5.75,7.5],"texture":"#1","tintindex":0},"east":{"uv":[7.75,4,8.25,4.5],"texture":"#1","tintindex":0},"south":{"uv":[7,6.5,7.75,7],"texture":"#1","tintindex":0},"west":{"uv":[7.75,4.5,8.25,5],"texture":"#1","tintindex":0},"up":{"uv":[7.75,7.5,7,7],"texture":"#1","tintindex":0},"down":{"uv":[8,0,7.25,0.5],"texture":"#1","tintindex":0}}},{"from":[7.49764,1,3.99736],"to":[10.49764,9,6.99736],"rotation":{"angle":-22.5,"axis":"x","origin":[8.99764,6.24457,5.5]},"faces":{"north":{"uv":[4.5,4,5.25,6],"texture":"#1","tintindex":0},"east":{"uv":[0,4.75,0.75,6.75],"texture":"#1","tintindex":0},"south":{"uv":[0.75,4.75,1.5,6.75],"texture":"#1","tintindex":0},"west":{"uv":[1.5,4.75,2.25,6.75],"texture":"#1","tintindex":0},"up":{"uv":[6.75,6.75,6,6],"texture":"#1","tintindex":0},"down":{"uv":[5.75,6.25,5,7],"texture":"#1","tintindex":0}}},{"from":[7.52264,7.12465,2.49866],"to":[10.47264,9.24965,4.62366],"rotation":{"angle":22.5,"axis":"x","origin":[8.99764,6.24457,5.5]},"faces":{"north":{"uv":[7.25,0.5,8,1],"texture":"#1","tintindex":0},"east":{"uv":[7.75,6.5,8.25,7],"texture":"#1","tintindex":0},"south":{"uv":[2,7.25,2.75,7.75],"texture":"#1","tintindex":0},"west":{"uv":[7.75,7,8.25,7.5],"texture":"#1","tintindex":0},"up":{"uv":[8,3.5,7.25,3],"texture":"#1","tintindex":0},"down":{"uv":[4,7.25,3.25,7.75],"texture":"#1","tintindex":0}}},{"from":[7.49764,0.5,10.00736],"to":[9.49764,5.5,13.00736],"rotation":{"angle":45,"axis":"x","origin":[7.99764,2.74457,11.50471]},"faces":{"north":{"uv":[6,1,6.5,2.25],"texture":"#1","tintindex":0},"east":{"uv":[2.25,4.75,3,6],"texture":"#1","tintindex":0},"south":{"uv":[2.25,6,2.75,7.25],"texture":"#1","tintindex":0},"west":{"uv":[5.25,0,6,1.25],"texture":"#1","tintindex":0},"up":{"uv":[7.75,5,7.25,4.25],"texture":"#1","tintindex":0},"down":{"uv":[6.75,7.25,6.25,8],"texture":"#1","tintindex":0}}},{"from":[7.52264,3.62465,12.38105],"to":[9.47264,5.74965,14.50605],"rotation":{"angle":0,"axis":"y","origin":[7.99764,2.74457,11.50471]},"faces":{"north":{"uv":[7.75,7.5,8.25,8],"texture":"#1","tintindex":0},"east":{"uv":[8,0,8.5,0.5],"texture":"#1","tintindex":0},"south":{"uv":[8,0.5,8.5,1],"texture":"#1","tintindex":0},"west":{"uv":[8,2,8.5,2.5],"texture":"#1","tintindex":0},"up":{"uv":[8.5,3,8,2.5],"texture":"#1","tintindex":0},"down":{"uv":[8.5,3,8,3.5],"texture":"#1","tintindex":0}}},{"from":[6.49764,1,2.99736],"to":[8.49764,5,5.99736],"rotation":{"angle":-45,"axis":"x","origin":[6.99764,2.24457,4.5]},"faces":{"north":{"uv":[1,6.75,1.5,7.75],"texture":"#1","tintindex":0},"east":{"uv":[5.25,5.25,6,6.25],"texture":"#1","tintindex":0},"south":{"uv":[1.5,6.75,2,7.75],"texture":"#1","tintindex":0},"west":{"uv":[6,0,6.75,1],"texture":"#1","tintindex":0},"up":{"uv":[8,2.75,7.5,2],"texture":"#1","tintindex":0},"down":{"uv":[3.25,7.5,2.75,8.25],"texture":"#1","tintindex":0}}},{"from":[6.52264,3.12465,1.49866],"to":[8.47264,5.24965,3.62366],"rotation":{"angle":0,"axis":"y","origin":[6.99764,2.24457,4.5]},"faces":{"north":{"uv":[8,3.5,8.5,4],"texture":"#1","tintindex":0},"east":{"uv":[3.75,8,4.25,8.5],"texture":"#1","tintindex":0},"south":{"uv":[4.25,8,4.75,8.5],"texture":"#1","tintindex":0},"west":{"uv":[4.75,8,5.25,8.5],"texture":"#1","tintindex":0},"up":{"uv":[8.5,5.5,8,5],"texture":"#1","tintindex":0},"down":{"uv":[5.75,8,5.25,8.5],"texture":"#1","tintindex":0}}},{"from":[4.25,0,4.5],"to":[12.25,2,12.5],"rotation":{"angle":-22.5,"axis":"y","origin":[9.25,0.75,8]},"faces":{"north":{"uv":[4,7.5,8,8.5],"texture":"#2"},"east":{"uv":[0,8,4,9],"texture":"#2"},"south":{"uv":[8,4,12,5],"texture":"#2"},"west":{"uv":[8,5,12,6],"texture":"#2"},"up":{"uv":[4,4,0,0],"texture":"#2"},"down":{"uv":[4,4,0,8],"texture":"#2"}}},{"from":[4,0,12.5],"to":[11,1,16.5],"rotation":{"angle":45,"axis":"y","origin":[5,0,8]},"faces":{"north":{"uv":[8,6,11.5,6.5],"texture":"#2"},"east":{"uv":[6.5,8.5,8.5,9],"texture":"#2"},"south":{"uv":[8,6.5,11.5,7],"texture":"#2"},"west":{"uv":[8.5,8.5,10.5,9],"texture":"#2"},"up":{"uv":[7.5,2,4,0],"texture":"#2"},"down":{"uv":[7.5,2,4,4],"texture":"#2"}}},{"from":[2.5,0,4],"to":[6.5,1,11],"rotation":{"angle":0,"axis":"y","origin":[5,0,8]},"faces":{"north":{"uv":[0,9,2,9.5],"texture":"#2"},"east":{"uv":[8,7,11.5,7.5],"texture":"#2"},"south":{"uv":[2,9,4,9.5],"texture":"#2"},"west":{"uv":[8,7.5,11.5,8],"texture":"#2"},"up":{"uv":[6,7.5,4,4],"texture":"#2"},"down":{"uv":[8,4,6,7.5],"texture":"#2"}}},{"from":[7,0,2],"to":[12,1,6],"rotation":{"angle":0,"axis":"y","origin":[5,0,8]},"faces":{"north":{"uv":[8,8,10.5,8.5],"texture":"#2"},"east":{"uv":[4,9,6,9.5],"texture":"#2"},"south":{"uv":[4,8.5,6.5,9],"texture":"#2"},"west":{"uv":[6,9,8,9.5],"texture":"#2"},"up":{"uv":[10,2,7.5,0],"texture":"#2"},"down":{"uv":[10,2,7.5,4],"texture":"#2"}}}],"gui_light":"front","display":{"thirdperson_righthand":{"rotation":[49,0,0],"translation":[-1,1,0.25],"scale":[0.27,0.27,0.27]},"firstperson_righthand":{"translation":[0,4.75,1.5],"scale":[0.39,0.39,0.39]},"firstperson_lefthand":{"translation":[0,4.75,1.5],"scale":[0.39,0.39,0.39]},"ground":{"translation":[0,2.25,0],"scale":[0.4,0.4,0.4]},"gui":{"rotation":[11.75,0,0],"translation":[0,2,0],"scale":[0.93,0.93,0.93]},"head":{"scale":[0,0,0]},"fixed":{"rotation":[-90,0,0],"translation":[0,0,-16],"scale":[2,2,2]}},"groups":[{"name":"group","origin":[5,0,8],"color":0,"children":[0,1,2,3,4,5,6,7,8,9,10,11,12,13,14,15,16,17,18,19,20,21]}],"mcmodels":"4c1e061d2eef16cb1fde38b411c5272a"}