{"credit":"Created by Workshop Six","texture_size":[32,32],"textures":{"1":"workshop_six:essentials/nature_decor/glow_mushrooms","particle":"workshop_six:essentials/nature_decor/glow_mushrooms_e"},"elements":[{"from":[10.25,0,7.75],"to":[12.25,4,9.75],"rotation":{"angle":0,"axis":"y","origin":[11,4,7.5]},"faces":{"north":{"uv":[5.5,7,6.5,9],"texture":"#1"},"east":{"uv":[6.5,7.5,7.5,9.5],"texture":"#1"},"south":{"uv":[7.5,7.5,8.5,9.5],"texture":"#1"},"west":{"uv":[8,3,9,5],"texture":"#1"},"up":{"uv":[1,10.5,0,9.5],"texture":"#1"},"down":{"uv":[2,9.5,1,10.5],"texture":"#1"}}},{"from":[9.25,4,6.75],"to":[13.25,6,10.75],"rotation":{"angle":0,"axis":"y","origin":[11,4,7.5]},"faces":{"north":{"uv":[8,5,10,6],"texture":"#1"},"east":{"uv":[8,6,10,7],"texture":"#1"},"south":{"uv":[0,8.5,2,9.5],"texture":"#1"},"west":{"uv":[8.5,7,10.5,8],"texture":"#1"},"up":{"uv":[4.5,2,2.5,0],"texture":"#1"},"down":{"uv":[4.5,2,2.5,4],"texture":"#1"}}},{"from":[9.75,6,7.25],"to":[12.75,7,10.25],"rotation":{"angle":0,"axis":"y","origin":[11,4,7.5]},"faces":{"north":{"uv":[10,4,11.5,4.5],"texture":"#1"},"east":{"uv":[10,5,11.5,5.5],"texture":"#1"},"south":{"uv":[10,5.5,11.5,6],"texture":"#1"},"west":{"uv":[6,10,7.5,10.5],"texture":"#1"},"up":{"uv":[8,4.5,6.5,3],"texture":"#1"},"down":{"uv":[8,4.5,6.5,6],"texture":"#1"}}},{"from":[4.75,5,3],"to":[7.75,6,6],"rotation":{"angle":-22.5,"axis":"y","origin":[11,4,7.5]},"faces":{"north":{"uv":[10,6,11.5,6.5],"texture":"#1"},"east":{"uv":[10,6.5,11.5,7],"texture":"#1"},"south":{"uv":[9.5,10,11,10.5],"texture":"#1"},"west":{"uv":[0,10.5,1.5,11],"texture":"#1"},"up":{"uv":[8,7.5,6.5,6],"texture":"#1"},"down":{"uv":[5.5,7,4,8.5],"texture":"#1"}}},{"from":[4.25,3,2.5],"to":[8.25,5,6.5],"rotation":{"angle":-22.5,"axis":"y","origin":[11,4,7.5]},"faces":{"north":{"uv":[8.5,8,10.5,9],"texture":"#1"},"east":{"uv":[9,0,11,1],"texture":"#1"},"south":{"uv":[9,1,11,2],"texture":"#1"},"west":{"uv":[9,2,11,3],"texture":"#1"},"up":{"uv":[4.5,6,2.5,4],"texture":"#1"},"down":{"uv":[6.5,0,4.5,2],"texture":"#1"}}},{"from":[5.25,0,3.5],"to":[7.25,3,5.5],"rotation":{"angle":-22.5,"axis":"y","origin":[11,4,7.5]},"faces":{"north":{"uv":[4,8.5,5,10],"texture":"#1"},"east":{"uv":[9,3,10,4.5],"texture":"#1"},"south":{"uv":[5,9,6,10.5],"texture":"#1"},"west":{"uv":[8.5,9,9.5,10.5],"texture":"#1"},"up":{"uv":[3,10.5,2,9.5],"texture":"#1"},"down":{"uv":[4,9.5,3,10.5],"texture":"#1"}}},{"from":[3,9,0.25],"to":[7,10,4.25],"rotation":{"angle":45,"axis":"y","origin":[11,4,6]},"faces":{"north":{"uv":[9,4.5,11,5],"texture":"#1"},"east":{"uv":[6,9.5,8,10],"texture":"#1"},"south":{"uv":[9.5,9,11.5,9.5],"texture":"#1"},"west":{"uv":[9.5,9.5,11.5,10],"texture":"#1"},"up":{"uv":[6.5,4,4.5,2],"texture":"#1"},"down":{"uv":[6.5,4,4.5,6],"texture":"#1"}}},{"from":[2.5,7,-0.25],"to":[7.5,9,4.75],"rotation":{"angle":45,"axis":"y","origin":[11,4,6]},"faces":{"north":{"uv":[4,6,6.5,7],"texture":"#1"},"east":{"uv":[6.5,0,9,1],"texture":"#1"},"south":{"uv":[6.5,1,9,2],"texture":"#1"},"west":{"uv":[6.5,2,9,3],"texture":"#1"},"up":{"uv":[2.5,2.5,0,0],"texture":"#1"},"down":{"uv":[2.5,2.5,0,5],"texture":"#1"}}},{"from":[4,0,1.25],"to":[6,7,3.25],"rotation":{"angle":45,"axis":"y","origin":[11,4,6]},"faces":{"north":{"uv":[0,5,1,8.5],"texture":"#1"},"east":{"uv":[1,5,2,8.5],"texture":"#1"},"south":{"uv":[2,6,3,9.5],"texture":"#1"},"west":{"uv":[3,6,4,9.5],"texture":"#1"},"up":{"uv":[11,4,10,3],"texture":"#1"},"down":{"uv":[5,10,4,11],"texture":"#1"}}},{"from":[5,0,12.25],"to":[7,3,14.25],"rotation":{"angle":0,"axis":"y","origin":[9.75,4,6.5]},"faces":{"north":{"uv":[4,8.5,5,10],"texture":"#1"},"east":{"uv":[9,3,10,4.5],"texture":"#1"},"south":{"uv":[5,9,6,10.5],"texture":"#1"},"west":{"uv":[8.5,9,9.5,10.5],"texture":"#1"},"up":{"uv":[3,10.5,2,9.5],"texture":"#1"},"down":{"uv":[4,9.5,3,10.5],"texture":"#1"}}},{"from":[4,3,11.25],"to":[8,5,15.25],"rotation":{"angle":0,"axis":"y","origin":[9.75,4,6.5]},"faces":{"north":{"uv":[8.5,8,10.5,9],"texture":"#1"},"east":{"uv":[9,0,11,1],"texture":"#1"},"south":{"uv":[9,1,11,2],"texture":"#1"},"west":{"uv":[9,2,11,3],"texture":"#1"},"up":{"uv":[4.5,6,2.5,4],"texture":"#1"},"down":{"uv":[6.5,0,4.5,2],"texture":"#1"}}},{"from":[4.5,5,11.75],"to":[7.5,6,14.75],"rotation":{"angle":0,"axis":"y","origin":[9.75,4,6.5]},"faces":{"north":{"uv":[10,6,11.5,6.5],"texture":"#1"},"east":{"uv":[10,6.5,11.5,7],"texture":"#1"},"south":{"uv":[9.5,10,11,10.5],"texture":"#1"},"west":{"uv":[0,10.5,1.5,11],"texture":"#1"},"up":{"uv":[8,7.5,6.5,6],"texture":"#1"},"down":{"uv":[5.5,7,4,8.5],"texture":"#1"}}}],"gui_light":"front","display":{"thirdperson_righthand":{"rotation":[49,0,0],"translation":[-1,0.75,0.25],"scale":[0.27,0.27,0.27]},"thirdperson_lefthand":{"rotation":[49,0,0],"translation":[-1,0,-0.5],"scale":[0.27,0.27,0.27]},"firstperson_righthand":{"translation":[0,4.75,1.5],"scale":[0.39,0.39,0.39]},"firstperson_lefthand":{"translation":[0,4.75,1.5],"scale":[0.39,0.39,0.39]},"ground":{"translation":[0,2.25,0],"scale":[0.4,0.4,0.4]},"gui":{"rotation":[11.75,0,0],"translation":[1,2.75,0],"scale":[1.05,1.05,1.05]},"head":{"scale":[0,0,0]},"fixed":{"rotation":[-90,0,0],"translation":[0,0,-16],"scale":[2,2,2]}},"groups":[{"name":"group","origin":[9.75,4,6.5],"color":0,"children":[0,1,2,3,4,5,6,7,8,9,10,11]}],"mcmodels":"4c1e061d2eef16cb1fde38b411c5272a"}