{"credit":"Created by Workshop Six","texture_size":[64,64],"textures":{"2":"workshop_six:essentials/nature_decor/glow_mushrooms_large","particle":"workshop_six:essentials/nature_decor/glow_mushrooms_large_e"},"elements":[{"from":[12,0,7.25],"to":[14,4,9.25],"rotation":{"angle":45,"axis":"y","origin":[7.41228,8,9.19731]},"faces":{"north":{"uv":[3.25,5.75,3.75,6.75],"texture":"#2"},"east":{"uv":[5.25,5.75,5.75,6.75],"texture":"#2"},"south":{"uv":[5.75,5.75,6.25,6.75],"texture":"#2"},"west":{"uv":[0,6,0.5,7],"texture":"#2"},"up":{"uv":[5.75,7.25,5.25,6.75],"texture":"#2"},"down":{"uv":[6.25,6.75,5.75,7.25],"texture":"#2"}}},{"from":[11,4,6.25],"to":[15,6,10.25],"rotation":{"angle":45,"axis":"y","origin":[7.41228,8,9.19731]},"faces":{"north":{"uv":[0.5,6,1.5,6.5],"texture":"#2"},"east":{"uv":[6.25,0,7.25,0.5],"texture":"#2"},"south":{"uv":[6.25,0.5,7.25,1],"texture":"#2"},"west":{"uv":[1.5,6.25,2.5,6.75],"texture":"#2"},"up":{"uv":[4.25,2.25,3.25,1.25],"texture":"#2"},"down":{"uv":[4.25,2.25,3.25,3.25],"texture":"#2"}}},{"from":[11.5,6,6.75],"to":[14.5,7,9.75],"rotation":{"angle":45,"axis":"y","origin":[7.41228,8,9.19731]},"faces":{"north":{"uv":[3.75,6,4.5,6.25],"texture":"#2"},"east":{"uv":[4.5,7,5.25,7.25],"texture":"#2"},"south":{"uv":[7.25,0.5,8,0.75],"texture":"#2"},"west":{"uv":[7.25,0.75,8,1],"texture":"#2"},"up":{"uv":[4.5,6,3.75,5.25],"texture":"#2"},"down":{"uv":[6.25,3.5,5.5,4.25],"texture":"#2"}}},{"from":[1.10776,5,4.76569],"to":[4.10776,6,7.76569],"rotation":{"angle":0,"axis":"y","origin":[7.41228,8,9.19731]},"faces":{"north":{"uv":[7.25,3.5,8,3.75],"texture":"#2"},"east":{"uv":[7.25,3.75,8,4],"texture":"#2"},"south":{"uv":[7.25,4,8,4.25],"texture":"#2"},"west":{"uv":[7.25,4.25,8,4.5],"texture":"#2"},"up":{"uv":[6.25,5,5.5,4.25],"texture":"#2"},"down":{"uv":[5.25,5.5,4.5,6.25],"texture":"#2"}}},{"from":[0.60776,3,4.26569],"to":[4.60776,5,8.26569],"rotation":{"angle":0,"axis":"y","origin":[7.41228,8,9.19731]},"faces":{"north":{"uv":[6.25,3.5,7.25,4],"texture":"#2"},"east":{"uv":[3.75,6.25,4.75,6.75],"texture":"#2"},"south":{"uv":[6.25,4,7.25,4.5],"texture":"#2"},"west":{"uv":[6.25,4.5,7.25,5],"texture":"#2"},"up":{"uv":[4.25,4.25,3.25,3.25],"texture":"#2"},"down":{"uv":[2.5,3.75,1.5,4.75],"texture":"#2"}}},{"from":[1.60776,0,5.26569],"to":[3.60776,3,7.26569],"rotation":{"angle":0,"axis":"y","origin":[7.41228,8,9.19731]},"faces":{"north":{"uv":[4.75,6.25,5.25,7],"texture":"#2"},"east":{"uv":[6.5,1,7,1.75],"texture":"#2"},"south":{"uv":[6.5,1.75,7,2.5],"texture":"#2"},"west":{"uv":[2.5,6.5,3,7.25],"texture":"#2"},"up":{"uv":[0.5,7.5,0,7],"texture":"#2"},"down":{"uv":[1,7,0.5,7.5],"texture":"#2"}}},{"from":[2.27684,8,11.94667],"to":[6.27684,9,15.94667],"rotation":{"angle":-22.5,"axis":"y","origin":[7.41228,8,9.19731]},"faces":{"north":{"uv":[7,1,8,1.25],"texture":"#2"},"east":{"uv":[7,1.25,8,1.5],"texture":"#2"},"south":{"uv":[7,1.5,8,1.75],"texture":"#2"},"west":{"uv":[7,1.75,8,2],"texture":"#2"},"up":{"uv":[5,1,4,0],"texture":"#2"},"down":{"uv":[5.25,1,4.25,2],"texture":"#2"}}},{"from":[1.77684,6,11.44667],"to":[6.77684,8,16.44667],"rotation":{"angle":-22.5,"axis":"y","origin":[7.41228,8,9.19731]},"faces":{"north":{"uv":[5,0,6.25,0.5],"texture":"#2"},"east":{"uv":[5,0.5,6.25,1],"texture":"#2"},"south":{"uv":[5.25,1,6.5,1.5],"texture":"#2"},"west":{"uv":[5.25,1.5,6.5,2],"texture":"#2"},"up":{"uv":[2.75,1.25,1.5,0],"texture":"#2"},"down":{"uv":[2.75,1.25,1.5,2.5],"texture":"#2"}}},{"from":[3.27684,0,12.94667],"to":[5.27684,6,14.94667],"rotation":{"angle":-22.5,"axis":"y","origin":[7.41228,8,9.19731]},"faces":{"north":{"uv":[4.5,4,5,5.5],"texture":"#2"},"east":{"uv":[1.5,4.75,2,6.25],"texture":"#2"},"south":{"uv":[2,4.75,2.5,6.25],"texture":"#2"},"west":{"uv":[5,4,5.5,5.5],"texture":"#2"},"up":{"uv":[1.5,7.5,1,7],"texture":"#2"},"down":{"uv":[7.5,2,7,2.5],"texture":"#2"}}},{"from":[12.02266,0,8.94719],"to":[14.02266,3,10.94719],"rotation":{"angle":-22.5,"axis":"y","origin":[7.41228,8,9.19731]},"faces":{"north":{"uv":[6.5,2.5,7,3.25],"texture":"#2"},"east":{"uv":[6.25,6.5,6.75,7.25],"texture":"#2"},"south":{"uv":[1.5,6.75,2,7.5],"texture":"#2"},"west":{"uv":[2,6.75,2.5,7.5],"texture":"#2"},"up":{"uv":[7.5,3,7,2.5],"texture":"#2"},"down":{"uv":[3.5,7,3,7.5],"texture":"#2"}}},{"from":[11.02266,3,7.94719],"to":[15.02266,5,11.94719],"rotation":{"angle":-22.5,"axis":"y","origin":[7.41228,8,9.19731]},"faces":{"north":{"uv":[6.25,5,7.25,5.5],"texture":"#2"},"east":{"uv":[6.25,5.5,7.25,6],"texture":"#2"},"south":{"uv":[6.25,6,7.25,6.5],"texture":"#2"},"west":{"uv":[0.5,6.5,1.5,7],"texture":"#2"},"up":{"uv":[5.25,3,4.25,2],"texture":"#2"},"down":{"uv":[3.5,4.25,2.5,5.25],"texture":"#2"}}},{"from":[11.52266,5,8.44719],"to":[14.52266,6,11.44719],"rotation":{"angle":-22.5,"axis":"y","origin":[7.41228,8,9.19731]},"faces":{"north":{"uv":[4.5,7.25,5.25,7.5],"texture":"#2"},"east":{"uv":[7.25,4.5,8,4.75],"texture":"#2"},"south":{"uv":[7.25,4.75,8,5],"texture":"#2"},"west":{"uv":[7.25,5,8,5.25],"texture":"#2"},"up":{"uv":[6.25,5.75,5.5,5],"texture":"#2"},"down":{"uv":[3.25,5.75,2.5,6.5],"texture":"#2"}}},{"from":[6.65559,0,7.63579],"to":[8.65559,12,9.63579],"rotation":{"angle":22.5,"axis":"y","origin":[7.41228,8,9.19731]},"faces":{"north":{"uv":[2.75,1.25,3.25,4.25],"texture":"#2"},"east":{"uv":[0,3,0.5,6],"texture":"#2"},"south":{"uv":[0.5,3,1,6],"texture":"#2"},"west":{"uv":[1,3,1.5,6],"texture":"#2"},"up":{"uv":[4,7.5,3.5,7],"texture":"#2"},"down":{"uv":[4.5,7,4,7.5],"texture":"#2"}}},{"from":[5.15559,12,6.13579],"to":[10.15559,14,11.13579],"rotation":{"angle":22.5,"axis":"y","origin":[7.41228,8,9.19731]},"faces":{"north":{"uv":[5.25,2,6.5,2.5],"texture":"#2"},"east":{"uv":[2.5,5.25,3.75,5.75],"texture":"#2"},"south":{"uv":[5.25,2.5,6.5,3],"texture":"#2"},"west":{"uv":[5.25,3,6.5,3.5],"texture":"#2"},"up":{"uv":[2.75,3.75,1.5,2.5],"texture":"#2"},"down":{"uv":[4,0,2.75,1.25],"texture":"#2"}}},{"from":[5.65559,14,6.63579],"to":[9.65559,15,10.63579],"rotation":{"angle":22.5,"axis":"y","origin":[7.41228,8,9.19731]},"faces":{"north":{"uv":[7,3,8,3.25],"texture":"#2"},"east":{"uv":[6.75,7,7.75,7.25],"texture":"#2"},"south":{"uv":[7.25,0,8.25,0.25],"texture":"#2"},"west":{"uv":[7.25,0.25,8.25,0.5],"texture":"#2"},"up":{"uv":[5.25,4,4.25,3],"texture":"#2"},"down":{"uv":[4.5,4.25,3.5,5.25],"texture":"#2"}}},{"from":[4.65559,11,5.63579],"to":[10.65559,12,11.63579],"rotation":{"angle":22.5,"axis":"y","origin":[7.41228,8,9.19731]},"faces":{"north":{"uv":[6.5,3.25,8,3.5],"texture":"#2"},"east":{"uv":[3,6.75,4.5,7],"texture":"#2"},"south":{"uv":[6.75,6.5,8.25,6.75],"texture":"#2"},"west":{"uv":[6.75,6.75,8.25,7],"texture":"#2"},"up":{"uv":[1.5,1.5,0,0],"texture":"#2"},"down":{"uv":[1.5,1.5,0,3],"texture":"#2"}}}],"gui_light":"front","display":{"thirdperson_righthand":{"rotation":[49,0,0],"translation":[-1,0,-0.5],"scale":[0.27,0.27,0.27]},"thirdperson_lefthand":{"rotation":[49,0,0],"translation":[-1,0,-0.5],"scale":[0.27,0.27,0.27]},"firstperson_righthand":{"translation":[0,4.75,1.5],"scale":[0.39,0.39,0.39]},"firstperson_lefthand":{"translation":[0,4.75,1.5],"scale":[0.39,0.39,0.39]},"ground":{"translation":[0,2.25,0],"scale":[0.4,0.4,0.4]},"gui":{"rotation":[11.75,0,0],"translation":[0.5,0.75,0],"scale":[0.82,0.82,0.82]},"head":{"scale":[0,0,0]},"fixed":{"rotation":[-90,0,0],"translation":[0,0,-16],"scale":[2,2,2]}},"groups":[{"name":"group","origin":[7.41228,8,9.19731],"color":0,"children":[0,1,2,3,4,5,6,7,8,9,10,11,12,13,14,15]}],"mcmodels":"4c1e061d2eef16cb1fde38b411c5272a"}