{"credit":"Created by Workshop Six","texture_size":[64,64],"textures":{"1":"workshop_six:essentials/nature_decor/log_pile_small","particle":"workshop_six:essentials/nature_decor/log_pile_small"},"elements":[{"from":[-0.5,0,0],"to":[4.5,5,17],"rotation":{"angle":0,"axis":"y","origin":[0,0,-2]},"faces":{"north":{"uv":[6.25,10.5,7.5,11.75],"texture":"#1"},"east":{"uv":[6.75,2.5,11,3.75],"texture":"#1"},"south":{"uv":[0,11,1.25,12.25],"texture":"#1"},"west":{"uv":[6.75,3.75,11,5],"texture":"#1"},"up":{"uv":[1.25,11,0,6.75],"texture":"#1"},"down":{"uv":[2.5,6.75,1.25,11],"texture":"#1"}}},{"from":[5.5,0,-3],"to":[10.5,5,14],"rotation":{"angle":0,"axis":"y","origin":[0,0,-2]},"faces":{"north":{"uv":[1.25,11,2.5,12.25],"texture":"#1"},"east":{"uv":[7.5,5,11.75,6.25],"texture":"#1"},"south":{"uv":[11,2.5,12.25,3.75],"texture":"#1"},"west":{"uv":[7.5,6.25,11.75,7.5],"texture":"#1"},"up":{"uv":[8.75,11.75,7.5,7.5],"texture":"#1"},"down":{"uv":[10,7.5,8.75,11.75],"texture":"#1"}}},{"from":[15.5,0,-1],"to":[20.5,5,16],"rotation":{"angle":-22.5,"axis":"y","origin":[4,0,-2]},"faces":{"north":{"uv":[11,3.75,12.25,5],"texture":"#1"},"east":{"uv":[8.5,0,12.75,1.25],"texture":"#1"},"south":{"uv":[11.25,7.5,12.5,8.75],"texture":"#1"},"west":{"uv":[8.5,1.25,12.75,2.5],"texture":"#1"},"up":{"uv":[3.75,13.5,2.5,9.25],"texture":"#1"},"down":{"uv":[5,9.25,3.75,13.5],"texture":"#1"}}},{"from":[5,5,-1],"to":[10,10,16],"rotation":{"angle":22.5,"axis":"y","origin":[7.74546,7.5,6.63347]},"faces":{"north":{"uv":[5,9.25,6.25,10.5],"texture":"#1"},"east":{"uv":[0,0,4.25,1.25],"texture":"#1"},"south":{"uv":[6.25,9.25,7.5,10.5],"texture":"#1"},"west":{"uv":[0,1.25,4.25,2.5],"texture":"#1"},"up":{"uv":[1.25,6.75,0,2.5],"texture":"#1"},"down":{"uv":[2.5,2.5,1.25,6.75],"texture":"#1"}}},{"from":[-2.5,1,9.5],"to":[0.5,4,12.5],"rotation":{"angle":-22.5,"axis":"y","origin":[-1.5,2.5,11]},"faces":{"north":{"uv":[11.25,8.75,12,9.5],"texture":"#1"},"east":{"uv":[11.25,9.5,12,10.25],"texture":"#1"},"south":{"uv":[10,11.25,10.75,12],"texture":"#1"},"west":{"uv":[11.25,10.25,12,11],"texture":"#1"},"up":{"uv":[11.5,12,10.75,11.25],"texture":"#1"},"down":{"uv":[12.25,11,11.5,11.75],"texture":"#1"}}},{"from":[5.49417,6,0.3031],"to":[8.49417,9,3.3031],"rotation":{"angle":45,"axis":"y","origin":[7.74546,7.5,6.63347]},"faces":{"north":{"uv":[5,11.75,5.75,12.5],"texture":"#1"},"east":{"uv":[11.75,5,12.5,5.75],"texture":"#1"},"south":{"uv":[5.75,11.75,6.5,12.5],"texture":"#1"},"west":{"uv":[11.75,5.75,12.5,6.5],"texture":"#1"},"up":{"uv":[7.25,12.5,6.5,11.75],"texture":"#1"},"down":{"uv":[12.5,6.5,11.75,7.25],"texture":"#1"}}},{"from":[10.19229,6,8.01783],"to":[13.19229,9,11.01783],"rotation":{"angle":0,"axis":"y","origin":[7.74546,7.5,6.63347]},"faces":{"north":{"uv":[7.25,11.75,8,12.5],"texture":"#1"},"east":{"uv":[8,11.75,8.75,12.5],"texture":"#1"},"south":{"uv":[8.75,11.75,9.5,12.5],"texture":"#1"},"west":{"uv":[11.5,11.75,12.25,12.5],"texture":"#1"},"up":{"uv":[12.75,9.5,12,8.75],"texture":"#1"},"down":{"uv":[10.25,12,9.5,12.75],"texture":"#1"}}},{"from":[15.5,1,7.25],"to":[18.5,4,10.25],"rotation":{"angle":22.5,"axis":"y","origin":[17.5,2.5,8.75]},"faces":{"north":{"uv":[12,9.5,12.75,10.25],"texture":"#1"},"east":{"uv":[10.25,12,11,12.75],"texture":"#1"},"south":{"uv":[12,10.25,12.75,11],"texture":"#1"},"west":{"uv":[0,12.25,0.75,13],"texture":"#1"},"up":{"uv":[1.5,13,0.75,12.25],"texture":"#1"},"down":{"uv":[2.25,12.25,1.5,13],"texture":"#1"}}}],"gui_light":"front","display":{"thirdperson_righthand":{"rotation":[49,0,0],"translation":[-1,0,-0.5],"scale":[0.27,0.27,0.27]},"thirdperson_lefthand":{"rotation":[49,0,0],"translation":[-1,0,-0.5],"scale":[0.27,0.27,0.27]},"firstperson_righthand":{"translation":[0,4.75,1.5],"scale":[0.39,0.39,0.39]},"firstperson_lefthand":{"translation":[0,4.75,1.5],"scale":[0.39,0.39,0.39]},"ground":{"translation":[0,2.25,0],"scale":[0.4,0.4,0.4]},"gui":{"rotation":[11.75,0,0],"translation":[0,1.75,0],"scale":[0.69,0.69,0.69]},"head":{"scale":[0,0,0]},"fixed":{"rotation":[-90,0,0],"translation":[0,0,-16],"scale":[2,2,2]}},"groups":[{"name":"group","origin":[17.5,2.5,8.75],"color":0,"children":[0,1,2,3,4,5,6,7]}],"mcmodels":"4c1e061d2eef16cb1fde38b411c5272a"}