{"credit":"Created by Workshop Six","texture_size":[128,128],"textures":{"2":"workshop_six:essentials/nature_decor/log_pile_large_overgrown"},"elements":[{"from":[-0.5,0,2],"to":[4.5,5,31],"faces":{"north":{"uv":[7.5,2.5,8.125,3.125],"texture":"#2"},"east":{"uv":[0,0,3.625,0.625],"texture":"#2"},"south":{"uv":[7.5,3.125,8.125,3.75],"texture":"#2"},"west":{"uv":[0,0.625,3.625,1.25],"texture":"#2"},"up":{"uv":[0.625,4.875,0,1.25],"texture":"#2"},"down":{"uv":[1.25,1.25,0.625,4.875],"texture":"#2"}}},{"from":[5.5,0,-1],"to":[10.5,5,28],"faces":{"north":{"uv":[7.5,6.25,8.125,6.875],"texture":"#2"},"east":{"uv":[1.25,1.25,4.875,1.875],"texture":"#2"},"south":{"uv":[7.5,6.875,8.125,7.5],"texture":"#2"},"west":{"uv":[1.25,1.875,4.875,2.5],"texture":"#2"},"up":{"uv":[1.875,6.125,1.25,2.5],"texture":"#2"},"down":{"uv":[2.5,2.5,1.875,6.125],"texture":"#2"}}},{"from":[11.5,0,1],"to":[16.5,5,30],"faces":{"north":{"uv":[7.5,7.5,8.125,8.125],"texture":"#2"},"east":{"uv":[2.5,2.5,6.125,3.125],"texture":"#2"},"south":{"uv":[7.625,5,8.25,5.625],"texture":"#2"},"west":{"uv":[2.5,3.125,6.125,3.75],"texture":"#2"},"up":{"uv":[3.125,7.375,2.5,3.75],"texture":"#2"},"down":{"uv":[3.75,3.75,3.125,7.375],"texture":"#2"}}},{"from":[7.5,5,0],"to":[12.5,10,29],"rotation":{"angle":22.5,"axis":"y","origin":[7,7.5,15.5]},"faces":{"north":{"uv":[7.625,5.625,8.25,6.25],"texture":"#2"},"east":{"uv":[3.625,0,7.25,0.625],"texture":"#2"},"south":{"uv":[6.25,7.625,6.875,8.25],"texture":"#2"},"west":{"uv":[3.625,0.625,7.25,1.25],"texture":"#2"},"up":{"uv":[4.375,7.375,3.75,3.75],"texture":"#2"},"down":{"uv":[5,3.75,4.375,7.375],"texture":"#2"}}},{"from":[1.5,5,3],"to":[6.5,10,32],"rotation":{"angle":22.5,"axis":"y","origin":[7,7.5,15.5]},"faces":{"north":{"uv":[6.875,7.625,7.5,8.25],"texture":"#2"},"east":{"uv":[4.875,1.25,8.5,1.875],"texture":"#2"},"south":{"uv":[8.125,2.5,8.75,3.125],"texture":"#2"},"west":{"uv":[4.875,1.875,8.5,2.5],"texture":"#2"},"up":{"uv":[0.625,8.5,0,4.875],"texture":"#2"},"down":{"uv":[1.25,4.875,0.625,8.5],"texture":"#2"}}},{"from":[4.5,10,1],"to":[9.5,15,30],"faces":{"north":{"uv":[8.125,3.125,8.75,3.75],"texture":"#2"},"east":{"uv":[5,3.75,8.625,4.375],"texture":"#2"},"south":{"uv":[8.125,6.25,8.75,6.875],"texture":"#2"},"west":{"uv":[5,4.375,8.625,5],"texture":"#2"},"up":{"uv":[5.625,8.625,5,5],"texture":"#2"},"down":{"uv":[6.25,5,5.625,8.625],"texture":"#2"}}},{"from":[-2.5,1,20.5],"to":[0.5,4,23.5],"rotation":{"angle":-22.5,"axis":"y","origin":[-1.5,2.5,22]},"faces":{"north":{"uv":[8.625,3.75,9,4.125],"texture":"#2"},"east":{"uv":[8.625,4.125,9,4.5],"texture":"#2"},"south":{"uv":[8.625,4.5,9,4.875],"texture":"#2"},"west":{"uv":[5,8.625,5.375,9],"texture":"#2"},"up":{"uv":[5.75,9,5.375,8.625],"texture":"#2"},"down":{"uv":[6.125,8.625,5.75,9],"texture":"#2"}}},{"from":[2.5,11,6.5],"to":[5.5,14,9.5],"rotation":{"angle":22.5,"axis":"y","origin":[3.5,12.5,8]},"faces":{"north":{"uv":[2.5,8.75,2.875,9.125],"texture":"#2"},"east":{"uv":[8.75,2.5,9.125,2.875],"texture":"#2"},"south":{"uv":[2.875,8.75,3.25,9.125],"texture":"#2"},"west":{"uv":[8.75,2.875,9.125,3.25],"texture":"#2"},"up":{"uv":[3.625,9.125,3.25,8.75],"texture":"#2"},"down":{"uv":[9.125,3.25,8.75,3.625],"texture":"#2"}}},{"from":[8.5,11,19.25],"to":[11.5,14,22.25],"rotation":{"angle":-22.5,"axis":"y","origin":[10.5,12.5,20.75]},"faces":{"north":{"uv":[8.75,6.25,9.125,6.625],"texture":"#2"},"east":{"uv":[8.75,6.625,9.125,7],"texture":"#2"},"south":{"uv":[8.75,7,9.125,7.375],"texture":"#2"},"west":{"uv":[8.75,7.375,9.125,7.75],"texture":"#2"},"up":{"uv":[7.875,9.125,7.5,8.75],"texture":"#2"},"down":{"uv":[9.125,7.75,8.75,8.125],"texture":"#2"}}},{"from":[14.75,1,7.25],"to":[17.75,4,10.25],"rotation":{"angle":45,"axis":"y","origin":[16.75,2.5,8.75]},"faces":{"north":{"uv":[7.875,8.75,8.25,9.125],"texture":"#2"},"east":{"uv":[8.75,8.125,9.125,8.5],"texture":"#2"},"south":{"uv":[8.25,8.75,8.625,9.125],"texture":"#2"},"west":{"uv":[8.75,8.5,9.125,8.875],"texture":"#2"},"up":{"uv":[4,9.25,3.625,8.875],"texture":"#2"},"down":{"uv":[4.375,8.875,4,9.25],"texture":"#2"}}},{"from":[5,6.25,7.75],"to":[10,7.25,14.75],"rotation":{"angle":22.5,"axis":"y","origin":[12.5,12.5,3.25]},"faces":{"north":{"uv":[8.875,5.5,9.5,5.625],"texture":"#2"},"east":{"uv":[8.875,5,9.75,5.125],"texture":"#2"},"south":{"uv":[8.875,5.625,9.5,5.75],"texture":"#2"},"west":{"uv":[8.875,5.125,9.75,5.25],"texture":"#2"},"up":{"uv":[1.875,8.375,1.25,7.5],"texture":"#2"},"down":{"uv":[2.5,7.5,1.875,8.375],"texture":"#2"}}},{"from":[10,8.25,14.25],"to":[15,9.25,19.25],"rotation":{"angle":22.5,"axis":"y","origin":[12.5,5.5,14.75]},"faces":{"north":{"uv":[8.875,5.75,9.5,5.875],"texture":"#2"},"east":{"uv":[8.875,5.875,9.5,6],"texture":"#2"},"south":{"uv":[8.875,6,9.5,6.125],"texture":"#2"},"west":{"uv":[8.875,6.125,9.5,6.25],"texture":"#2"},"up":{"uv":[8.75,7.5,8.125,6.875],"texture":"#2"},"down":{"uv":[8.125,8.125,7.5,8.75],"texture":"#2"}}},{"from":[9,8.25,5.25],"to":[14,9.25,10.25],"rotation":{"angle":22.5,"axis":"y","origin":[12.5,5.5,14.75]},"faces":{"north":{"uv":[6.25,8.875,6.875,9],"texture":"#2"},"east":{"uv":[6.875,8.875,7.5,9],"texture":"#2"},"south":{"uv":[8.75,8.875,9.375,9],"texture":"#2"},"west":{"uv":[1.25,9,1.875,9.125],"texture":"#2"},"up":{"uv":[8.75,8.125,8.125,7.5],"texture":"#2"},"down":{"uv":[8.75,8.125,8.125,8.75],"texture":"#2"}}},{"from":[8,18,18],"to":[13,19,23],"rotation":{"angle":-22.5,"axis":"y","origin":[18.5,17.5,9.5]},"faces":{"north":{"uv":[1.875,9,2.5,9.125],"texture":"#2"},"east":{"uv":[9,3.75,9.625,3.875],"texture":"#2"},"south":{"uv":[9,3.875,9.625,4],"texture":"#2"},"west":{"uv":[9,4,9.625,4.125],"texture":"#2"},"up":{"uv":[4.375,8.875,3.75,8.25],"texture":"#2"},"down":{"uv":[5,8.25,4.375,8.875],"texture":"#2"}}},{"from":[7,16,14],"to":[12,17,19],"rotation":{"angle":-22.5,"axis":"y","origin":[-6.5,26.5,14.5]},"faces":{"north":{"uv":[9,4.125,9.625,4.25],"texture":"#2"},"east":{"uv":[9,4.25,9.625,4.375],"texture":"#2"},"south":{"uv":[9,4.375,9.625,4.5],"texture":"#2"},"west":{"uv":[9,4.5,9.625,4.625],"texture":"#2"},"up":{"uv":[8.875,5.625,8.25,5],"texture":"#2"},"down":{"uv":[8.875,5.625,8.25,6.25],"texture":"#2"}}},{"from":[10,12,20],"to":[11,18,21],"rotation":{"angle":-22.5,"axis":"y","origin":[18.5,16.5,9.5]},"faces":{"north":{"uv":[6.125,8.625,6.25,9.375],"texture":"#2"},"east":{"uv":[8.625,8.75,8.75,9.5],"texture":"#2"},"south":{"uv":[4.375,8.875,4.5,9.625],"texture":"#2"},"west":{"uv":[4.5,8.875,4.625,9.625],"texture":"#2"},"up":{"uv":[3.75,8.875,3.625,8.75],"texture":"#2"},"down":{"uv":[4.75,8.875,4.625,9],"texture":"#2"}}},{"from":[9,12,16],"to":[10,16,17],"rotation":{"angle":-22.5,"axis":"y","origin":[-6.5,25.5,14.5]},"faces":{"north":{"uv":[5.875,9,6,9.5],"texture":"#2"},"east":{"uv":[6,9,6.125,9.5],"texture":"#2"},"south":{"uv":[0.625,9.125,0.75,9.625],"texture":"#2"},"west":{"uv":[0.75,9.125,0.875,9.625],"texture":"#2"},"up":{"uv":[4.875,9,4.75,8.875],"texture":"#2"},"down":{"uv":[5,8.875,4.875,9],"texture":"#2"}}},{"from":[-0.6,-0.15,17.5],"to":[4.65,5.1,28.5],"faces":{"north":{"uv":[6.25,8.25,6.875,8.875],"texture":"#2"},"east":{"uv":[6.125,2.5,7.5,3.125],"texture":"#2"},"south":{"uv":[6.875,8.25,7.5,8.875],"texture":"#2"},"west":{"uv":[6.125,3.125,7.5,3.75],"texture":"#2"},"up":{"uv":[1.875,7.5,1.25,6.125],"texture":"#2"},"down":{"uv":[2.5,6.125,1.875,7.5],"texture":"#2"}}},{"from":[4.4,9.85,14],"to":[9.65,15.1,25],"faces":{"north":{"uv":[1.25,8.375,1.875,9],"texture":"#2"},"east":{"uv":[6.25,5,7.625,5.625],"texture":"#2"},"south":{"uv":[1.875,8.375,2.5,9],"texture":"#2"},"west":{"uv":[6.25,5.625,7.625,6.25],"texture":"#2"},"up":{"uv":[6.875,7.625,6.25,6.25],"texture":"#2"},"down":{"uv":[7.5,6.25,6.875,7.625],"texture":"#2"}}},{"from":[11.4,-0.15,4.5],"to":[16.65,5.1,15.5],"rotation":{"angle":0,"axis":"y","origin":[0,0,16]},"faces":{"north":{"uv":[0,8.5,0.625,9.125],"texture":"#2"},"east":{"uv":[7.25,0,8.625,0.625],"texture":"#2"},"south":{"uv":[0.625,8.5,1.25,9.125],"texture":"#2"},"west":{"uv":[7.25,0.625,8.625,1.25],"texture":"#2"},"up":{"uv":[3.125,8.75,2.5,7.375],"texture":"#2"},"down":{"uv":[3.75,7.375,3.125,8.75],"texture":"#2"}}},{"from":[-3.47239,1.25,11.57018],"to":[1.52761,2.25,16.57018],"rotation":{"angle":0,"axis":"y","origin":[-2.47239,7.75,9.57018]},"faces":{"north":{"uv":[4.625,9,5.25,9.125],"texture":"#2"},"east":{"uv":[9,4.625,9.625,4.75],"texture":"#2"},"south":{"uv":[9,4.75,9.625,4.875],"texture":"#2"},"west":{"uv":[5.25,9,5.875,9.125],"texture":"#2"},"up":{"uv":[9.125,1.875,8.5,1.25],"texture":"#2"},"down":{"uv":[9.125,1.875,8.5,2.5],"texture":"#2"}}},{"from":[-1.87325,3.25,6.94556],"to":[3.12675,4.25,13.94556],"rotation":{"angle":0,"axis":"y","origin":[-2.47239,7.75,9.57018]},"faces":{"north":{"uv":[8.875,5.25,9.5,5.375],"texture":"#2"},"east":{"uv":[8.625,4.875,9.5,5],"texture":"#2"},"south":{"uv":[8.875,5.375,9.5,5.5],"texture":"#2"},"west":{"uv":[8.75,3.625,9.625,3.75],"texture":"#2"},"up":{"uv":[4.375,8.25,3.75,7.375],"texture":"#2"},"down":{"uv":[5,7.375,4.375,8.25],"texture":"#2"}}},{"from":[-2.47239,1.25,4.57018],"to":[2.52761,2.25,9.57018],"rotation":{"angle":0,"axis":"y","origin":[-2.47239,7.75,9.57018]},"faces":{"north":{"uv":[6.25,9,6.875,9.125],"texture":"#2"},"east":{"uv":[6.875,9,7.5,9.125],"texture":"#2"},"south":{"uv":[8.75,9,9.375,9.125],"texture":"#2"},"west":{"uv":[0,9.125,0.625,9.25],"texture":"#2"},"up":{"uv":[9.25,0.625,8.625,0],"texture":"#2"},"down":{"uv":[9.25,0.625,8.625,1.25],"texture":"#2"}}}],"gui_light":"front","display":{"thirdperson_righthand":{"rotation":[49,0,0],"translation":[-1,0,-0.5],"scale":[0.27,0.27,0.27]},"thirdperson_lefthand":{"rotation":[49,0,0],"translation":[-1.75,0,-0.5],"scale":[0.27,0.27,0.27]},"firstperson_righthand":{"translation":[0,4.75,1.5],"scale":[0.39,0.39,0.39]},"firstperson_lefthand":{"translation":[0,4.75,1.5],"scale":[0.39,0.39,0.39]},"ground":{"translation":[0,2.25,-3.5],"scale":[0.4,0.4,0.4]},"gui":{"rotation":[11.75,0,0],"translation":[0.5,1.25,0],"scale":[0.66,0.66,0.66]},"head":{"scale":[0,0,0]},"fixed":{"rotation":[-90,0,0],"translation":[0,0,-16],"scale":[2,2,2]}},"groups":[{"name":"group","origin":[0,0,0],"color":0,"children":[{"name":"group","origin":[-2.47239,7.75,9.57018],"color":0,"children":[0,1,2,3,4,5,6,7,8,9,10,11,12,13,14,15,16,17,18,19,20,21,22]}]},{"name":"group","origin":[0,0,0],"color":0,"children":[]},{"name":"group","origin":[-6.5,11.5,14.5],"color":0,"children":[]}],"mcmodels":"4c1e061d2eef16cb1fde38b411c5272a"}