{"credit":"Created by Workshop Six","texture_size":[32,32],"textures":{"0":"workshop_six:essentials/nature_decor/log_mushroom","particle":"workshop_six:essentials/nature_decor/log_mushroom"},"elements":[{"from":[2,6,11],"to":[11,8,16],"faces":{"north":{"uv":[5,5,9.5,6],"texture":"#0"},"east":{"uv":[5,7,7.5,8],"texture":"#0"},"south":{"uv":[5,6,9.5,7],"texture":"#0"},"west":{"uv":[0,7.5,2.5,8.5],"texture":"#0"},"up":{"uv":[4.5,2.5,0,0],"texture":"#0"},"down":{"uv":[4.5,2.5,0,5],"texture":"#0"}}},{"from":[7,3,11],"to":[14,4,16],"faces":{"north":{"uv":[7.5,7,11,7.5],"texture":"#0"},"east":{"uv":[2.5,7.5,5,8],"texture":"#0"},"south":{"uv":[7.5,7.5,11,8],"texture":"#0"},"west":{"uv":[8,0,10.5,0.5],"texture":"#0"},"up":{"uv":[8,2.5,4.5,0],"texture":"#0"},"down":{"uv":[8,2.5,4.5,5],"texture":"#0"}}},{"from":[8,10,11],"to":[13,11,16],"faces":{"north":{"uv":[8,0.5,10.5,1],"texture":"#0"},"east":{"uv":[8,1,10.5,1.5],"texture":"#0"},"south":{"uv":[8,1.5,10.5,2],"texture":"#0"},"west":{"uv":[8,2,10.5,2.5],"texture":"#0"},"up":{"uv":[2.5,7.5,0,5],"texture":"#0"},"down":{"uv":[5,5,2.5,7.5],"texture":"#0"}}}],"gui_light":"front","display":{"thirdperson_righthand":{"rotation":[49,0,0],"translation":[-0.5,2,-1.75],"scale":[0.37,0.37,0.37]},"thirdperson_lefthand":{"rotation":[49,0,0],"translation":[-0.5,2,-1.75],"scale":[0.37,0.37,0.37]},"firstperson_righthand":{"translation":[0,4.75,1.5],"scale":[0.39,0.39,0.39]},"firstperson_lefthand":{"translation":[0,4.75,1.5],"scale":[0.39,0.39,0.39]},"ground":{"translation":[0,2.25,0],"scale":[0.4,0.4,0.4]},"gui":{"rotation":[31,180,0],"translation":[0.25,-1.5,0]},"fixed":{"rotation":[-90,0,0],"translation":[0,0,-16],"scale":[2,2,2]}},"groups":[{"name":"group","origin":[0,0,0],"color":0,"children":[0,1,2]}],"mcmodels":"4c1e061d2eef16cb1fde38b411c5272a"}