{"credit":"Created by Workshop Six","texture_size":[32,32],"textures":{"2":"workshop_six:essentials/nature_decor/log_mushroom_corner","particle":"workshop_six:essentials/nature_decor/log_mushroom_corner"},"elements":[{"from":[-5,6,11],"to":[4,8,20],"faces":{"north":{"uv":[4.5,5,9,6],"texture":"#2"},"east":{"uv":[4.5,6,9,7],"texture":"#2"},"south":{"uv":[4.5,7,9,8],"texture":"#2"},"west":{"uv":[8,0,12.5,1],"texture":"#2"},"up":{"uv":[4.5,4.5,0,0],"texture":"#2"},"down":{"uv":[4.5,4.5,0,9],"texture":"#2"}}},{"from":[2,3,11],"to":[9,4,16],"faces":{"north":{"uv":[8,4,11.5,4.5],"texture":"#2"},"east":{"uv":[4.5,8.5,7,9],"texture":"#2"},"south":{"uv":[4.5,8,8,8.5],"texture":"#2"},"west":{"uv":[7,8.5,9.5,9],"texture":"#2"},"up":{"uv":[8,2.5,4.5,0],"texture":"#2"},"down":{"uv":[8,2.5,4.5,5],"texture":"#2"}}},{"from":[4,10,13],"to":[9,11,16],"faces":{"north":{"uv":[8,4.5,10.5,5],"texture":"#2"},"east":{"uv":[0,9,1.5,9.5],"texture":"#2"},"south":{"uv":[8,8,10.5,8.5],"texture":"#2"},"west":{"uv":[1.5,9,3,9.5],"texture":"#2"},"up":{"uv":[10.5,2.5,8,1],"texture":"#2"},"down":{"uv":[10.5,2.5,8,4],"texture":"#2"}}},{"from":[-4,4,18],"to":[0,5,24],"faces":{"north":{"uv":[4.5,8.5,7,9],"texture":"#2"},"east":{"uv":[4.5,8,8,8.5],"texture":"#2"},"south":{"uv":[7,8.5,9.5,9],"texture":"#2"},"west":{"uv":[8,4,11.5,4.5],"texture":"#2"},"up":{"uv":[8,2.5,4.5,0],"rotation":270,"texture":"#2"},"down":{"uv":[8,2.5,4.5,5],"rotation":90,"texture":"#2"}}},{"from":[-3,9,21],"to":[0,10,26],"rotation":{"angle":0,"axis":"y","origin":[-6.5,10.5,14.5]},"faces":{"north":{"uv":[0,9,1.5,9.5],"texture":"#2"},"east":{"uv":[8,8,10.5,8.5],"texture":"#2"},"south":{"uv":[1.5,9,3,9.5],"texture":"#2"},"west":{"uv":[8,4.5,10.5,5],"texture":"#2"},"up":{"uv":[10.5,2.5,8,1],"rotation":270,"texture":"#2"},"down":{"uv":[10.5,2.5,8,4],"rotation":90,"texture":"#2"}}}],"gui_light":"front","display":{"thirdperson_righthand":{"rotation":[49,0,0],"translation":[0.5,2,-1.75],"scale":[0.37,0.37,0.37]},"thirdperson_lefthand":{"rotation":[49,0,0],"translation":[-2.5,2,-1.75],"scale":[0.37,0.37,0.37]},"firstperson_righthand":{"translation":[0,4.75,1.5],"scale":[0.39,0.39,0.39]},"firstperson_lefthand":{"translation":[-1.5,4.75,1.5],"scale":[0.39,0.39,0.39]},"ground":{"translation":[2.5,2.25,-2.5],"scale":[0.4,0.4,0.4]},"gui":{"rotation":[31,180,0],"translation":[-5.75,-4,0]},"fixed":{"rotation":[-90,0,0],"translation":[0,0,-16],"scale":[2,2,2]}},"groups":[{"name":"group","origin":[-6.5,10.5,14.5],"color":0,"children":[0,1,2,3,4]}],"mcmodels":"4c1e061d2eef16cb1fde38b411c5272a"}