{"credit":"Created by Workshop Six","texture_size":[32,32],"textures":{"2":"workshop_six:essentials/nature_decor/orange_mushrooms"},"elements":[{"from":[7,0,8],"to":[8,12,9],"rotation":{"angle":0,"axis":"y","origin":[6,0,8]},"faces":{"north":{"uv":[0,0,0.5,6],"texture":"#2"},"east":{"uv":[0.5,0,1,6],"texture":"#2"},"south":{"uv":[1,0,1.5,6],"texture":"#2"},"west":{"uv":[1.5,0,2,6],"texture":"#2"},"up":{"uv":[11,1,10.5,0.5],"texture":"#2"},"down":{"uv":[1.5,10.5,1,11],"texture":"#2"}}},{"from":[6,12,7],"to":[9,13,10],"rotation":{"angle":0,"axis":"y","origin":[7,12,7]},"faces":{"north":{"uv":[8.5,3,10,3.5],"texture":"#2"},"east":{"uv":[8.5,3.5,10,4],"texture":"#2"},"south":{"uv":[8.5,4,10,4.5],"texture":"#2"},"west":{"uv":[8.5,4.5,10,5],"texture":"#2"},"up":{"uv":[3.5,4.5,2,3],"texture":"#2"},"down":{"uv":[5,0,3.5,1.5],"texture":"#2"}}},{"from":[6.5,13,7.5],"to":[8.5,15,9.5],"rotation":{"angle":0,"axis":"y","origin":[6.5,13,7.5]},"faces":{"north":{"uv":[6,6,7,7],"texture":"#2"},"east":{"uv":[6.5,0,7.5,1],"texture":"#2"},"south":{"uv":[6.5,1,7.5,2],"texture":"#2"},"west":{"uv":[6.5,2,7.5,3],"texture":"#2"},"up":{"uv":[7.5,4,6.5,3],"texture":"#2"},"down":{"uv":[7.5,4,6.5,5],"texture":"#2"}}},{"from":[4,3,8],"to":[5,8,9],"rotation":{"angle":0,"axis":"y","origin":[3,-1,8]},"faces":{"north":{"uv":[2,6,2.5,8.5],"texture":"#2"},"east":{"uv":[2.5,6,3,8.5],"texture":"#2"},"south":{"uv":[3,6,3.5,8.5],"texture":"#2"},"west":{"uv":[3.5,6,4,8.5],"texture":"#2"},"up":{"uv":[11,1.5,10.5,1],"texture":"#2"},"down":{"uv":[2,10.5,1.5,11],"texture":"#2"}}},{"from":[5,3,8],"to":[7,4,9],"rotation":{"angle":0,"axis":"y","origin":[4,-1,8]},"faces":{"north":{"uv":[1.5,10,2.5,10.5],"texture":"#2"},"east":{"uv":[2,10.5,2.5,11],"texture":"#2"},"south":{"uv":[10,1.5,11,2],"texture":"#2"},"west":{"uv":[3,10.5,3.5,11],"texture":"#2"},"up":{"uv":[11,2.5,10,2],"texture":"#2"},"down":{"uv":[11,2.5,10,3],"texture":"#2"}}},{"from":[3.5,9,7.5],"to":[5.5,10,9.5],"rotation":{"angle":0,"axis":"y","origin":[4.5,9.25,8.5]},"faces":{"north":{"uv":[10,3,11,3.5],"texture":"#2"},"east":{"uv":[3.5,10,4.5,10.5],"texture":"#2"},"south":{"uv":[10,3.5,11,4],"texture":"#2"},"west":{"uv":[10,4,11,4.5],"texture":"#2"},"up":{"uv":[7.5,6,6.5,5],"texture":"#2"},"down":{"uv":[5,7,4,8],"texture":"#2"}}},{"from":[3,8,7],"to":[6,9,10],"rotation":{"angle":0,"axis":"y","origin":[4.5,9.25,8.5]},"faces":{"north":{"uv":[8.5,5,10,5.5],"texture":"#2"},"east":{"uv":[8.5,5.5,10,6],"texture":"#2"},"south":{"uv":[8.5,6,10,6.5],"texture":"#2"},"west":{"uv":[6.5,8.5,8,9],"texture":"#2"},"up":{"uv":[5,3,3.5,1.5],"texture":"#2"},"down":{"uv":[5,3,3.5,4.5],"texture":"#2"}}},{"from":[6,10,4],"to":[9,11,7],"rotation":{"angle":0,"axis":"y","origin":[7.5,8.5,6.25]},"faces":{"north":{"uv":[8.5,6.5,10,7],"texture":"#2"},"east":{"uv":[8.5,7,10,7.5],"texture":"#2"},"south":{"uv":[8.5,7.5,10,8],"texture":"#2"},"west":{"uv":[8,8.5,9.5,9],"texture":"#2"},"up":{"uv":[3.5,6,2,4.5],"texture":"#2"},"down":{"uv":[5,4.5,3.5,6],"texture":"#2"}}},{"from":[6.5,11,4.5],"to":[8.5,12,6.5],"rotation":{"angle":0,"axis":"y","origin":[7.5,8.5,6.25]},"faces":{"north":{"uv":[4.5,10,5.5,10.5],"texture":"#2"},"east":{"uv":[10,4.5,11,5],"texture":"#2"},"south":{"uv":[10,5,11,5.5],"texture":"#2"},"west":{"uv":[10,5.5,11,6],"texture":"#2"},"up":{"uv":[6,8,5,7],"texture":"#2"},"down":{"uv":[7,7,6,8],"texture":"#2"}}},{"from":[7,7,6],"to":[8,8,8],"rotation":{"angle":0,"axis":"y","origin":[7.5,10.5,6.25]},"faces":{"north":{"uv":[3.5,10.5,4,11],"texture":"#2"},"east":{"uv":[10,6,11,6.5],"texture":"#2"},"south":{"uv":[4,10.5,4.5,11],"texture":"#2"},"west":{"uv":[10,6.5,11,7],"texture":"#2"},"up":{"uv":[3,11,2.5,10],"texture":"#2"},"down":{"uv":[6,10,5.5,11],"texture":"#2"}}},{"from":[7,7,5],"to":[8,10,6],"rotation":{"angle":0,"axis":"y","origin":[7.5,10.5,6.25]},"faces":{"north":{"uv":[3.5,8.5,4,10],"texture":"#2"},"east":{"uv":[0,9,0.5,10.5],"texture":"#2"},"south":{"uv":[0.5,9,1,10.5],"texture":"#2"},"west":{"uv":[1,9,1.5,10.5],"texture":"#2"},"up":{"uv":[5,11,4.5,10.5],"texture":"#2"},"down":{"uv":[5.5,10.5,5,11],"texture":"#2"}}},{"from":[8.44001,0,10.7803],"to":[9.44001,4,11.7803],"rotation":{"angle":45,"axis":"y","origin":[6.64001,4.5,11.0803]},"faces":{"north":{"uv":[7,6,7.5,8],"texture":"#2"},"east":{"uv":[7.5,0,8,2],"texture":"#2"},"south":{"uv":[7.5,2,8,4],"texture":"#2"},"west":{"uv":[7.5,4,8,6],"texture":"#2"},"up":{"uv":[8,11,7.5,10.5],"texture":"#2"},"down":{"uv":[8.5,10.5,8,11],"texture":"#2"}}},{"from":[7.44001,9,11.7803],"to":[10.44001,10,14.7803],"rotation":{"angle":45,"axis":"y","origin":[6.64001,4.5,11.0803]},"faces":{"north":{"uv":[8.5,8,10,8.5],"texture":"#2"},"east":{"uv":[1.5,9,3,9.5],"texture":"#2"},"south":{"uv":[4.5,9,6,9.5],"texture":"#2"},"west":{"uv":[6,9,7.5,9.5],"texture":"#2"},"up":{"uv":[6.5,1.5,5,0],"texture":"#2"},"down":{"uv":[6.5,1.5,5,3],"texture":"#2"}}},{"from":[7.94001,10,12.2803],"to":[9.94001,11,14.2803],"rotation":{"angle":45,"axis":"y","origin":[6.64001,4.5,11.0803]},"faces":{"north":{"uv":[10,7,11,7.5],"texture":"#2"},"east":{"uv":[7.5,10,8.5,10.5],"texture":"#2"},"south":{"uv":[10,7.5,11,8],"texture":"#2"},"west":{"uv":[10,8,11,8.5],"texture":"#2"},"up":{"uv":[8.5,7,7.5,6],"texture":"#2"},"down":{"uv":[8.5,7,7.5,8],"texture":"#2"}}},{"from":[8.44001,3,12.7803],"to":[9.44001,9,13.7803],"rotation":{"angle":45,"axis":"y","origin":[6.64001,4.5,11.0803]},"faces":{"north":{"uv":[0,6,0.5,9],"texture":"#2"},"east":{"uv":[0.5,6,1,9],"texture":"#2"},"south":{"uv":[1,6,1.5,9],"texture":"#2"},"west":{"uv":[1.5,6,2,9],"texture":"#2"},"up":{"uv":[9,11,8.5,10.5],"texture":"#2"},"down":{"uv":[11,8.5,10.5,9],"texture":"#2"}}},{"from":[8.44001,3,11.7803],"to":[9.44001,4,12.7803],"rotation":{"angle":45,"axis":"y","origin":[6.64001,4.5,11.0803]},"faces":{"north":{"uv":[9,10.5,9.5,11],"texture":"#2"},"east":{"uv":[10.5,9,11,9.5],"texture":"#2"},"south":{"uv":[9.5,10.5,10,11],"texture":"#2"},"west":{"uv":[10.5,9.5,11,10],"texture":"#2"},"up":{"uv":[10.5,11,10,10.5],"texture":"#2"},"down":{"uv":[11,10,10.5,10.5],"texture":"#2"}}},{"from":[11.36488,2,7.30248],"to":[12.36488,3,8.30248],"rotation":{"angle":45,"axis":"y","origin":[9.11488,4.5,10.30248]},"faces":{"north":{"uv":[10.5,10.5,11,11],"texture":"#2"},"east":{"uv":[0,11,0.5,11.5],"texture":"#2"},"south":{"uv":[0.5,11,1,11.5],"texture":"#2"},"west":{"uv":[11,0.5,11.5,1],"texture":"#2"},"up":{"uv":[1.5,11.5,1,11],"texture":"#2"},"down":{"uv":[11.5,1,11,1.5],"texture":"#2"}}},{"from":[12.36488,2,7.30248],"to":[13.36488,6,8.30248],"rotation":{"angle":45,"axis":"y","origin":[9.11488,4.5,10.30248]},"faces":{"north":{"uv":[8,0,8.5,2],"texture":"#2"},"east":{"uv":[8,2,8.5,4],"texture":"#2"},"south":{"uv":[4,8,4.5,10],"texture":"#2"},"west":{"uv":[8,4,8.5,6],"texture":"#2"},"up":{"uv":[2,11.5,1.5,11],"texture":"#2"},"down":{"uv":[11.5,1.5,11,2],"texture":"#2"}}},{"from":[11.86488,7,6.80248],"to":[13.86488,8,8.80248],"rotation":{"angle":45,"axis":"y","origin":[9.11488,4.5,10.30248]},"faces":{"north":{"uv":[8.5,10,9.5,10.5],"texture":"#2"},"east":{"uv":[9.5,10,10.5,10.5],"texture":"#2"},"south":{"uv":[0,10.5,1,11],"texture":"#2"},"west":{"uv":[10.5,0,11.5,0.5],"texture":"#2"},"up":{"uv":[5.5,9,4.5,8],"texture":"#2"},"down":{"uv":[6.5,8,5.5,9],"texture":"#2"}}},{"from":[11.36488,6,6.30248],"to":[14.36488,7,9.30248],"rotation":{"angle":45,"axis":"y","origin":[9.11488,4.5,10.30248]},"faces":{"north":{"uv":[7.5,9,9,9.5],"texture":"#2"},"east":{"uv":[9,9,10.5,9.5],"texture":"#2"},"south":{"uv":[1.5,9.5,3,10],"texture":"#2"},"west":{"uv":[4.5,9.5,6,10],"texture":"#2"},"up":{"uv":[6.5,4.5,5,3],"texture":"#2"},"down":{"uv":[6.5,4.5,5,6],"texture":"#2"}}},{"from":[10.36488,0,7.30248],"to":[11.36488,3,8.30248],"rotation":{"angle":45,"axis":"y","origin":[9.11488,4.5,10.30248]},"faces":{"north":{"uv":[3,9,3.5,10.5],"texture":"#2"},"east":{"uv":[6,9.5,6.5,11],"texture":"#2"},"south":{"uv":[6.5,9.5,7,11],"texture":"#2"},"west":{"uv":[7,9.5,7.5,11],"texture":"#2"},"up":{"uv":[2.5,11.5,2,11],"texture":"#2"},"down":{"uv":[11.5,2,11,2.5],"texture":"#2"}}},{"from":[6.15778,4.75,11.1738],"to":[10.15778,5.75,12.1738],"rotation":{"angle":22.5,"axis":"y","origin":[8.40778,5.5,12.4238]},"faces":{"north":{"uv":[6.5,8,8.5,8.5],"texture":"#2"},"east":{"uv":[2.5,11,3,11.5],"texture":"#2"},"south":{"uv":[8.5,0,10.5,0.5],"texture":"#2"},"west":{"uv":[11,2.5,11.5,3],"texture":"#2"},"up":{"uv":[10.5,1,8.5,0.5],"texture":"#2"},"down":{"uv":[10.5,1,8.5,1.5],"texture":"#2"}}},{"from":[6.15778,5.75,11.1738],"to":[7.15778,6.75,12.1738],"rotation":{"angle":22.5,"axis":"y","origin":[8.40778,5.5,12.4238]},"faces":{"north":{"uv":[3,11,3.5,11.5],"texture":"#2"},"east":{"uv":[11,3,11.5,3.5],"texture":"#2"},"south":{"uv":[3.5,11,4,11.5],"texture":"#2"},"west":{"uv":[11,3.5,11.5,4],"texture":"#2"},"up":{"uv":[4.5,11.5,4,11],"texture":"#2"},"down":{"uv":[11.5,4,11,4.5],"texture":"#2"}}},{"from":[4.51501,6.75,10.7553],"to":[7.51501,7.75,13.7553],"rotation":{"angle":22.5,"axis":"y","origin":[6.64001,4.5,11.0803]},"faces":{"north":{"uv":[8.5,1.5,10,2],"texture":"#2"},"east":{"uv":[2,8.5,3.5,9],"texture":"#2"},"south":{"uv":[8.5,2,10,2.5],"texture":"#2"},"west":{"uv":[8.5,2.5,10,3],"texture":"#2"},"up":{"uv":[3.5,1.5,2,0],"texture":"#2"},"down":{"uv":[3.5,1.5,2,3],"texture":"#2"}}},{"from":[5.01501,7.75,11.2553],"to":[7.01501,8.75,13.2553],"rotation":{"angle":22.5,"axis":"y","origin":[6.64001,4.5,11.0803]},"faces":{"north":{"uv":[7.5,9.5,8.5,10],"texture":"#2"},"east":{"uv":[8.5,9.5,9.5,10],"texture":"#2"},"south":{"uv":[9.5,8.5,10.5,9],"texture":"#2"},"west":{"uv":[9.5,9.5,10.5,10],"texture":"#2"},"up":{"uv":[5,7,4,6],"texture":"#2"},"down":{"uv":[6,6,5,7],"texture":"#2"}}}],"gui_light":"front","display":{"thirdperson_righthand":{"rotation":[49,0,0],"translation":[-1,0,-0.5],"scale":[0.27,0.27,0.27]},"thirdperson_lefthand":{"rotation":[49,0,0],"translation":[-1,0,-0.5],"scale":[0.27,0.27,0.27]},"firstperson_righthand":{"translation":[0,4.75,1.5],"scale":[0.39,0.39,0.39]},"firstperson_lefthand":{"translation":[0,4.75,1.5],"scale":[0.39,0.39,0.39]},"ground":{"translation":[0,2.25,0],"scale":[0.4,0.4,0.4]},"gui":{"rotation":[11.75,0,0],"translation":[0.5,0.75,0],"scale":[0.96,0.96,0.96]},"head":{"scale":[0,0,0]},"fixed":{"rotation":[-90,0,0],"translation":[0,0,-16],"scale":[2,2,2]}},"groups":[{"name":"group","origin":[6.64001,4.5,11.0803],"color":0,"children":[0,1,2,3,4,5,6,7,8,9,10,11,12,13,14,15,16,17,18,19,20,21,22,23,24]}],"mcmodels":"4c1e061d2eef16cb1fde38b411c5272a"}