{"credit":"Created by Workshop Six","texture_size":[32,32],"textures":{"1":"workshop_six:essentials/nature_decor/orange_mushrooms_small","particle":"workshop_six:essentials/nature_decor/orange_mushrooms_small"},"elements":[{"from":[7,0,8],"to":[8,8,9],"rotation":{"angle":0,"axis":"y","origin":[7.24938,6.25,8.44632]},"faces":{"north":{"uv":[4.5,0,5,4],"texture":"#1"},"east":{"uv":[1.5,4.5,2,8.5],"texture":"#1"},"south":{"uv":[2,4.5,2.5,8.5],"texture":"#1"},"west":{"uv":[2.5,4.5,3,8.5],"texture":"#1"},"up":{"uv":[5,4.5,4.5,4],"texture":"#1"},"down":{"uv":[7,9,6.5,9.5],"texture":"#1"}}},{"from":[6,8,7],"to":[9,9,10],"rotation":{"angle":0,"axis":"y","origin":[7.24938,6.25,8.44632]},"faces":{"north":{"uv":[5,6,6.5,6.5],"texture":"#1"},"east":{"uv":[6,5,7.5,5.5],"texture":"#1"},"south":{"uv":[6,5.5,7.5,6],"texture":"#1"},"west":{"uv":[5,6.5,6.5,7],"texture":"#1"},"up":{"uv":[1.5,1.5,0,0],"texture":"#1"},"down":{"uv":[1.5,1.5,0,3],"texture":"#1"}}},{"from":[6.5,9,7.5],"to":[8.5,11,9.5],"rotation":{"angle":0,"axis":"y","origin":[7.24938,6.25,8.44632]},"faces":{"north":{"uv":[3,4.5,4,5.5],"texture":"#1"},"east":{"uv":[4,4.5,5,5.5],"texture":"#1"},"south":{"uv":[5,0,6,1],"texture":"#1"},"west":{"uv":[5,1,6,2],"texture":"#1"},"up":{"uv":[6,3,5,2],"texture":"#1"},"down":{"uv":[6,3,5,4],"texture":"#1"}}},{"from":[4,3,8],"to":[5,5,9],"rotation":{"angle":0,"axis":"y","origin":[7.24938,6.25,8.44632]},"faces":{"north":{"uv":[1,6,1.5,7],"texture":"#1"},"east":{"uv":[6.5,8,7,9],"texture":"#1"},"south":{"uv":[7,8,7.5,9],"texture":"#1"},"west":{"uv":[7.5,8,8,9],"texture":"#1"},"up":{"uv":[7.5,9.5,7,9],"texture":"#1"},"down":{"uv":[8,9,7.5,9.5],"texture":"#1"}}},{"from":[5,3,8],"to":[7,4,9],"rotation":{"angle":0,"axis":"y","origin":[7.24938,6.25,8.44632]},"faces":{"north":{"uv":[8,3.5,9,4],"texture":"#1"},"east":{"uv":[9,7.5,9.5,8],"texture":"#1"},"south":{"uv":[8,7.5,9,8],"texture":"#1"},"west":{"uv":[8,9,8.5,9.5],"texture":"#1"},"up":{"uv":[9,8.5,8,8],"texture":"#1"},"down":{"uv":[1,8.5,0,9],"texture":"#1"}}},{"from":[3.5,6,7.5],"to":[5.5,7,9.5],"rotation":{"angle":0,"axis":"y","origin":[7.24938,6.25,8.44632]},"faces":{"north":{"uv":[8.5,0,9.5,0.5],"texture":"#1"},"east":{"uv":[8.5,0.5,9.5,1],"texture":"#1"},"south":{"uv":[1,8.5,2,9],"texture":"#1"},"west":{"uv":[8.5,1,9.5,1.5],"texture":"#1"},"up":{"uv":[6,5,5,4],"texture":"#1"},"down":{"uv":[6,5,5,6],"texture":"#1"}}},{"from":[3,5,7],"to":[6,6,10],"rotation":{"angle":0,"axis":"y","origin":[7.24938,6.25,8.44632]},"faces":{"north":{"uv":[6.5,6,8,6.5],"texture":"#1"},"east":{"uv":[6.5,6.5,8,7],"texture":"#1"},"south":{"uv":[0,7,1.5,7.5],"texture":"#1"},"west":{"uv":[7,0,8.5,0.5],"texture":"#1"},"up":{"uv":[3,1.5,1.5,0],"texture":"#1"},"down":{"uv":[3,1.5,1.5,3],"texture":"#1"}}},{"from":[8.38099,0,7.93972],"to":[9.38099,4,8.93972],"rotation":{"angle":-22.5,"axis":"y","origin":[7.24938,6.25,8.44632]},"faces":{"north":{"uv":[3,5.5,3.5,7.5],"texture":"#1"},"east":{"uv":[3.5,5.5,4,7.5],"texture":"#1"},"south":{"uv":[4,5.5,4.5,7.5],"texture":"#1"},"west":{"uv":[4.5,5.5,5,7.5],"texture":"#1"},"up":{"uv":[9.5,8.5,9,8],"texture":"#1"},"down":{"uv":[9,9,8.5,9.5],"texture":"#1"}}},{"from":[9.38099,6,6.93972],"to":[12.38099,7,9.93972],"rotation":{"angle":-22.5,"axis":"y","origin":[7.24938,6.25,8.44632]},"faces":{"north":{"uv":[7,0.5,8.5,1],"texture":"#1"},"east":{"uv":[7,1,8.5,1.5],"texture":"#1"},"south":{"uv":[7,1.5,8.5,2],"texture":"#1"},"west":{"uv":[7,2,8.5,2.5],"texture":"#1"},"up":{"uv":[1.5,4.5,0,3],"texture":"#1"},"down":{"uv":[4.5,0,3,1.5],"texture":"#1"}}},{"from":[9.88099,7,7.43972],"to":[11.88099,8,9.43972],"rotation":{"angle":-22.5,"axis":"y","origin":[7.24938,6.25,8.44632]},"faces":{"north":{"uv":[8.5,1.5,9.5,2],"texture":"#1"},"east":{"uv":[2,8.5,3,9],"texture":"#1"},"south":{"uv":[8.5,2,9.5,2.5],"texture":"#1"},"west":{"uv":[8.5,4,9.5,4.5],"texture":"#1"},"up":{"uv":[1,7,0,6],"texture":"#1"},"down":{"uv":[7,0,6,1],"texture":"#1"}}},{"from":[10.38099,3,7.93972],"to":[11.38099,6,8.93972],"rotation":{"angle":-22.5,"axis":"y","origin":[7.24938,6.25,8.44632]},"faces":{"north":{"uv":[7,2.5,7.5,4],"texture":"#1"},"east":{"uv":[5,7,5.5,8.5],"texture":"#1"},"south":{"uv":[5.5,7,6,8.5],"texture":"#1"},"west":{"uv":[6,7,6.5,8.5],"texture":"#1"},"up":{"uv":[9.5,9,9,8.5],"texture":"#1"},"down":{"uv":[9.5,9,9,9.5],"texture":"#1"}}},{"from":[9.38099,3,7.93972],"to":[10.38099,4,8.93972],"rotation":{"angle":-22.5,"axis":"y","origin":[7.24938,6.25,8.44632]},"faces":{"north":{"uv":[0,9.5,0.5,10],"texture":"#1"},"east":{"uv":[9.5,0,10,0.5],"texture":"#1"},"south":{"uv":[0.5,9.5,1,10],"texture":"#1"},"west":{"uv":[9.5,0.5,10,1],"texture":"#1"},"up":{"uv":[1.5,10,1,9.5],"texture":"#1"},"down":{"uv":[10,1,9.5,1.5],"texture":"#1"}}},{"from":[6.88099,2,5.18972],"to":[7.88099,3,6.18972],"rotation":{"angle":-22.5,"axis":"y","origin":[7.24938,6.25,8.44632]},"faces":{"north":{"uv":[1.5,9.5,2,10],"texture":"#1"},"east":{"uv":[9.5,1.5,10,2],"texture":"#1"},"south":{"uv":[2,9.5,2.5,10],"texture":"#1"},"west":{"uv":[9.5,2,10,2.5],"texture":"#1"},"up":{"uv":[3,10,2.5,9.5],"texture":"#1"},"down":{"uv":[10,2.5,9.5,3],"texture":"#1"}}},{"from":[6.88099,2,4.18972],"to":[7.88099,4,5.18972],"rotation":{"angle":-22.5,"axis":"y","origin":[7.24938,6.25,8.44632]},"faces":{"north":{"uv":[5,8.5,5.5,9.5],"texture":"#1"},"east":{"uv":[5.5,8.5,6,9.5],"texture":"#1"},"south":{"uv":[6,8.5,6.5,9.5],"texture":"#1"},"west":{"uv":[8.5,6,9,7],"texture":"#1"},"up":{"uv":[3.5,10,3,9.5],"texture":"#1"},"down":{"uv":[10,3,9.5,3.5],"texture":"#1"}}},{"from":[6.38099,5,3.68972],"to":[8.38099,6,5.68972],"rotation":{"angle":-22.5,"axis":"y","origin":[7.24938,6.25,8.44632]},"faces":{"north":{"uv":[8.5,4.5,9.5,5],"texture":"#1"},"east":{"uv":[8.5,7,9.5,7.5],"texture":"#1"},"south":{"uv":[8,8.5,9,9],"texture":"#1"},"west":{"uv":[0,9,1,9.5],"texture":"#1"},"up":{"uv":[7,2,6,1],"texture":"#1"},"down":{"uv":[7,2,6,3],"texture":"#1"}}},{"from":[5.88099,4,3.18972],"to":[8.88099,5,6.18972],"rotation":{"angle":-22.5,"axis":"y","origin":[7.24938,6.25,8.44632]},"faces":{"north":{"uv":[7,4,8.5,4.5],"texture":"#1"},"east":{"uv":[7,4.5,8.5,5],"texture":"#1"},"south":{"uv":[6.5,7,8,7.5],"texture":"#1"},"west":{"uv":[0,7.5,1.5,8],"texture":"#1"},"up":{"uv":[3,4.5,1.5,3],"texture":"#1"},"down":{"uv":[4.5,1.5,3,3],"texture":"#1"}}},{"from":[6.88099,0,6.18972],"to":[7.88099,3,7.18972],"rotation":{"angle":-22.5,"axis":"y","origin":[7.24938,6.25,8.44632]},"faces":{"north":{"uv":[7.5,2.5,8,4],"texture":"#1"},"east":{"uv":[3,7.5,3.5,9],"texture":"#1"},"south":{"uv":[3.5,7.5,4,9],"texture":"#1"},"west":{"uv":[4,7.5,4.5,9],"texture":"#1"},"up":{"uv":[4,10,3.5,9.5],"texture":"#1"},"down":{"uv":[10,4,9.5,4.5],"texture":"#1"}}},{"from":[7.22806,3,10.02071],"to":[10.22806,4,13.02071],"rotation":{"angle":-45,"axis":"y","origin":[7.24938,6.25,8.44632]},"faces":{"north":{"uv":[7.5,5,9,5.5],"texture":"#1"},"east":{"uv":[7.5,5.5,9,6],"texture":"#1"},"south":{"uv":[6.5,7.5,8,8],"texture":"#1"},"west":{"uv":[0,8,1.5,8.5],"texture":"#1"},"up":{"uv":[4.5,4.5,3,3],"texture":"#1"},"down":{"uv":[1.5,4.5,0,6],"texture":"#1"}}},{"from":[7.72806,4,10.52071],"to":[9.72806,5,12.52071],"rotation":{"angle":-45,"axis":"y","origin":[7.24938,6.25,8.44632]},"faces":{"north":{"uv":[1,9,2,9.5],"texture":"#1"},"east":{"uv":[2,9,3,9.5],"texture":"#1"},"south":{"uv":[3,9,4,9.5],"texture":"#1"},"west":{"uv":[9,3.5,10,4],"texture":"#1"},"up":{"uv":[7,4,6,3],"texture":"#1"},"down":{"uv":[7,4,6,5],"texture":"#1"}}},{"from":[8.22806,1,8.02071],"to":[9.22806,2,11.02071],"rotation":{"angle":-45,"axis":"y","origin":[7.24938,6.25,8.44632]},"faces":{"north":{"uv":[9.5,4.5,10,5],"texture":"#1"},"east":{"uv":[8,2.5,9.5,3],"texture":"#1"},"south":{"uv":[5,9.5,5.5,10],"texture":"#1"},"west":{"uv":[8,3,9.5,3.5],"texture":"#1"},"up":{"uv":[5,9,4.5,7.5],"texture":"#1"},"down":{"uv":[8.5,6,8,7.5],"texture":"#1"}}},{"from":[8.22806,1,11.02071],"to":[9.22806,3,12.02071],"rotation":{"angle":-45,"axis":"y","origin":[7.24938,6.25,8.44632]},"faces":{"north":{"uv":[4,9,4.5,10],"texture":"#1"},"east":{"uv":[4.5,9,5,10],"texture":"#1"},"south":{"uv":[9,5,9.5,6],"texture":"#1"},"west":{"uv":[9,6,9.5,7],"texture":"#1"},"up":{"uv":[10,5.5,9.5,5],"texture":"#1"},"down":{"uv":[6,9.5,5.5,10],"texture":"#1"}}}],"gui_light":"front","display":{"thirdperson_righthand":{"rotation":[49,0,0],"translation":[-1,0,-0.5],"scale":[0.27,0.27,0.27]},"thirdperson_lefthand":{"rotation":[49,0,0],"translation":[-1,0,-0.5],"scale":[0.27,0.27,0.27]},"firstperson_righthand":{"translation":[0,4.75,1.5],"scale":[0.39,0.39,0.39]},"firstperson_lefthand":{"translation":[0,4.75,1.5],"scale":[0.39,0.39,0.39]},"ground":{"translation":[0,2.25,0],"scale":[0.4,0.4,0.4]},"gui":{"rotation":[11.75,0,0],"translation":[0.75,2.75,0],"scale":[1.19,1.19,1.19]},"head":{"scale":[0,0,0]},"fixed":{"rotation":[-90,0,0],"translation":[0,0,-16],"scale":[2,2,2]}},"groups":[{"name":"group","origin":[7.24938,6.25,8.44632],"color":0,"children":[0,1,2,3,4,5,6,7,8,9,10,11,12,13,14,15,16,17,18,19,20]}],"mcmodels":"4c1e061d2eef16cb1fde38b411c5272a"}