{"credit":"Created by Workshop Six","texture_size":[32,32],"textures":{"2":"workshop_six:essentials/nature_decor/ore_tint","3":"workshop_six:essentials/nature_decor/ore_base","particle":"workshop_six:essentials/nature_decor/ore_base"},"elements":[{"from":[2.68567,0,2.87145],"to":[13.68567,3,12.87145],"rotation":{"angle":0,"axis":"y","origin":[7.70698,0.75,5.6456]},"faces":{"north":{"uv":[9,0,14.5,1.5],"texture":"#3"},"east":{"uv":[9,3,14,4.5],"texture":"#3"},"south":{"uv":[9,1.5,14.5,3],"texture":"#3"},"west":{"uv":[9,4.5,14,6],"texture":"#3"},"up":{"uv":[5.5,5,0,0],"texture":"#3"},"down":{"uv":[5.5,5,0,10],"texture":"#3"}}},{"from":[9.75527,0,1.54886],"to":[14.75527,1,6.54886],"rotation":{"angle":0,"axis":"y","origin":[7.70698,0.75,5.6456]},"faces":{"north":{"uv":[12.5,9,15,9.5],"texture":"#3"},"east":{"uv":[12.5,9.5,15,10],"texture":"#3"},"south":{"uv":[12.5,10,15,10.5],"texture":"#3"},"west":{"uv":[12.5,10.5,15,11],"texture":"#3"},"up":{"uv":[2.5,12.5,0,10],"texture":"#3"},"down":{"uv":[5,10,2.5,12.5],"texture":"#3"}}},{"from":[3.70678,0,9.76532],"to":[9.70678,2,14.76532],"rotation":{"angle":0,"axis":"y","origin":[7.70698,0.75,5.6456]},"faces":{"north":{"uv":[5,12,8,13],"texture":"#3"},"east":{"uv":[11,12,13.5,13],"texture":"#3"},"south":{"uv":[8,12,11,13],"texture":"#3"},"west":{"uv":[0,12.5,2.5,13.5],"texture":"#3"},"up":{"uv":[12.5,8.5,9.5,6],"texture":"#3"},"down":{"uv":[12.5,8.5,9.5,11],"texture":"#3"}}},{"from":[0.75527,0,4.54886],"to":[7.75527,1,10.54886],"rotation":{"angle":0,"axis":"y","origin":[7.70698,0.75,5.6456]},"faces":{"north":{"uv":[12.5,7,16,7.5],"texture":"#3"},"east":{"uv":[12.5,8,15.5,8.5],"texture":"#3"},"south":{"uv":[12.5,7.5,16,8],"texture":"#3"},"west":{"uv":[12.5,8.5,15.5,9],"texture":"#3"},"up":{"uv":[9,3,5.5,0],"texture":"#3"},"down":{"uv":[9,3,5.5,6],"texture":"#3"}}},{"name":"tint","from":[4,3,4],"to":[12,19,12],"rotation":{"angle":0,"axis":"y","origin":[7,0,8]},"faces":{"north":{"uv":[0,0,2,4],"texture":"#2","tintindex":0},"east":{"uv":[2,0,4,4],"texture":"#2","tintindex":0},"south":{"uv":[0,4,2,8],"texture":"#2","tintindex":0},"west":{"uv":[4,0,6,4],"texture":"#2","tintindex":0},"up":{"uv":[8.5,5.5,6.5,3.5],"texture":"#2","tintindex":0},"down":{"uv":[8.5,5.5,6.5,7.5],"texture":"#2","tintindex":0}}},{"name":"tint","from":[5,2,3.75],"to":[11,16,9.75],"rotation":{"angle":-22.5,"axis":"x","origin":[7,0,8]},"faces":{"north":{"uv":[2,4,3.5,7.5],"texture":"#2","tintindex":0},"east":{"uv":[3.5,4,5,7.5],"texture":"#2","tintindex":0},"south":{"uv":[5,4,6.5,7.5],"texture":"#2","tintindex":0},"west":{"uv":[6,0,7.5,3.5],"texture":"#2","tintindex":0},"up":{"uv":[8.5,9,7,7.5],"texture":"#2","tintindex":0},"down":{"uv":[1.5,8,0,9.5],"texture":"#2","tintindex":0}}},{"name":"tint","from":[4.75,4,6],"to":[8.75,14,10],"rotation":{"angle":22.5,"axis":"z","origin":[7,0,8]},"faces":{"north":{"uv":[3,7.5,4,10],"texture":"#2","tintindex":0},"east":{"uv":[4,7.5,5,10],"texture":"#2","tintindex":0},"south":{"uv":[5,7.5,6,10],"texture":"#2","tintindex":0},"west":{"uv":[6,7.5,7,10],"texture":"#2","tintindex":0},"up":{"uv":[10.5,1,9.5,0],"texture":"#2","tintindex":0},"down":{"uv":[2,9.5,1,10.5],"texture":"#2","tintindex":0}}},{"name":"tint","from":[7.25,1,7],"to":[11.25,10,11],"rotation":{"angle":-22.5,"axis":"z","origin":[9,0,8]},"faces":{"north":{"uv":[8.5,0,9.5,2.25],"texture":"#2","tintindex":0},"east":{"uv":[8.5,2.25,9.5,4.5],"texture":"#2","tintindex":0},"south":{"uv":[8.5,4.5,9.5,6.75],"texture":"#2","tintindex":0},"west":{"uv":[8.5,6.75,9.5,9],"texture":"#2","tintindex":0},"up":{"uv":[9.5,10,8.5,9],"texture":"#2","tintindex":0},"down":{"uv":[1,9.5,0,10.5],"texture":"#2","tintindex":0}}},{"name":"tint","from":[5,1,8.25],"to":[8,12,12.25],"rotation":{"angle":22.5,"axis":"x","origin":[9,0,8]},"faces":{"north":{"uv":[7,9,7.75,11.75],"texture":"#2","tintindex":0},"east":{"uv":[7.5,0,8.5,2.75],"texture":"#2","tintindex":0},"south":{"uv":[7.75,9,8.5,11.75],"texture":"#2","tintindex":0},"west":{"uv":[2,7.5,3,10.25],"texture":"#2","tintindex":0},"up":{"uv":[10.25,2,9.5,1],"texture":"#2","tintindex":0},"down":{"uv":[10.25,2,9.5,3],"texture":"#2","tintindex":0}}},{"from":[3.70678,0,-0.23468],"to":[11.70678,2,4.76532],"rotation":{"angle":0,"axis":"y","origin":[7.70698,0.75,5.6456]},"faces":{"north":{"uv":[5,11,9,12],"texture":"#3"},"east":{"uv":[2.5,12.5,5,13.5],"texture":"#3"},"south":{"uv":[9,11,13,12],"texture":"#3"},"west":{"uv":[12.5,6,15,7],"texture":"#3"},"up":{"uv":[9.5,8.5,5.5,6],"texture":"#3"},"down":{"uv":[9.5,8.5,5.5,11],"texture":"#3"}}}],"gui_light":"front","display":{"thirdperson_righthand":{"rotation":[49,0,0],"translation":[-1,0,-0.5],"scale":[0.27,0.27,0.27]},"thirdperson_lefthand":{"rotation":[49,0,0],"translation":[-1,0,-0.5],"scale":[0.27,0.27,0.27]},"firstperson_righthand":{"translation":[0,4.75,1.5],"scale":[0.39,0.39,0.39]},"firstperson_lefthand":{"translation":[0,4.75,1.5],"scale":[0.39,0.39,0.39]},"ground":{"translation":[0,2.25,0],"scale":[0.4,0.4,0.4]},"gui":{"rotation":[18,0,0],"translation":[0.5,-0.75,0],"scale":[0.67,0.67,0.67]},"head":{"scale":[0,0,0]},"fixed":{"rotation":[-90,0,0],"translation":[0,0,-16],"scale":[2,2,2]}},"groups":[{"name":"group","origin":[7.70698,0.75,5.6456],"color":0,"children":[0,1,2,3,4,5,6,7,8,9]}],"mcmodels":"4c1e061d2eef16cb1fde38b411c5272a"}