{"credit":"Created by Workshop Six","textures":{"2":"workshop_six:essentials/nature_decor/pebbles_2","particle":"workshop_six:essentials/nature_decor/pebbles_2"},"elements":[{"from":[5.5,0,2.5],"to":[9.5,1,6.5],"rotation":{"angle":0,"axis":"y","origin":[8,0.5,8]},"faces":{"north":{"uv":[9,6,13,7],"texture":"#2"},"east":{"uv":[9,7,13,8],"texture":"#2"},"south":{"uv":[4,10,8,11],"texture":"#2"},"west":{"uv":[8,10,12,11],"texture":"#2"},"up":{"uv":[9,4,5,0],"texture":"#2"},"down":{"uv":[9,4,5,8],"texture":"#2"}}},{"from":[11.5,0,5.5],"to":[13.5,1,9.5],"rotation":{"angle":0,"axis":"y","origin":[8,0.5,8]},"faces":{"north":{"uv":[4,11,6,12],"texture":"#2"},"east":{"uv":[10,8,14,9],"texture":"#2"},"south":{"uv":[6,11,8,12],"texture":"#2"},"west":{"uv":[10,9,14,10],"texture":"#2"},"up":{"uv":[2,14,0,10],"texture":"#2"},"down":{"uv":[4,10,2,14],"texture":"#2"}}},{"from":[4.5,0,8.5],"to":[9.5,2,13.5],"rotation":{"angle":0,"axis":"y","origin":[7,1,11]},"faces":{"north":{"uv":[9,4,14,6],"texture":"#2"},"east":{"uv":[5,8,10,10],"texture":"#2"},"south":{"uv":[9,0,14,2],"texture":"#2"},"west":{"uv":[9,2,14,4],"texture":"#2"},"up":{"uv":[5,5,0,0],"rotation":90,"texture":"#2"},"down":{"uv":[5,5,0,10],"rotation":270,"texture":"#2"}}}],"gui_light":"front","display":{"thirdperson_righthand":{"rotation":[49,0,0],"translation":[-1,3.25,3.5],"scale":[0.68,0.68,0.68]},"thirdperson_lefthand":{"rotation":[49,0,0],"translation":[-1,3.25,3.5],"scale":[0.68,0.68,0.68]},"firstperson_righthand":{"translation":[0,4.75,1.5],"scale":[0.39,0.39,0.39]},"firstperson_lefthand":{"translation":[0,4.75,1.5],"scale":[0.39,0.39,0.39]},"ground":{"translation":[0,2.25,0],"scale":[0.4,0.4,0.4]},"gui":{"rotation":[31,0,0],"translation":[-0.75,8.25,0],"scale":[1.26,1.26,1.26]},"fixed":{"rotation":[-90,0,0],"translation":[0,0,-16],"scale":[2,2,2]}},"groups":[{"name":"group","origin":[7,1,11],"color":0,"children":[0,1,2]}],"mcmodels":"4c1e061d2eef16cb1fde38b411c5272a"}