{"credit":"Created by Workshop Six","textures":{"1":"workshop_six:essentials/nature_decor/pebbles_1"},"elements":[{"from":[3.5,0,4.5],"to":[7.5,1,8.5],"rotation":{"angle":0,"axis":"y","origin":[8,0.5,8]},"faces":{"north":{"uv":[6,0,10,1],"texture":"#1"},"east":{"uv":[6,1,10,2],"texture":"#1"},"south":{"uv":[6,2,10,3],"texture":"#1"},"west":{"uv":[6,3,10,4],"texture":"#1"},"up":{"uv":[4,4,0,0],"texture":"#1"},"down":{"uv":[4,4,0,8],"texture":"#1"}}},{"from":[9.5,0,7.5],"to":[11.5,1,11.5],"rotation":{"angle":0,"axis":"y","origin":[8,0.5,8]},"faces":{"north":{"uv":[6,6,8,7],"texture":"#1"},"east":{"uv":[6,4,10,5],"texture":"#1"},"south":{"uv":[6,7,8,8],"texture":"#1"},"west":{"uv":[6,5,10,6],"texture":"#1"},"up":{"uv":[6,4,4,0],"texture":"#1"},"down":{"uv":[6,4,4,8],"texture":"#1"}}}],"gui_light":"front","display":{"thirdperson_righthand":{"rotation":[49,0,0],"translation":[-1,3.25,3.5],"scale":[0.68,0.68,0.68]},"thirdperson_lefthand":{"rotation":[49,0,0],"translation":[-1,3.25,3.5],"scale":[0.68,0.68,0.68]},"firstperson_righthand":{"translation":[0,4.75,1.5],"scale":[0.39,0.39,0.39]},"firstperson_lefthand":{"translation":[0,4.75,1.5],"scale":[0.39,0.39,0.39]},"ground":{"translation":[0,2.25,0],"scale":[0.4,0.4,0.4]},"gui":{"rotation":[31,0,0],"translation":[0.75,10.5,0],"scale":[1.76,1.76,1.76]},"fixed":{"rotation":[-90,0,0],"translation":[0,0,-16],"scale":[2,2,2]}},"groups":[{"name":"group","origin":[8,0.5,8],"color":0,"children":[0,1]}],"mcmodels":"4c1e061d2eef16cb1fde38b411c5272a"}