{"credit":"Created by Workshop Six","texture_size":[64,64],"textures":{"1":"workshop_six:essentials/nature_decor/plant","particle":"workshop_six:essentials/nature_decor/plant"},"elements":[{"from":[8,-3,6],"to":[9,8,7],"rotation":{"angle":-22.5,"axis":"x","origin":[0,0,0]},"faces":{"north":{"uv":[2.75,8.75,3,11.5],"texture":"#1"},"east":{"uv":[3,8.75,3.25,11.5],"texture":"#1"},"south":{"uv":[3.25,8.75,3.5,11.5],"texture":"#1"},"west":{"uv":[3.5,8.75,3.75,11.5],"texture":"#1"},"up":{"uv":[4.25,6.25,4,6],"texture":"#1"},"down":{"uv":[4.5,6,4.25,6.25],"texture":"#1"}}},{"from":[4,8,-1],"to":[13,8,7],"rotation":{"angle":-22.5,"axis":"x","origin":[0,0,0]},"faces":{"north":{"uv":[0,0,2.25,0],"texture":"#1"},"east":{"uv":[0,0,2,0],"texture":"#1"},"south":{"uv":[0,0,2.25,0],"texture":"#1"},"west":{"uv":[0,0,2,0],"texture":"#1"},"up":{"uv":[2.25,2,0,0],"texture":"#1"},"down":{"uv":[2.25,2,0,4],"texture":"#1"}}},{"from":[4,6,-1],"to":[13,8,-1],"rotation":{"angle":-22.5,"axis":"x","origin":[0,0,0]},"faces":{"north":{"uv":[6.5,2.25,8.75,2.75],"texture":"#1"},"east":{"uv":[0,0,0,0.5],"texture":"#1"},"south":{"uv":[6.5,2.75,8.75,3.25],"texture":"#1"},"west":{"uv":[0,0,0,0.5],"texture":"#1"},"up":{"uv":[2.25,0,0,0],"texture":"#1"},"down":{"uv":[2.25,0,0,0],"texture":"#1"}}},{"from":[4,6,7],"to":[13,8,7],"rotation":{"angle":-22.5,"axis":"x","origin":[0,0,0]},"faces":{"north":{"uv":[6.5,3.25,8.75,3.75],"texture":"#1"},"east":{"uv":[0,0,0,0.5],"texture":"#1"},"south":{"uv":[6.5,3.75,8.75,4.25],"texture":"#1"},"west":{"uv":[0,0,0,0.5],"texture":"#1"},"up":{"uv":[2.25,0,0,0],"texture":"#1"},"down":{"uv":[2.25,0,0,0],"texture":"#1"}}},{"from":[4,6,8],"to":[13,8,8],"rotation":{"angle":22.5,"axis":"x","origin":[0,0,16]},"faces":{"north":{"uv":[6.5,4.25,8.75,4.75],"texture":"#1"},"east":{"uv":[0,0,0,0.5],"texture":"#1"},"south":{"uv":[6.5,4.75,8.75,5.25],"texture":"#1"},"west":{"uv":[0,0,0,0.5],"texture":"#1"},"up":{"uv":[2.25,0,0,0],"texture":"#1"},"down":{"uv":[2.25,0,0,0],"texture":"#1"}}},{"from":[4,6,16],"to":[13,8,16],"rotation":{"angle":22.5,"axis":"x","origin":[0,0,16]},"faces":{"north":{"uv":[6.5,5.25,8.75,5.75],"texture":"#1"},"east":{"uv":[0,0,0,0.5],"texture":"#1"},"south":{"uv":[6.5,5.75,8.75,6.25],"texture":"#1"},"west":{"uv":[0,0,0,0.5],"texture":"#1"},"up":{"uv":[2.25,0,0,0],"texture":"#1"},"down":{"uv":[2.25,0,0,0],"texture":"#1"}}},{"from":[4,8,8],"to":[13,8,16],"rotation":{"angle":22.5,"axis":"x","origin":[0,0,16]},"faces":{"north":{"uv":[0,0,2.25,0],"texture":"#1"},"east":{"uv":[0,0,2,0],"texture":"#1"},"south":{"uv":[0,0,2.25,0],"texture":"#1"},"west":{"uv":[0,0,2,0],"texture":"#1"},"up":{"uv":[4.5,2,2.25,0],"texture":"#1"},"down":{"uv":[4.5,2,2.25,4],"texture":"#1"}}},{"from":[8,-4,8],"to":[9,8,9],"rotation":{"angle":22.5,"axis":"x","origin":[0,0,16]},"faces":{"north":{"uv":[2,8.75,2.25,11.75],"texture":"#1"},"east":{"uv":[8.75,2,9,5],"texture":"#1"},"south":{"uv":[2.25,8.75,2.5,11.75],"texture":"#1"},"west":{"uv":[2.5,8.75,2.75,11.75],"texture":"#1"},"up":{"uv":[4.25,6.5,4,6.25],"texture":"#1"},"down":{"uv":[4.5,6.25,4.25,6.5],"texture":"#1"}}},{"from":[-4.25,11.25,11],"to":[4.75,13.25,11],"rotation":{"angle":45,"axis":"y","origin":[-0.25,0.25,1]},"faces":{"north":{"uv":[6.5,6.25,8.75,6.75],"texture":"#1"},"east":{"uv":[0,0,0,0.5],"texture":"#1"},"south":{"uv":[4,6.75,6.25,7.25],"texture":"#1"},"west":{"uv":[0,0,0,0.5],"texture":"#1"},"up":{"uv":[2.25,0,0,0],"texture":"#1"},"down":{"uv":[2.25,0,0,0],"texture":"#1"}}},{"from":[-4.25,11.25,3],"to":[4.75,13.25,3],"rotation":{"angle":45,"axis":"y","origin":[-0.25,0.25,1]},"faces":{"north":{"uv":[6.25,6.75,8.5,7.25],"texture":"#1"},"east":{"uv":[0,0,0,0.5],"texture":"#1"},"south":{"uv":[4,7.25,6.25,7.75],"texture":"#1"},"west":{"uv":[0,0,0,0.5],"texture":"#1"},"up":{"uv":[2.25,0,0,0],"texture":"#1"},"down":{"uv":[2.25,0,0,0],"texture":"#1"}}},{"from":[-4.25,13.25,3],"to":[4.75,13.25,11],"rotation":{"angle":45,"axis":"y","origin":[-0.25,0.25,1]},"faces":{"north":{"uv":[0,0,2.25,0],"texture":"#1"},"east":{"uv":[0,0,2,0],"texture":"#1"},"south":{"uv":[0,0,2.25,0],"texture":"#1"},"west":{"uv":[0,0,2,0],"texture":"#1"},"up":{"uv":[2.25,6,0,4],"texture":"#1"},"down":{"uv":[4.5,4,2.25,6],"texture":"#1"}}},{"from":[-0.25,-0.75,10],"to":[0.75,13.25,11],"rotation":{"angle":45,"axis":"y","origin":[-0.25,0.25,1]},"faces":{"north":{"uv":[1,8.75,1.25,12.25],"texture":"#1"},"east":{"uv":[1.25,8.75,1.5,12.25],"texture":"#1"},"south":{"uv":[1.5,8.75,1.75,12.25],"texture":"#1"},"west":{"uv":[1.75,8.75,2,12.25],"texture":"#1"},"up":{"uv":[4.25,6.75,4,6.5],"texture":"#1"},"down":{"uv":[4.5,6.5,4.25,6.75],"texture":"#1"}}},{"from":[11.75,3.25,1.25],"to":[11.75,5.25,10.25],"rotation":{"angle":22.5,"axis":"y","origin":[21.75,-7.75,5.25]},"faces":{"north":{"uv":[0,0,0,0.5],"texture":"#1"},"east":{"uv":[6.25,7.25,8.5,7.75],"texture":"#1"},"south":{"uv":[0,0,0,0.5],"texture":"#1"},"west":{"uv":[4,7.75,6.25,8.25],"texture":"#1"},"up":{"uv":[0,2.25,0,0],"texture":"#1"},"down":{"uv":[0,0,0,2.25],"texture":"#1"}}},{"from":[19.75,3.25,1.25],"to":[19.75,5.25,10.25],"rotation":{"angle":22.5,"axis":"y","origin":[21.75,-7.75,5.25]},"faces":{"north":{"uv":[0,0,0,0.5],"texture":"#1"},"east":{"uv":[6.25,7.75,8.5,8.25],"texture":"#1"},"south":{"uv":[0,0,0,0.5],"texture":"#1"},"west":{"uv":[0,8.25,2.25,8.75],"texture":"#1"},"up":{"uv":[0,2.25,0,0],"texture":"#1"},"down":{"uv":[0,0,0,2.25],"texture":"#1"}}},{"from":[11.75,5.25,1.25],"to":[19.75,5.25,10.25],"rotation":{"angle":22.5,"axis":"y","origin":[21.75,-7.75,5.25]},"faces":{"north":{"uv":[0,0,2,0],"texture":"#1"},"east":{"uv":[0,0,2.25,0],"texture":"#1"},"south":{"uv":[0,0,2,0],"texture":"#1"},"west":{"uv":[0,0,2.25,0],"texture":"#1"},"up":{"uv":[6.5,2.25,4.5,0],"texture":"#1"},"down":{"uv":[6.5,0,4.5,2.25],"texture":"#1"}}},{"from":[7.025,-3.6,8.975],"to":[8.025,2.4,9.975],"rotation":{"angle":-22.5,"axis":"z","origin":[17.025,-10.6,8.975]},"faces":{"north":{"uv":[3.75,8.75,4,10.25],"texture":"#1"},"east":{"uv":[4,8.75,4.25,10.25],"texture":"#1"},"south":{"uv":[4.25,8.75,4.5,10.25],"texture":"#1"},"west":{"uv":[4.5,8.75,4.75,10.25],"texture":"#1"},"up":{"uv":[8.75,2.25,8.5,2],"texture":"#1"},"down":{"uv":[8.75,7.25,8.5,7.5],"texture":"#1"}}},{"from":[9.75,14.25,4.25],"to":[9.75,16.25,13.25],"rotation":{"angle":0,"axis":"y","origin":[19.75,3.25,8.25]},"faces":{"north":{"uv":[0,0,0,0.5],"texture":"#1"},"east":{"uv":[2.25,8.25,4.5,8.75],"texture":"#1"},"south":{"uv":[0,0,0,0.5],"texture":"#1"},"west":{"uv":[4.5,8.25,6.75,8.75],"texture":"#1"},"up":{"uv":[0,2.25,0,0],"texture":"#1"},"down":{"uv":[0,0,0,2.25],"texture":"#1"}}},{"from":[17.75,14.25,4.25],"to":[17.75,16.25,13.25],"rotation":{"angle":0,"axis":"y","origin":[19.75,3.25,8.25]},"faces":{"north":{"uv":[0,0,0,0.5],"texture":"#1"},"east":{"uv":[6.75,8.25,9,8.75],"texture":"#1"},"south":{"uv":[0,0,0,0.5],"texture":"#1"},"west":{"uv":[8.5,0,10.75,0.5],"texture":"#1"},"up":{"uv":[0,2.25,0,0],"texture":"#1"},"down":{"uv":[0,0,0,2.25],"texture":"#1"}}},{"from":[9.75,16.25,4.25],"to":[17.75,16.25,13.25],"rotation":{"angle":0,"axis":"y","origin":[19.75,3.25,8.25]},"faces":{"north":{"uv":[0,0,2,0],"texture":"#1"},"east":{"uv":[0,0,2.25,0],"texture":"#1"},"south":{"uv":[0,0,2,0],"texture":"#1"},"west":{"uv":[0,0,2.25,0],"texture":"#1"},"up":{"uv":[6.5,6.75,4.5,4.5],"texture":"#1"},"down":{"uv":[6.5,4.5,4.5,6.75],"texture":"#1"}}},{"from":[9.75,-0.75,8.25],"to":[10.75,16.25,9.25],"rotation":{"angle":0,"axis":"y","origin":[19.75,3.25,8.25]},"faces":{"north":{"uv":[0,8.75,0.25,13],"texture":"#1"},"east":{"uv":[0.25,8.75,0.5,13],"texture":"#1"},"south":{"uv":[0.5,8.75,0.75,13],"texture":"#1"},"west":{"uv":[0.75,8.75,1,13],"texture":"#1"},"up":{"uv":[8.75,7.75,8.5,7.5],"texture":"#1"},"down":{"uv":[8.75,7.75,8.5,8],"texture":"#1"}}},{"from":[-2.75,3.25,7],"to":[-2.75,5.25,16],"rotation":{"angle":22.5,"axis":"y","origin":[-4.75,-7.75,12]},"faces":{"north":{"uv":[0,0,0,0.5],"texture":"#1"},"east":{"uv":[8.5,0.5,10.75,1],"texture":"#1"},"south":{"uv":[0,0,0,0.5],"texture":"#1"},"west":{"uv":[8.5,1,10.75,1.5],"texture":"#1"},"up":{"uv":[0,2.25,0,0],"texture":"#1"},"down":{"uv":[0,0,0,2.25],"texture":"#1"}}},{"from":[5.25,3.25,7],"to":[5.25,5.25,16],"rotation":{"angle":22.5,"axis":"y","origin":[-4.75,-7.75,12]},"faces":{"north":{"uv":[0,0,0,0.5],"texture":"#1"},"east":{"uv":[8.5,1.5,10.75,2],"texture":"#1"},"south":{"uv":[0,0,0,0.5],"texture":"#1"},"west":{"uv":[8.5,6.75,10.75,7.25],"texture":"#1"},"up":{"uv":[0,2.25,0,0],"texture":"#1"},"down":{"uv":[0,0,0,2.25],"texture":"#1"}}},{"from":[8.975,-3.6,7.275],"to":[9.975,2.4,8.275],"rotation":{"angle":22.5,"axis":"z","origin":[-0.025,-10.6,8.275]},"faces":{"north":{"uv":[4.75,8.75,5,10.25],"texture":"#1"},"east":{"uv":[5,8.75,5.25,10.25],"texture":"#1"},"south":{"uv":[8.75,5,9,6.5],"texture":"#1"},"west":{"uv":[5.25,8.75,5.5,10.25],"texture":"#1"},"up":{"uv":[8.75,8.25,8.5,8],"texture":"#1"},"down":{"uv":[5.75,8.75,5.5,9],"texture":"#1"}}},{"from":[-2.75,5.25,7],"to":[5.25,5.25,16],"rotation":{"angle":22.5,"axis":"y","origin":[-4.75,-7.75,12]},"faces":{"north":{"uv":[0,0,2,0],"texture":"#1"},"east":{"uv":[0,0,2.25,0],"texture":"#1"},"south":{"uv":[0,0,2,0],"texture":"#1"},"west":{"uv":[0,0,2.25,0],"texture":"#1"},"up":{"uv":[4,8.25,2,6],"texture":"#1"},"down":{"uv":[4,6,2,8.25],"texture":"#1"}}}],"gui_light":"front","display":{"thirdperson_righthand":{"rotation":[49,0,0],"translation":[-1,0,-0.5],"scale":[0.27,0.27,0.27]},"thirdperson_lefthand":{"rotation":[49,0,0],"translation":[-1,0,-0.5],"scale":[0.27,0.27,0.27]},"firstperson_righthand":{"translation":[0,4.75,1.5],"scale":[0.39,0.39,0.39]},"firstperson_lefthand":{"translation":[0,4.75,1.5],"scale":[0.39,0.39,0.39]},"ground":{"translation":[0,2.25,0],"scale":[0.4,0.4,0.4]},"gui":{"rotation":[11.75,0,0],"translation":[-0.25,0.5,0],"scale":[0.6,0.6,0.6]},"head":{"scale":[0,0,0]},"fixed":{"rotation":[-90,0,0],"translation":[0,0,-16],"scale":[2,2,2]}},"groups":[{"name":"group","origin":[-4.75,-7.75,12],"color":0,"children":[0,1,2,3,4,5,6,7,8,9,10,11,12,13,14,15,16,17,18,19,20,21,22,23]}],"mcmodels":"4c1e061d2eef16cb1fde38b411c5272a"}