{"credit":"Created by Workshop Six","texture_size":[32,32],"textures":{"3":"workshop_six:essentials/nature_decor/red_mushrooms"},"elements":[{"from":[4,10,4],"to":[13,12,13],"rotation":{"angle":0,"axis":"y","origin":[0,1,0]},"faces":{"north":{"uv":[8,5,12.5,6],"texture":"#3"},"east":{"uv":[8,6,12.5,7],"texture":"#3"},"south":{"uv":[9,10,13.5,11],"texture":"#3"},"west":{"uv":[10.5,0,15,1],"texture":"#3"},"up":{"uv":[4.5,4.5,0,0],"texture":"#3"},"down":{"uv":[4.5,4.5,0,9],"texture":"#3"}}},{"from":[11,4,-1],"to":[18,5,6],"rotation":{"angle":-22.5,"axis":"y","origin":[14.5,4.5,-0.5]},"faces":{"north":{"uv":[10.5,1,14,1.5],"texture":"#3"},"east":{"uv":[10.5,1.5,14,2],"texture":"#3"},"south":{"uv":[10.5,2,14,2.5],"texture":"#3"},"west":{"uv":[10.5,2.5,14,3],"texture":"#3"},"up":{"uv":[8,3.5,4.5,0],"texture":"#3"},"down":{"uv":[8,3.5,4.5,7],"texture":"#3"}}},{"from":[14,6,10],"to":[19,7,15],"rotation":{"angle":-22.5,"axis":"y","origin":[18.5,2.5,9.5]},"faces":{"north":{"uv":[11.5,7,14,7.5],"texture":"#3"},"east":{"uv":[11.5,7.5,14,8],"texture":"#3"},"south":{"uv":[11.5,8,14,8.5],"texture":"#3"},"west":{"uv":[11.5,8.5,14,9],"texture":"#3"},"up":{"uv":[10.5,2.5,8,0],"texture":"#3"},"down":{"uv":[10.5,2.5,8,5],"texture":"#3"}}},{"from":[-2,6,5],"to":[4,7,11],"rotation":{"angle":-22.5,"axis":"y","origin":[1,6.5,8]},"faces":{"north":{"uv":[10.5,3,13.5,3.5],"texture":"#3"},"east":{"uv":[10.5,3.5,13.5,4],"texture":"#3"},"south":{"uv":[10.5,4,13.5,4.5],"texture":"#3"},"west":{"uv":[10.5,4.5,13.5,5],"texture":"#3"},"up":{"uv":[7.5,10,4.5,7],"texture":"#3"},"down":{"uv":[10.5,7,7.5,10],"texture":"#3"}}},{"from":[4,4,8],"to":[9,5,13],"rotation":{"angle":-22.5,"axis":"y","origin":[-6.5,11.5,14.5]},"faces":{"north":{"uv":[11.5,9,14,9.5],"texture":"#3"},"east":{"uv":[11.5,9.5,14,10],"texture":"#3"},"south":{"uv":[11.5,11,14,11.5],"texture":"#3"},"west":{"uv":[11.5,11.5,14,12],"texture":"#3"},"up":{"uv":[2.5,11.5,0,9],"texture":"#3"},"down":{"uv":[5,10,2.5,12.5],"texture":"#3"}}},{"from":[7.5,0,7.5],"to":[9.5,11,9.5],"faces":{"north":{"uv":[5,10,6,15.5],"texture":"#3"},"east":{"uv":[6,10,7,15.5],"texture":"#3"},"south":{"uv":[7,10,8,15.5],"texture":"#3"},"west":{"uv":[8,10,9,15.5],"texture":"#3"},"up":{"uv":[3.5,10,2.5,9],"texture":"#3"},"down":{"uv":[4.5,9,3.5,10],"texture":"#3"}}},{"from":[14,0,2],"to":[15,4,3],"rotation":{"angle":-22.5,"axis":"y","origin":[14.5,3.5,-0.5]},"faces":{"north":{"uv":[0.5,11.5,1,13.5],"texture":"#3"},"east":{"uv":[1,11.5,1.5,13.5],"texture":"#3"},"south":{"uv":[1.5,11.5,2,13.5],"texture":"#3"},"west":{"uv":[2,11.5,2.5,13.5],"texture":"#3"},"up":{"uv":[4,13,3.5,12.5],"texture":"#3"},"down":{"uv":[4.5,12.5,4,13],"texture":"#3"}}},{"from":[16,0,12],"to":[17,6,13],"rotation":{"angle":-22.5,"axis":"y","origin":[18.5,1.5,9.5]},"faces":{"north":{"uv":[10.5,7,11,10],"texture":"#3"},"east":{"uv":[11,7,11.5,10],"texture":"#3"},"south":{"uv":[9,11,9.5,14],"texture":"#3"},"west":{"uv":[9.5,11,10,14],"texture":"#3"},"up":{"uv":[5,13,4.5,12.5],"texture":"#3"},"down":{"uv":[13,5,12.5,5.5],"texture":"#3"}}},{"from":[0.5,0,7.5],"to":[1.5,6,8.5],"rotation":{"angle":-22.5,"axis":"y","origin":[1,5.5,8]},"faces":{"north":{"uv":[10,11,10.5,14],"texture":"#3"},"east":{"uv":[10.5,11,11,14],"texture":"#3"},"south":{"uv":[11,11,11.5,14],"texture":"#3"},"west":{"uv":[0,11.5,0.5,14.5],"texture":"#3"},"up":{"uv":[13,6,12.5,5.5],"texture":"#3"},"down":{"uv":[13,6,12.5,6.5],"texture":"#3"}}},{"from":[6,0,10],"to":[7,4,11],"rotation":{"angle":-22.5,"axis":"y","origin":[-6.5,10.5,14.5]},"faces":{"north":{"uv":[11.5,12,12,14],"texture":"#3"},"east":{"uv":[12,12,12.5,14],"texture":"#3"},"south":{"uv":[2.5,12.5,3,14.5],"texture":"#3"},"west":{"uv":[3,12.5,3.5,14.5],"texture":"#3"},"up":{"uv":[13,7,12.5,6.5],"texture":"#3"},"down":{"uv":[13,12,12.5,12.5],"texture":"#3"}}}],"gui_light":"front","display":{"thirdperson_righthand":{"rotation":[49,0,0],"translation":[-1,0,-0.5],"scale":[0.27,0.27,0.27]},"thirdperson_lefthand":{"rotation":[49,0,0],"translation":[-1,0,-0.5],"scale":[0.27,0.27,0.27]},"firstperson_righthand":{"translation":[0,4.75,1.5],"scale":[0.39,0.39,0.39]},"firstperson_lefthand":{"translation":[0,4.75,1.5],"scale":[0.39,0.39,0.39]},"ground":{"translation":[0,2.25,0],"scale":[0.4,0.4,0.4]},"gui":{"rotation":[11.75,0,0],"translation":[0,1.5,0],"scale":[0.64,0.64,0.64]},"head":{"scale":[0,0,0]},"fixed":{"rotation":[-90,0,0],"translation":[0,0,-16],"scale":[2,2,2]}},"groups":[{"name":"group","origin":[-6.5,10.5,14.5],"color":0,"children":[0,1,2,3,4,5,6,7,8,9]}],"mcmodels":"4c1e061d2eef16cb1fde38b411c5272a"}