{"credit":"Created by Workshop Six","texture_size":[32,32],"textures":{"2":"workshop_six:essentials/nature_decor/rock_3","particle":"workshop_six:essentials/nature_decor/rock_3"},"elements":[{"from":[1.68567,0,4.87145],"to":[11.68567,2,12.87145],"rotation":{"angle":0,"axis":"y","origin":[7.70698,0.75,5.6456]},"faces":{"north":{"uv":[4,8.5,9,9.5],"texture":"#2"},"east":{"uv":[9,6,13,7],"texture":"#2"},"south":{"uv":[8.5,5,13.5,6],"texture":"#2"},"west":{"uv":[9,7,13,8],"texture":"#2"},"up":{"uv":[5,4,0,0],"texture":"#2"},"down":{"uv":[5,4,0,8],"texture":"#2"}}},{"from":[10.75527,0,-1.45114],"to":[15.75527,1,3.54886],"rotation":{"angle":0,"axis":"y","origin":[7.70698,0.75,5.6456]},"faces":{"north":{"uv":[7,10,9.5,10.5],"texture":"#2"},"east":{"uv":[9.5,10,12,10.5],"texture":"#2"},"south":{"uv":[0,10.5,2.5,11],"texture":"#2"},"west":{"uv":[2.5,10.5,5,11],"texture":"#2"},"up":{"uv":[11,2.5,8.5,0],"texture":"#2"},"down":{"uv":[11,2.5,8.5,5],"texture":"#2"}}},{"from":[5.45678,0,10.76532],"to":[13.45678,1,15.76532],"rotation":{"angle":0,"axis":"y","origin":[7.70698,0.75,5.6456]},"faces":{"north":{"uv":[9,8,13,8.5],"texture":"#2"},"east":{"uv":[5,10.5,7.5,11],"texture":"#2"},"south":{"uv":[9,8.5,13,9],"texture":"#2"},"west":{"uv":[7.5,10.5,10,11],"texture":"#2"},"up":{"uv":[9,8.5,5,6],"texture":"#2"},"down":{"uv":[4,8,0,10.5],"texture":"#2"}}},{"from":[-0.24473,0,1.54886],"to":[6.75527,1,7.54886],"rotation":{"angle":0,"axis":"y","origin":[7.70698,0.75,5.6456]},"faces":{"north":{"uv":[9,9,12.5,9.5],"texture":"#2"},"east":{"uv":[7.5,9.5,10.5,10],"texture":"#2"},"south":{"uv":[4,9.5,7.5,10],"texture":"#2"},"west":{"uv":[4,10,7,10.5],"texture":"#2"},"up":{"uv":[8.5,3,5,0],"texture":"#2"},"down":{"uv":[8.5,3,5,6],"texture":"#2"}}}],"gui_light":"front","display":{"thirdperson_righthand":{"rotation":[49,0,0],"translation":[-1,2,1.25],"scale":[0.37,0.37,0.37]},"thirdperson_lefthand":{"rotation":[49,0,0],"translation":[-1,2,1.25],"scale":[0.37,0.37,0.37]},"firstperson_righthand":{"translation":[0,4.75,1.5],"scale":[0.39,0.39,0.39]},"firstperson_lefthand":{"translation":[0,4.75,1.5],"scale":[0.39,0.39,0.39]},"ground":{"translation":[0,2.25,0],"scale":[0.4,0.4,0.4]},"gui":{"rotation":[31,0,0],"translation":[0.25,5.5,0],"scale":[0.87,0.87,0.87]},"fixed":{"rotation":[-90,0,0],"translation":[0,0,-16],"scale":[2,2,2]}},"groups":[{"name":"group","origin":[7.70698,0.75,5.6456],"color":0,"children":[0,1,2,3]}],"mcmodels":"4c1e061d2eef16cb1fde38b411c5272a"}