{"credit":"Created by Workshop Six","texture_size":[32,32],"textures":{"1":"workshop_six:essentials/nature_decor/rock_4"},"elements":[{"from":[2.68567,0,3.87145],"to":[12.68567,6,11.87145],"rotation":{"angle":0,"axis":"y","origin":[7.70698,0.75,5.6456]},"faces":{"north":{"uv":[5,0,10,3],"texture":"#1"},"east":{"uv":[5,6,9,9],"texture":"#1"},"south":{"uv":[5,3,10,6],"texture":"#1"},"west":{"uv":[0,8,4,11],"texture":"#1"},"up":{"uv":[5,4,0,0],"texture":"#1"},"down":{"uv":[5,4,0,8],"texture":"#1"}}},{"from":[9.75527,0,1.54886],"to":[14.75527,1,6.54886],"rotation":{"angle":0,"axis":"y","origin":[7.70698,0.75,5.6456]},"faces":{"north":{"uv":[11.5,10.5,14,11],"texture":"#1"},"east":{"uv":[11,11.5,13.5,12],"texture":"#1"},"south":{"uv":[11.5,11,14,11.5],"texture":"#1"},"west":{"uv":[2.5,12,5,12.5],"texture":"#1"},"up":{"uv":[12.5,5,10,2.5],"texture":"#1"},"down":{"uv":[2.5,11,0,13.5],"texture":"#1"}}},{"from":[3.70678,0,9.76532],"to":[11.70678,1,14.76532],"rotation":{"angle":0,"axis":"y","origin":[7.70698,0.75,5.6456]},"faces":{"north":{"uv":[10,5,14,5.5],"texture":"#1"},"east":{"uv":[5,12,7.5,12.5],"texture":"#1"},"south":{"uv":[10,5.5,14,6],"texture":"#1"},"west":{"uv":[7.5,12,10,12.5],"texture":"#1"},"up":{"uv":[11.5,11.5,7.5,9],"texture":"#1"},"down":{"uv":[14,0,10,2.5],"texture":"#1"}}},{"from":[0.75527,0,4.54886],"to":[7.75527,1,10.54886],"rotation":{"angle":0,"axis":"y","origin":[7.70698,0.75,5.6456]},"faces":{"north":{"uv":[7.5,11.5,11,12],"texture":"#1"},"east":{"uv":[11.5,9.5,14.5,10],"texture":"#1"},"south":{"uv":[11.5,9,15,9.5],"texture":"#1"},"west":{"uv":[11.5,10,14.5,10.5],"texture":"#1"},"up":{"uv":[7.5,12,4,9],"texture":"#1"},"down":{"uv":[12.5,6,9,9],"texture":"#1"}}}],"gui_light":"front","display":{"thirdperson_righthand":{"rotation":[49,0,0],"translation":[-1,2,1.25],"scale":[0.37,0.37,0.37]},"thirdperson_lefthand":{"rotation":[49,0,0],"translation":[-1,2,1.25],"scale":[0.37,0.37,0.37]},"firstperson_righthand":{"translation":[0,4.75,1.5],"scale":[0.39,0.39,0.39]},"firstperson_lefthand":{"translation":[0,4.75,1.5],"scale":[0.39,0.39,0.39]},"ground":{"translation":[0,2.25,0],"scale":[0.4,0.4,0.4]},"gui":{"rotation":[31,0,0],"translation":[0.5,5,0],"scale":[0.95,0.95,0.95]},"fixed":{"rotation":[-90,0,0],"translation":[0,0,-16],"scale":[2,2,2]}},"groups":[{"name":"group","origin":[7.70698,0.75,5.6456],"color":0,"children":[0,1,2,3]}],"mcmodels":"4c1e061d2eef16cb1fde38b411c5272a"}