{"credit":"Created by Workshop Six","texture_size":[32,32],"textures":{"0":"workshop_six:essentials/nature_decor/rock_1","particle":"workshop_six:essentials/nature_decor/rock_1"},"elements":[{"from":[2,0,4],"to":[14,3,12],"rotation":{"angle":0,"axis":"y","origin":[1,0,4]},"faces":{"north":{"uv":[0,8,6,9.5],"texture":"#0"},"east":{"uv":[0,9.5,4,11],"texture":"#0"},"south":{"uv":[6,8,12,9.5],"texture":"#0"},"west":{"uv":[4,9.5,8,11],"texture":"#0"},"up":{"uv":[6,4,0,0],"texture":"#0"},"down":{"uv":[6,4,0,8],"texture":"#0"}}},{"from":[0,0,2],"to":[8,2,10],"rotation":{"angle":0,"axis":"y","origin":[8.25,0.75,7]},"faces":{"north":{"uv":[10,1.5,14,2.5],"texture":"#0"},"east":{"uv":[10,2.5,14,3.5],"texture":"#0"},"south":{"uv":[10,3.5,14,4.5],"texture":"#0"},"west":{"uv":[10,4.5,14,5.5],"texture":"#0"},"up":{"uv":[10,4,6,0],"texture":"#0"},"down":{"uv":[10,4,6,8],"texture":"#0"}}},{"from":[5,0,12],"to":[13,1,15],"rotation":{"angle":0,"axis":"y","origin":[4,0,7]},"faces":{"north":{"uv":[10,5.5,14,6],"texture":"#0"},"east":{"uv":[10,6.5,11.5,7],"texture":"#0"},"south":{"uv":[10,6,14,6.5],"texture":"#0"},"west":{"uv":[10,7,11.5,7.5],"texture":"#0"},"up":{"uv":[12,11,8,9.5],"texture":"#0"},"down":{"uv":[14,0,10,1.5],"texture":"#0"}}}],"gui_light":"front","display":{"thirdperson_righthand":{"rotation":[49,0,0],"translation":[-1,2,1.25],"scale":[0.37,0.37,0.37]},"thirdperson_lefthand":{"rotation":[49,0,0],"translation":[-1,2,1.25],"scale":[0.37,0.37,0.37]},"firstperson_righthand":{"translation":[0,4.75,1.5],"scale":[0.39,0.39,0.39]},"firstperson_lefthand":{"translation":[0,4.75,1.5],"scale":[0.39,0.39,0.39]},"ground":{"translation":[0,2.25,0],"scale":[0.4,0.4,0.4]},"gui":{"rotation":[31,0,0],"translation":[1,5.75,0],"scale":[0.95,0.95,0.95]},"fixed":{"rotation":[-90,0,0],"translation":[0,0,-16],"scale":[2,2,2]}},"groups":[{"name":"group","origin":[4,0,7],"color":0,"children":[0,1,2]}],"mcmodels":"4c1e061d2eef16cb1fde38b411c5272a"}