{"credit":"Created by Workshop Six","texture_size":[32,32],"textures":{"1":"workshop_six:essentials/nature_decor/rock_2"},"elements":[{"from":[2,0,8],"to":[12,3,16],"rotation":{"angle":22.5,"axis":"y","origin":[0,0,8]},"faces":{"north":{"uv":[8,8,13,9.5],"texture":"#1"},"east":{"uv":[9,5,13,6.5],"texture":"#1"},"south":{"uv":[9,0,14,1.5],"texture":"#1"},"west":{"uv":[9,6.5,13,8],"texture":"#1"},"up":{"uv":[5,4,0,0],"texture":"#1"},"down":{"uv":[5,4,0,8],"texture":"#1"}}},{"from":[12.25,0,-1.25],"to":[16.25,1,5.75],"rotation":{"angle":45,"axis":"y","origin":[17.25,0.75,7]},"faces":{"north":{"uv":[11,4.5,13,5],"texture":"#1"},"east":{"uv":[11,2.5,14.5,3],"texture":"#1"},"south":{"uv":[0,11.5,2,12],"texture":"#1"},"west":{"uv":[11,3,14.5,3.5],"texture":"#1"},"up":{"uv":[11,5,9,1.5],"texture":"#1"},"down":{"uv":[10,9.5,8,13],"texture":"#1"}}},{"from":[5.75,0,10],"to":[13.75,1,15],"rotation":{"angle":0,"axis":"y","origin":[4.75,0,7]},"faces":{"north":{"uv":[11,1.5,15,2],"texture":"#1"},"east":{"uv":[11,3.5,13.5,4],"texture":"#1"},"south":{"uv":[11,2,15,2.5],"texture":"#1"},"west":{"uv":[11,4,13.5,4.5],"texture":"#1"},"up":{"uv":[4,10.5,0,8],"texture":"#1"},"down":{"uv":[8,8,4,10.5],"texture":"#1"}}},{"from":[1,0,2],"to":[9,2,10],"rotation":{"angle":0,"axis":"y","origin":[9.25,0.75,7]},"faces":{"north":{"uv":[10,9.5,14,10.5],"texture":"#1"},"east":{"uv":[0,10.5,4,11.5],"texture":"#1"},"south":{"uv":[4,10.5,8,11.5],"texture":"#1"},"west":{"uv":[10,10.5,14,11.5],"texture":"#1"},"up":{"uv":[9,4,5,0],"texture":"#1"},"down":{"uv":[9,4,5,8],"texture":"#1"}}}],"gui_light":"front","display":{"thirdperson_righthand":{"rotation":[49,0,0],"translation":[-1,2,1.25],"scale":[0.37,0.37,0.37]},"thirdperson_lefthand":{"rotation":[49,0,0],"translation":[-1,2,1.25],"scale":[0.37,0.37,0.37]},"firstperson_righthand":{"translation":[0,4.75,1.5],"scale":[0.39,0.39,0.39]},"firstperson_lefthand":{"translation":[0,4.75,1.5],"scale":[0.39,0.39,0.39]},"ground":{"translation":[0,2.25,0],"scale":[0.4,0.4,0.4]},"gui":{"rotation":[31,0,0],"translation":[0,5.75,0],"scale":[0.95,0.95,0.95]},"fixed":{"rotation":[-90,0,0],"translation":[0,0,-16],"scale":[2,2,2]}},"groups":[{"name":"group","origin":[9.25,0.75,7],"color":0,"children":[0,1,2,3]}],"mcmodels":"4c1e061d2eef16cb1fde38b411c5272a"}