{"credit":"Created by Workshop Six","texture_size":[128,128],"textures":{"2":"workshop_six:fishing_furniture/fish_drying_rack_tall"},"elements":[{"from":[10.5,-16,11.62886],"to":[12.5,4,14.62886],"rotation":{"angle":0,"axis":"y","origin":[17,-1,13.62886]},"faces":{"north":{"uv":[2.25,4.5,2.5,7],"texture":"#2"},"east":{"uv":[3.375,0.75,3.75,3.25],"texture":"#2"},"south":{"uv":[4.5,3.25,4.75,5.75],"texture":"#2"},"west":{"uv":[3.375,3.25,3.75,5.75],"texture":"#2"},"up":{"uv":[3.875,7.875,3.625,7.5],"texture":"#2"},"down":{"uv":[4.125,7.5,3.875,7.875],"texture":"#2"}}},{"from":[10.5,-16,1.62886],"to":[12.5,-6,4.62886],"rotation":{"angle":0,"axis":"y","origin":[17,-1,13.62886]},"faces":{"north":{"uv":[1.875,6.25,2.125,7.5],"texture":"#2"},"east":{"uv":[5.625,5.625,6,6.875],"texture":"#2"},"south":{"uv":[6.25,5.375,6.5,6.625],"texture":"#2"},"west":{"uv":[2.5,5.75,2.875,7],"texture":"#2"},"up":{"uv":[4.625,7.875,4.375,7.5],"texture":"#2"},"down":{"uv":[4.875,7.5,4.625,7.875],"texture":"#2"}}},{"from":[10.5,4,11.62886],"to":[12.5,8,14.62886],"rotation":{"angle":0,"axis":"y","origin":[17,-1,13.62886]},"faces":{"north":{"uv":[6.125,7.25,6.375,7.75],"texture":"#2"},"east":{"uv":[0,7,0.375,7.5],"texture":"#2"},"south":{"uv":[6.375,7.25,6.625,7.75],"texture":"#2"},"west":{"uv":[0.375,7,0.75,7.5],"texture":"#2"},"up":{"uv":[2.625,8,2.375,7.625],"texture":"#2"},"down":{"uv":[7.875,2.375,7.625,2.75],"texture":"#2"}}},{"from":[10.5,-6,1.62886],"to":[12.5,8,4.62886],"rotation":{"angle":0,"axis":"y","origin":[17,-1,13.62886]},"faces":{"north":{"uv":[3.625,5.75,3.875,7.5],"texture":"#2"},"east":{"uv":[0.75,4.5,1.125,6.25],"texture":"#2"},"south":{"uv":[3.875,5.75,4.125,7.5],"texture":"#2"},"west":{"uv":[1.125,4.5,1.5,6.25],"texture":"#2"},"up":{"uv":[1.75,8,1.5,7.625],"texture":"#2"},"down":{"uv":[7.875,2,7.625,2.375],"texture":"#2"}}},{"from":[10,-16,-0.37114],"to":[13,-14,16.62886],"rotation":{"angle":0,"axis":"y","origin":[4.18209,-11.70135,2.79241]},"faces":{"north":{"uv":[7.125,7.5,7.5,7.75],"texture":"#2"},"east":{"uv":[5.25,3.25,7.375,3.5],"texture":"#2"},"south":{"uv":[7.5,7.5,7.875,7.75],"texture":"#2"},"west":{"uv":[5.25,3.5,7.375,3.75],"texture":"#2"},"up":{"uv":[4.5,2.875,4.125,0.75],"texture":"#2"},"down":{"uv":[4.5,2.875,4.125,5],"texture":"#2"}}},{"from":[-10.75,-11,12.12886],"to":[11.25,-8,14.12886],"rotation":{"angle":0,"axis":"y","origin":[-8,1,13.62886]},"faces":{"north":{"uv":[3.375,0,6.125,0.375],"texture":"#2"},"east":{"uv":[2.875,7.5,3.125,7.875],"texture":"#2"},"south":{"uv":[3.375,0.375,6.125,0.75],"texture":"#2"},"west":{"uv":[3.125,7.5,3.375,7.875],"texture":"#2"},"up":{"uv":[7.25,2,4.5,1.75],"texture":"#2"},"down":{"uv":[7.25,2,4.5,2.25],"texture":"#2"}}},{"from":[-10.5,-0.75,-1.57114],"to":[10.5,0.25,0.42886],"rotation":{"angle":-45,"axis":"x","origin":[0,-2.94454,9.34853]},"faces":{"north":{"uv":[6.125,0,8.75,0.125],"texture":"#2"},"east":{"uv":[6.75,6.5,7,6.625],"texture":"#2"},"south":{"uv":[6.125,0.125,8.75,0.25],"texture":"#2"},"west":{"uv":[5.625,6.875,5.875,7],"texture":"#2"},"up":{"uv":[7.125,2.5,4.5,2.25],"texture":"#2"},"down":{"uv":[7.125,2.5,4.5,2.75],"texture":"#2"}}},{"from":[-10.5,5.58866,13.57107],"to":[10.5,6.58866,15.57107],"rotation":{"angle":-45,"axis":"x","origin":[0,6.08866,14.57107]},"faces":{"north":{"uv":[6.125,0.25,8.75,0.375],"texture":"#2"},"east":{"uv":[5,7.125,5.25,7.25],"texture":"#2"},"south":{"uv":[6.125,0.375,8.75,0.5],"texture":"#2"},"west":{"uv":[7.125,5.25,7.375,5.375],"texture":"#2"},"up":{"uv":[7.125,3,4.5,2.75],"texture":"#2"},"down":{"uv":[7.125,3,4.5,3.25],"texture":"#2"}}},{"from":[-10.5,-0.5,0.42886],"to":[10.5,-0.5,18.42886],"rotation":{"angle":-45,"axis":"x","origin":[0,-2.94454,9.34853]},"faces":{"north":{"uv":[0,0,2.625,0],"texture":"#2"},"east":{"uv":[0,0,2.25,0],"texture":"#2"},"south":{"uv":[0,0,2.625,0],"texture":"#2"},"west":{"uv":[0,0,2.25,0],"texture":"#2"},"up":{"uv":[2.625,2.25,0,0],"texture":"#2"},"down":{"uv":[2.625,2.25,0,4.5],"texture":"#2"}}},{"from":[10,0.70406,-8.52064],"to":[13,2.70406,14.47936],"rotation":{"angle":-45,"axis":"x","origin":[-0.25,5.70406,8.47936]},"faces":{"north":{"uv":[7.5,5.25,7.875,5.5],"texture":"#2"},"east":{"uv":[4.5,0.75,7.375,1],"texture":"#2"},"south":{"uv":[7.5,5.5,7.875,5.75],"texture":"#2"},"west":{"uv":[4.5,1,7.375,1.25],"texture":"#2"},"up":{"uv":[3,2.875,2.625,0],"texture":"#2"},"down":{"uv":[3,2.875,2.625,5.75],"texture":"#2"}}},{"from":[11,-10.38173,4.57556],"to":[12,-8.38173,12.57556],"rotation":{"angle":0,"axis":"y","origin":[0,-2.94454,9.34853]},"faces":{"north":{"uv":[2.5,5.5,2.625,5.75],"texture":"#2"},"east":{"uv":[6.125,0.5,7.125,0.75],"texture":"#2"},"south":{"uv":[2.125,6.25,2.25,6.5],"texture":"#2"},"west":{"uv":[6.75,5.75,7.75,6],"texture":"#2"},"up":{"uv":[2.625,5.5,2.5,4.5],"texture":"#2"},"down":{"uv":[4.5,6.375,4.375,7.375],"texture":"#2"}}},{"from":[-12,-10.38173,4.57556],"to":[-11,-8.38173,12.57556],"rotation":{"angle":0,"axis":"y","origin":[0,-2.94454,9.34853]},"faces":{"north":{"uv":[2.125,6.5,2.25,6.75],"texture":"#2"},"east":{"uv":[6.75,6,7.75,6.25],"texture":"#2"},"south":{"uv":[1.75,6.625,1.875,6.875],"texture":"#2"},"west":{"uv":[6.75,6.25,7.75,6.5],"texture":"#2"},"up":{"uv":[3.5,8,3.375,7],"texture":"#2"},"down":{"uv":[3.625,7,3.5,8],"texture":"#2"}}},{"from":[-13.25,-16,-0.37114],"to":[-10.25,-14,16.62886],"rotation":{"angle":0,"axis":"y","origin":[-4.43209,-11.70135,2.79241]},"faces":{"north":{"uv":[7.625,1.75,8,2],"texture":"#2"},"east":{"uv":[5.25,3.75,7.375,4],"texture":"#2"},"south":{"uv":[2,7.625,2.375,7.875],"texture":"#2"},"west":{"uv":[5.25,4,7.375,4.25],"texture":"#2"},"up":{"uv":[0.375,6.625,0,4.5],"texture":"#2"},"down":{"uv":[0.75,4.5,0.375,6.625],"texture":"#2"}}},{"from":[-13.25,0.70406,-8.52064],"to":[-10.25,2.70406,14.47936],"rotation":{"angle":-45,"axis":"x","origin":[-0.5,5.70406,8.47936]},"faces":{"north":{"uv":[0.75,7.625,1.125,7.875],"texture":"#2"},"east":{"uv":[4.5,1.25,7.375,1.5],"texture":"#2"},"south":{"uv":[1.125,7.625,1.5,7.875],"texture":"#2"},"west":{"uv":[4.5,1.5,7.375,1.75],"texture":"#2"},"up":{"uv":[3.375,2.875,3,0],"texture":"#2"},"down":{"uv":[3.375,2.875,3,5.75],"texture":"#2"}}},{"from":[-10.75,13,12.12886],"to":[11.25,16,14.12886],"rotation":{"angle":0,"axis":"y","origin":[-8,25,13.62886]},"faces":{"north":{"uv":[3.375,0,6.125,0.375],"texture":"#2"},"east":{"uv":[2.875,7.5,3.125,7.875],"texture":"#2"},"south":{"uv":[3.375,0.375,6.125,0.75],"texture":"#2"},"west":{"uv":[3.125,7.5,3.375,7.875],"texture":"#2"},"up":{"uv":[7.25,2,4.5,1.75],"texture":"#2"},"down":{"uv":[7.25,2,4.5,2.25],"texture":"#2"}}},{"from":[10.5,8,11.62886],"to":[12.5,28,14.62886],"rotation":{"angle":0,"axis":"y","origin":[17,23,13.62886]},"faces":{"north":{"uv":[2.25,4.5,2.5,7],"texture":"#2"},"east":{"uv":[3.375,0.75,3.75,3.25],"texture":"#2"},"south":{"uv":[4.5,3.25,4.75,5.75],"texture":"#2"},"west":{"uv":[3.375,3.25,3.75,5.75],"texture":"#2"},"up":{"uv":[3.875,7.875,3.625,7.5],"texture":"#2"},"down":{"uv":[4.125,7.5,3.875,7.875],"texture":"#2"}}},{"from":[11,13.61827,4.57556],"to":[12,15.61827,12.57556],"rotation":{"angle":0,"axis":"y","origin":[0,21.05546,9.34853]},"faces":{"north":{"uv":[2.5,5.5,2.625,5.75],"texture":"#2"},"east":{"uv":[6.125,0.5,7.125,0.75],"texture":"#2"},"south":{"uv":[2.125,6.25,2.25,6.5],"texture":"#2"},"west":{"uv":[6.75,5.75,7.75,6],"texture":"#2"},"up":{"uv":[2.625,5.5,2.5,4.5],"texture":"#2"},"down":{"uv":[4.5,6.375,4.375,7.375],"texture":"#2"}}},{"from":[10.5,8,1.62886],"to":[12.5,18,4.62886],"rotation":{"angle":0,"axis":"y","origin":[17,23,13.62886]},"faces":{"north":{"uv":[1.875,6.25,2.125,7.5],"texture":"#2"},"east":{"uv":[5.625,5.625,6,6.875],"texture":"#2"},"south":{"uv":[6.25,5.375,6.5,6.625],"texture":"#2"},"west":{"uv":[2.5,5.75,2.875,7],"texture":"#2"},"up":{"uv":[4.625,7.875,4.375,7.5],"texture":"#2"},"down":{"uv":[4.875,7.5,4.625,7.875],"texture":"#2"}}},{"from":[-10.5,23.25,-1.57114],"to":[10.5,24.25,0.42886],"rotation":{"angle":-45,"axis":"x","origin":[0,21.05546,9.34853]},"faces":{"north":{"uv":[6.125,0,8.75,0.125],"texture":"#2"},"east":{"uv":[6.75,6.5,7,6.625],"texture":"#2"},"south":{"uv":[6.125,0.125,8.75,0.25],"texture":"#2"},"west":{"uv":[5.625,6.875,5.875,7],"texture":"#2"},"up":{"uv":[7.125,2.5,4.5,2.25],"texture":"#2"},"down":{"uv":[7.125,2.5,4.5,2.75],"texture":"#2"}}},{"from":[-10.5,23.5,0.42886],"to":[10.5,23.5,18.42886],"rotation":{"angle":-45,"axis":"x","origin":[0,21.05546,9.34853]},"faces":{"north":{"uv":[0,0,2.625,0],"texture":"#2"},"east":{"uv":[0,0,2.25,0],"texture":"#2"},"south":{"uv":[0,0,2.625,0],"texture":"#2"},"west":{"uv":[0,0,2.25,0],"texture":"#2"},"up":{"uv":[2.625,2.25,0,0],"texture":"#2"},"down":{"uv":[2.625,2.25,0,4.5],"texture":"#2"}}},{"from":[10,24.70406,-8.52064],"to":[13,26.70406,14.47936],"rotation":{"angle":-45,"axis":"x","origin":[-0.25,29.70406,8.47936]},"faces":{"north":{"uv":[7.5,5.25,7.875,5.5],"texture":"#2"},"east":{"uv":[4.5,0.75,7.375,1],"texture":"#2"},"south":{"uv":[7.5,5.5,7.875,5.75],"texture":"#2"},"west":{"uv":[4.5,1,7.375,1.25],"texture":"#2"},"up":{"uv":[3,2.875,2.625,0],"texture":"#2"},"down":{"uv":[3,2.875,2.625,5.75],"texture":"#2"}}},{"from":[-10.5,29.58866,13.57107],"to":[10.5,30.58866,15.57107],"rotation":{"angle":-45,"axis":"x","origin":[0,30.08866,14.57107]},"faces":{"north":{"uv":[6.125,0.25,8.75,0.375],"texture":"#2"},"east":{"uv":[5,7.125,5.25,7.25],"texture":"#2"},"south":{"uv":[6.125,0.375,8.75,0.5],"texture":"#2"},"west":{"uv":[7.125,5.25,7.375,5.375],"texture":"#2"},"up":{"uv":[7.125,3,4.5,2.75],"texture":"#2"},"down":{"uv":[7.125,3,4.5,3.25],"texture":"#2"}}},{"from":[-13.25,24.70406,-8.52064],"to":[-10.25,26.70406,14.47936],"rotation":{"angle":-45,"axis":"x","origin":[-0.5,29.70406,8.47936]},"faces":{"north":{"uv":[0.75,7.625,1.125,7.875],"texture":"#2"},"east":{"uv":[4.5,1.25,7.375,1.5],"texture":"#2"},"south":{"uv":[1.125,7.625,1.5,7.875],"texture":"#2"},"west":{"uv":[4.5,1.5,7.375,1.75],"texture":"#2"},"up":{"uv":[3.375,2.875,3,0],"texture":"#2"},"down":{"uv":[3.375,2.875,3,5.75],"texture":"#2"}}},{"from":[-12,13.61827,4.57556],"to":[-11,15.61827,12.57556],"rotation":{"angle":0,"axis":"y","origin":[0,21.05546,9.34853]},"faces":{"north":{"uv":[2.125,6.5,2.25,6.75],"texture":"#2"},"east":{"uv":[6.75,6,7.75,6.25],"texture":"#2"},"south":{"uv":[1.75,6.625,1.875,6.875],"texture":"#2"},"west":{"uv":[6.75,6.25,7.75,6.5],"texture":"#2"},"up":{"uv":[3.5,8,3.375,7],"texture":"#2"},"down":{"uv":[3.625,7,3.5,8],"texture":"#2"}}},{"from":[10.5,18,3.62886],"to":[12.5,19,4.62886],"rotation":{"angle":0,"axis":"y","origin":[17,23,13.62886]},"faces":{"north":{"uv":[7.875,5.125,8.125,5.25],"texture":"#2"},"east":{"uv":[4.375,7.375,4.5,7.5],"texture":"#2"},"south":{"uv":[7.875,5.25,8.125,5.375],"texture":"#2"},"west":{"uv":[7.375,5.25,7.5,5.375],"texture":"#2"},"up":{"uv":[8.125,5.5,7.875,5.375],"texture":"#2"},"down":{"uv":[8.125,5.5,7.875,5.625],"texture":"#2"}}},{"from":[10.5,28,13.62886],"to":[12.5,29,14.62886],"rotation":{"angle":0,"axis":"y","origin":[17,23,13.62886]},"faces":{"north":{"uv":[7.25,2.125,7.5,2.25],"texture":"#2"},"east":{"uv":[1.75,6.875,1.875,7],"texture":"#2"},"south":{"uv":[7.875,4.75,8.125,4.875],"texture":"#2"},"west":{"uv":[5.875,6.875,6,7],"texture":"#2"},"up":{"uv":[8.125,5,7.875,4.875],"texture":"#2"},"down":{"uv":[8.125,5,7.875,5.125],"texture":"#2"}}},{"from":[-12.75,18,3.62886],"to":[-10.75,19,4.62886],"rotation":{"angle":0,"axis":"y","origin":[-17.25,23,13.62886]},"faces":{"north":{"uv":[7.875,6.875,8.125,7],"texture":"#2"},"east":{"uv":[4.875,7.5,5,7.625],"texture":"#2"},"south":{"uv":[7.875,7.5,8.125,7.625],"texture":"#2"},"west":{"uv":[6.125,8,6.25,8.125],"texture":"#2"},"up":{"uv":[8.125,7.75,7.875,7.625],"texture":"#2"},"down":{"uv":[0.75,8,0.5,8.125],"texture":"#2"}}},{"from":[-12.75,28,13.62886],"to":[-10.75,29,14.62886],"rotation":{"angle":0,"axis":"y","origin":[-17.25,23,13.62886]},"faces":{"north":{"uv":[7.875,5.625,8.125,5.75],"texture":"#2"},"east":{"uv":[2,7.5,2.125,7.625],"texture":"#2"},"south":{"uv":[7.875,6.5,8.125,6.625],"texture":"#2"},"west":{"uv":[7.5,2.125,7.625,2.25],"texture":"#2"},"up":{"uv":[8.125,6.75,7.875,6.625],"texture":"#2"},"down":{"uv":[8.125,6.75,7.875,6.875],"texture":"#2"}}},{"from":[-12.75,8,11.62886],"to":[-10.75,28,14.62886],"rotation":{"angle":0,"axis":"y","origin":[-17.25,23,13.62886]},"faces":{"north":{"uv":[4.75,3.25,5,5.75],"texture":"#2"},"east":{"uv":[3.75,0.75,4.125,3.25],"texture":"#2"},"south":{"uv":[5,3.25,5.25,5.75],"texture":"#2"},"west":{"uv":[3.75,3.25,4.125,5.75],"texture":"#2"},"up":{"uv":[7.875,4,7.625,3.625],"texture":"#2"},"down":{"uv":[4.375,7.625,4.125,8],"texture":"#2"}}},{"from":[-12.75,8,1.62886],"to":[-10.75,18,4.62886],"rotation":{"angle":0,"axis":"y","origin":[-17.25,23,13.62886]},"faces":{"north":{"uv":[4.125,6.375,4.375,7.625],"texture":"#2"},"east":{"uv":[2.875,5.75,3.25,7],"texture":"#2"},"south":{"uv":[6.5,5.375,6.75,6.625],"texture":"#2"},"west":{"uv":[3.25,5.75,3.625,7],"texture":"#2"},"up":{"uv":[2.875,8,2.625,7.625],"texture":"#2"},"down":{"uv":[7.875,3.25,7.625,3.625],"texture":"#2"}}},{"from":[-12.75,-6,1.62886],"to":[-10.75,8,4.62886],"rotation":{"angle":0,"axis":"y","origin":[-17.25,-1,13.62886]},"faces":{"north":{"uv":[4.5,5.75,4.75,7.5],"texture":"#2"},"east":{"uv":[1.5,4.5,1.875,6.25],"texture":"#2"},"south":{"uv":[4.75,5.75,5,7.5],"texture":"#2"},"west":{"uv":[1.875,4.5,2.25,6.25],"texture":"#2"},"up":{"uv":[7.875,5.25,7.625,4.875],"texture":"#2"},"down":{"uv":[5.375,7.625,5.125,8],"texture":"#2"}}},{"from":[-12.75,4,11.62886],"to":[-10.75,8,14.62886],"rotation":{"angle":0,"axis":"y","origin":[-17.25,-1,13.62886]},"faces":{"north":{"uv":[6.625,7.25,6.875,7.75],"texture":"#2"},"east":{"uv":[3,7,3.375,7.5],"texture":"#2"},"south":{"uv":[6.875,7.25,7.125,7.75],"texture":"#2"},"west":{"uv":[7,6.5,7.375,7],"texture":"#2"},"up":{"uv":[7.875,4.875,7.625,4.5],"texture":"#2"},"down":{"uv":[5.125,7.625,4.875,8],"texture":"#2"}}},{"from":[-12.75,-16,11.62886],"to":[-10.75,4,14.62886],"rotation":{"angle":0,"axis":"y","origin":[-17.25,-1,13.62886]},"faces":{"north":{"uv":[4.75,3.25,5,5.75],"texture":"#2"},"east":{"uv":[3.75,0.75,4.125,3.25],"texture":"#2"},"south":{"uv":[5,3.25,5.25,5.75],"texture":"#2"},"west":{"uv":[3.75,3.25,4.125,5.75],"texture":"#2"},"up":{"uv":[7.875,4,7.625,3.625],"texture":"#2"},"down":{"uv":[4.375,7.625,4.125,8],"texture":"#2"}}},{"from":[-12.75,-16,1.62886],"to":[-10.75,-6,4.62886],"rotation":{"angle":0,"axis":"y","origin":[-17.25,-1,13.62886]},"faces":{"north":{"uv":[4.125,6.375,4.375,7.625],"texture":"#2"},"east":{"uv":[2.875,5.75,3.25,7],"texture":"#2"},"south":{"uv":[6.5,5.375,6.75,6.625],"texture":"#2"},"west":{"uv":[3.25,5.75,3.625,7],"texture":"#2"},"up":{"uv":[2.875,8,2.625,7.625],"texture":"#2"},"down":{"uv":[7.875,3.25,7.625,3.625],"texture":"#2"}}},{"from":[-6.13582,3.26903,16.45916],"to":[-0.13582,6.26903,18.45916],"rotation":{"angle":45,"axis":"x","origin":[-4,12.76903,12.78319]},"faces":{"north":{"uv":[0,6.625,0.75,7],"texture":"#2"},"east":{"uv":[5.375,7.625,5.625,8],"texture":"#2"},"south":{"uv":[1,6.625,1.75,7],"texture":"#2"},"west":{"uv":[5.625,7.625,5.875,8],"texture":"#2"},"up":{"uv":[7.75,7.25,7,7],"texture":"#2"},"down":{"uv":[7.875,0.5,7.125,0.75],"texture":"#2"}}},{"from":[-0.13582,3.26903,16.45916],"to":[0.86418,5.26903,18.45916],"rotation":{"angle":45,"axis":"x","origin":[-4,12.76903,12.78319]},"faces":{"north":{"uv":[2.125,6.75,2.25,7],"texture":"#2"},"east":{"uv":[2.875,7.875,3.125,8.125],"texture":"#2"},"south":{"uv":[1.75,7.25,1.875,7.5],"texture":"#2"},"west":{"uv":[7.875,3,8.125,3.25],"texture":"#2"},"up":{"uv":[3,7.5,2.875,7.25],"texture":"#2"},"down":{"uv":[2.375,7.875,2.25,8.125],"texture":"#2"}}},{"from":[-4.21194,2.26903,17.84185],"to":[-1.21194,4.26903,17.84185],"rotation":{"angle":45,"axis":"x","origin":[-4,12.76903,12.78319]},"faces":{"north":{"uv":[7.625,2.75,8,3],"texture":"#2"},"east":{"uv":[0,0,0,0.25],"texture":"#2"},"south":{"uv":[7.625,4,8,4.25],"texture":"#2"},"west":{"uv":[0,0,0,0.25],"texture":"#2"},"up":{"uv":[0.375,0,0,0],"texture":"#2"},"down":{"uv":[0.375,0,0,0],"texture":"#2"}}},{"from":[-8.63582,3.26903,17.45916],"to":[-5.63582,6.26903,17.45916],"rotation":{"angle":45,"axis":"x","origin":[-4,12.76903,12.78319]},"faces":{"north":{"uv":[1,7.25,1.375,7.625],"texture":"#2"},"east":{"uv":[0,0,0,0.375],"texture":"#2"},"south":{"uv":[1.375,7.25,1.75,7.625],"texture":"#2"},"west":{"uv":[0,0,0,0.375],"texture":"#2"},"up":{"uv":[0.375,0,0,0],"texture":"#2"},"down":{"uv":[0.375,0,0,0],"texture":"#2"}}},{"from":[-5.63582,5.26903,17.45916],"to":[-1.63582,7.26903,17.45916],"rotation":{"angle":45,"axis":"x","origin":[-4,12.76903,12.78319]},"faces":{"north":{"uv":[7.125,7.25,7.625,7.5],"texture":"#2"},"east":{"uv":[0,0,0,0.25],"texture":"#2"},"south":{"uv":[7.375,0.75,7.875,1],"texture":"#2"},"west":{"uv":[0,0,0,0.25],"texture":"#2"},"up":{"uv":[0.5,0,0,0],"texture":"#2"},"down":{"uv":[0.5,0,0,0],"texture":"#2"}}},{"from":[-6.86418,-7.83097,16.45916],"to":[-0.86418,-4.83097,18.45916],"rotation":{"angle":45,"axis":"x","origin":[-12,12.76903,12.78319]},"faces":{"north":{"uv":[6.25,6.625,7,7],"texture":"#2"},"east":{"uv":[7.25,7.75,7.5,8.125],"texture":"#2"},"south":{"uv":[6.75,5.375,7.5,5.75],"texture":"#2"},"west":{"uv":[7.5,7.75,7.75,8.125],"texture":"#2"},"up":{"uv":[7.875,3.25,7.125,3],"texture":"#2"},"down":{"uv":[7.875,4.25,7.125,4.5],"texture":"#2"}}},{"from":[-7.86418,-7.73097,16.45916],"to":[-6.86418,-5.73097,18.45916],"rotation":{"angle":45,"axis":"x","origin":[-12,12.76903,12.78319]},"faces":{"north":{"uv":[1.875,8,2,8.25],"texture":"#2"},"east":{"uv":[7.875,3.75,8.125,4],"texture":"#2"},"south":{"uv":[3.375,8,3.5,8.25],"texture":"#2"},"west":{"uv":[3.875,7.875,4.125,8.125],"texture":"#2"},"up":{"uv":[3.625,8.25,3.5,8],"texture":"#2"},"down":{"uv":[8.125,4,8,4.25],"texture":"#2"}}},{"from":[-5.78806,-8.83097,17.84185],"to":[-2.78806,-6.83097,17.84185],"rotation":{"angle":45,"axis":"x","origin":[-12,12.76903,12.78319]},"faces":{"north":{"uv":[7.75,6.25,8.125,6.5],"texture":"#2"},"east":{"uv":[0,0,0,0.25],"texture":"#2"},"south":{"uv":[7.75,7,8.125,7.25],"texture":"#2"},"west":{"uv":[0,0,0,0.25],"texture":"#2"},"up":{"uv":[0.375,0,0,0],"texture":"#2"},"down":{"uv":[0.375,0,0,0],"texture":"#2"}}},{"from":[-5.36418,-5.83097,17.45916],"to":[-1.36418,-3.83097,17.45916],"rotation":{"angle":45,"axis":"x","origin":[-12,12.76903,12.78319]},"faces":{"north":{"uv":[7.375,1.5,7.875,1.75],"texture":"#2"},"east":{"uv":[0,0,0,0.25],"texture":"#2"},"south":{"uv":[7.375,6.5,7.875,6.75],"texture":"#2"},"west":{"uv":[0,0,0,0.25],"texture":"#2"},"up":{"uv":[0.5,0,0,0],"texture":"#2"},"down":{"uv":[0.5,0,0,0],"texture":"#2"}}},{"from":[-1.36418,-7.83097,17.45916],"to":[1.63582,-4.83097,17.45916],"rotation":{"angle":45,"axis":"x","origin":[-12,12.76903,12.78319]},"faces":{"north":{"uv":[2.5,7.25,2.875,7.625],"texture":"#2"},"east":{"uv":[0,0,0,0.375],"texture":"#2"},"south":{"uv":[5,7.25,5.375,7.625],"texture":"#2"},"west":{"uv":[0,0,0,0.375],"texture":"#2"},"up":{"uv":[0.375,0,0,0],"texture":"#2"},"down":{"uv":[0.375,0,0,0],"texture":"#2"}}},{"from":[-5.71194,-2.23097,16.84185],"to":[1.28806,0.76903,18.84185],"rotation":{"angle":45,"axis":"x","origin":[-4,12.76903,12.78319]},"faces":{"north":{"uv":[1,6.25,1.875,6.625],"texture":"#2"},"east":{"uv":[5.875,7.625,6.125,8],"texture":"#2"},"south":{"uv":[6.25,4.25,7.125,4.625],"texture":"#2"},"west":{"uv":[0,7.75,0.25,8.125],"texture":"#2"},"up":{"uv":[1.875,7.25,1,7],"texture":"#2"},"down":{"uv":[3,7,2.125,7.25],"texture":"#2"}}},{"from":[-4.28806,-0.23097,18.22453],"to":[-0.28806,1.76903,18.22453],"rotation":{"angle":45,"axis":"x","origin":[-4,12.76903,12.78319]},"faces":{"north":{"uv":[7.375,1,7.875,1.25],"texture":"#2"},"east":{"uv":[0,0,0,0.25],"texture":"#2"},"south":{"uv":[7.375,1.25,7.875,1.5],"texture":"#2"},"west":{"uv":[0,0,0,0.25],"texture":"#2"},"up":{"uv":[0.5,0,0,0],"texture":"#2"},"down":{"uv":[0.5,0,0,0],"texture":"#2"}}},{"from":[-8.21194,-2.23097,17.84185],"to":[-5.21194,0.76903,17.84185],"rotation":{"angle":45,"axis":"x","origin":[-4,12.76903,12.78319]},"faces":{"north":{"uv":[7.25,1.75,7.625,2.125],"texture":"#2"},"east":{"uv":[0,0,0,0.375],"texture":"#2"},"south":{"uv":[2.125,7.25,2.5,7.625],"texture":"#2"},"west":{"uv":[0,0,0,0.375],"texture":"#2"},"up":{"uv":[0.375,0,0,0],"texture":"#2"},"down":{"uv":[0.375,0,0,0],"texture":"#2"}}},{"from":[-3.78806,-3.23097,18.22453],"to":[-0.78806,-1.23097,18.22453],"rotation":{"angle":45,"axis":"x","origin":[-4,12.76903,12.78319]},"faces":{"north":{"uv":[7.625,7.25,8,7.5],"texture":"#2"},"east":{"uv":[0,0,0,0.25],"texture":"#2"},"south":{"uv":[7.75,5.75,8.125,6],"texture":"#2"},"west":{"uv":[0,0,0,0.25],"texture":"#2"},"up":{"uv":[0.375,0,0,0],"texture":"#2"},"down":{"uv":[0.375,0,0,0],"texture":"#2"}}},{"from":[1.21194,-2.23097,16.84953],"to":[2.21194,-0.23097,18.84953],"rotation":{"angle":45,"axis":"x","origin":[-4,12.76903,12.78319]},"faces":{"north":{"uv":[1.5,8,1.625,8.25],"texture":"#2"},"east":{"uv":[3.125,7.875,3.375,8.125],"texture":"#2"},"south":{"uv":[1.625,8,1.75,8.25],"texture":"#2"},"west":{"uv":[7.875,3.25,8.125,3.5],"texture":"#2"},"up":{"uv":[1.875,8.25,1.75,8],"texture":"#2"},"down":{"uv":[8.125,1.75,8,2],"texture":"#2"}}},{"from":[4.95019,-5.80732,-3.27987],"to":[7.95019,5.19268,-1.27987],"rotation":{"angle":45,"axis":"x","origin":[-4.18209,-11.70135,2.79241]},"faces":{"north":{"uv":[4.125,5,4.5,6.375],"texture":"#2"},"east":{"uv":[5,5.75,5.25,7.125],"texture":"#2"},"south":{"uv":[5.25,4.25,5.625,5.625],"texture":"#2"},"west":{"uv":[6,4.25,6.25,5.625],"texture":"#2"},"up":{"uv":[8.125,6.25,7.75,6],"texture":"#2"},"down":{"uv":[6.5,7.75,6.125,8],"texture":"#2"}}},{"from":[3.95019,-2.30732,-2.27987],"to":[5.95019,1.69268,-2.27987],"rotation":{"angle":45,"axis":"x","origin":[-4.18209,-11.70135,2.79241]},"faces":{"north":{"uv":[7.375,3.25,7.625,3.75],"texture":"#2"},"east":{"uv":[0,0,0,0.5],"texture":"#2"},"south":{"uv":[7.375,3.75,7.625,4.25],"texture":"#2"},"west":{"uv":[0,0,0,0.5],"texture":"#2"},"up":{"uv":[0.25,0,0,0],"texture":"#2"},"down":{"uv":[0.25,0,0,0],"texture":"#2"}}},{"from":[4.45019,-8.30732,-2.27987],"to":[8.45019,-5.30732,-2.27987],"rotation":{"angle":45,"axis":"x","origin":[-4.18209,-11.70135,2.79241]},"faces":{"north":{"uv":[7.125,2.25,7.625,2.625],"texture":"#2"},"east":{"uv":[0,0,0,0.375],"texture":"#2"},"south":{"uv":[7.125,2.625,7.625,3],"texture":"#2"},"west":{"uv":[0,0,0,0.375],"texture":"#2"},"up":{"uv":[0.5,0,0,0],"texture":"#2"},"down":{"uv":[0.5,0,0,0],"texture":"#2"}}},{"from":[6.95019,0.11656,-1.89719],"to":[8.95019,3.11656,-1.89719],"rotation":{"angle":45,"axis":"x","origin":[-4.18209,-11.70135,2.79241]},"faces":{"north":{"uv":[0.25,7.75,0.5,8.125],"texture":"#2"},"east":{"uv":[0,0,0,0.375],"texture":"#2"},"south":{"uv":[6.5,7.75,6.75,8.125],"texture":"#2"},"west":{"uv":[0,0,0,0.375],"texture":"#2"},"up":{"uv":[0.25,0,0,0],"texture":"#2"},"down":{"uv":[0.25,0,0,0],"texture":"#2"}}},{"from":[6.95019,-3.88344,-1.89719],"to":[8.95019,-0.88344,-1.89719],"rotation":{"angle":45,"axis":"x","origin":[-4.18209,-11.70135,2.79241]},"faces":{"north":{"uv":[6.75,7.75,7,8.125],"texture":"#2"},"east":{"uv":[0,0,0,0.375],"texture":"#2"},"south":{"uv":[7,7.75,7.25,8.125],"texture":"#2"},"west":{"uv":[0,0,0,0.375],"texture":"#2"},"up":{"uv":[0.25,0,0,0],"texture":"#2"},"down":{"uv":[0.25,0,0,0],"texture":"#2"}}},{"from":[5.95019,5.11656,-3.27219],"to":[7.95019,6.11656,-1.27219],"rotation":{"angle":45,"axis":"x","origin":[-4.18209,-11.70135,2.79241]},"faces":{"north":{"uv":[2.375,8,2.625,8.125],"texture":"#2"},"east":{"uv":[2.625,8,2.875,8.125],"texture":"#2"},"south":{"uv":[8,2.75,8.25,2.875],"texture":"#2"},"west":{"uv":[8,2.875,8.25,3],"texture":"#2"},"up":{"uv":[8.125,3.75,7.875,3.5],"texture":"#2"},"down":{"uv":[3.875,7.875,3.625,8.125],"texture":"#2"}}},{"from":[0.13582,27.26903,16.45916],"to":[6.13582,30.26903,18.45916],"rotation":{"angle":45,"axis":"x","origin":[4,36.76903,12.78319]},"faces":{"north":{"uv":[6.25,6.625,7,7],"texture":"#2"},"east":{"uv":[7.25,7.75,7.5,8.125],"texture":"#2"},"south":{"uv":[6.75,5.375,7.5,5.75],"texture":"#2"},"west":{"uv":[7.5,7.75,7.75,8.125],"texture":"#2"},"up":{"uv":[7.875,3.25,7.125,3],"texture":"#2"},"down":{"uv":[7.875,4.25,7.125,4.5],"texture":"#2"}}},{"from":[-0.86418,27.26903,16.45916],"to":[0.13582,29.26903,18.45916],"rotation":{"angle":45,"axis":"x","origin":[4,36.76903,12.78319]},"faces":{"north":{"uv":[1.875,8,2,8.25],"texture":"#2"},"east":{"uv":[7.875,3.75,8.125,4],"texture":"#2"},"south":{"uv":[3.375,8,3.5,8.25],"texture":"#2"},"west":{"uv":[3.875,7.875,4.125,8.125],"texture":"#2"},"up":{"uv":[3.625,8.25,3.5,8],"texture":"#2"},"down":{"uv":[8.125,4,8,4.25],"texture":"#2"}}},{"from":[1.21194,26.26903,17.84185],"to":[4.21194,28.26903,17.84185],"rotation":{"angle":45,"axis":"x","origin":[4,36.76903,12.78319]},"faces":{"north":{"uv":[7.75,6.25,8.125,6.5],"texture":"#2"},"east":{"uv":[0,0,0,0.25],"texture":"#2"},"south":{"uv":[7.75,7,8.125,7.25],"texture":"#2"},"west":{"uv":[0,0,0,0.25],"texture":"#2"},"up":{"uv":[0.375,0,0,0],"texture":"#2"},"down":{"uv":[0.375,0,0,0],"texture":"#2"}}},{"from":[5.63582,27.26903,17.45916],"to":[8.63582,30.26903,17.45916],"rotation":{"angle":45,"axis":"x","origin":[4,36.76903,12.78319]},"faces":{"north":{"uv":[2.5,7.25,2.875,7.625],"texture":"#2"},"east":{"uv":[0,0,0,0.375],"texture":"#2"},"south":{"uv":[5,7.25,5.375,7.625],"texture":"#2"},"west":{"uv":[0,0,0,0.375],"texture":"#2"},"up":{"uv":[0.375,0,0,0],"texture":"#2"},"down":{"uv":[0.375,0,0,0],"texture":"#2"}}},{"from":[1.63582,29.26903,17.45916],"to":[5.63582,31.26903,17.45916],"rotation":{"angle":45,"axis":"x","origin":[4,36.76903,12.78319]},"faces":{"north":{"uv":[7.375,1.5,7.875,1.75],"texture":"#2"},"east":{"uv":[0,0,0,0.25],"texture":"#2"},"south":{"uv":[7.375,6.5,7.875,6.75],"texture":"#2"},"west":{"uv":[0,0,0,0.25],"texture":"#2"},"up":{"uv":[0.5,0,0,0],"texture":"#2"},"down":{"uv":[0.5,0,0,0],"texture":"#2"}}},{"from":[0.86418,16.16903,16.45916],"to":[6.86418,19.16903,18.45916],"rotation":{"angle":45,"axis":"x","origin":[12,36.76903,12.78319]},"faces":{"north":{"uv":[0,6.625,0.75,7],"texture":"#2"},"east":{"uv":[5.375,7.625,5.625,8],"texture":"#2"},"south":{"uv":[1,6.625,1.75,7],"texture":"#2"},"west":{"uv":[5.625,7.625,5.875,8],"texture":"#2"},"up":{"uv":[7.75,7.25,7,7],"texture":"#2"},"down":{"uv":[7.875,0.5,7.125,0.75],"texture":"#2"}}},{"from":[6.86418,16.26903,16.45916],"to":[7.86418,18.26903,18.45916],"rotation":{"angle":45,"axis":"x","origin":[12,36.76903,12.78319]},"faces":{"north":{"uv":[2.125,6.75,2.25,7],"texture":"#2"},"east":{"uv":[2.875,7.875,3.125,8.125],"texture":"#2"},"south":{"uv":[1.75,7.25,1.875,7.5],"texture":"#2"},"west":{"uv":[7.875,3,8.125,3.25],"texture":"#2"},"up":{"uv":[3,7.5,2.875,7.25],"texture":"#2"},"down":{"uv":[2.375,7.875,2.25,8.125],"texture":"#2"}}},{"from":[2.78806,15.16903,17.84185],"to":[5.78806,17.16903,17.84185],"rotation":{"angle":45,"axis":"x","origin":[12,36.76903,12.78319]},"faces":{"north":{"uv":[7.625,2.75,8,3],"texture":"#2"},"east":{"uv":[0,0,0,0.25],"texture":"#2"},"south":{"uv":[7.625,4,8,4.25],"texture":"#2"},"west":{"uv":[0,0,0,0.25],"texture":"#2"},"up":{"uv":[0.375,0,0,0],"texture":"#2"},"down":{"uv":[0.375,0,0,0],"texture":"#2"}}},{"from":[1.36418,18.16903,17.45916],"to":[5.36418,20.16903,17.45916],"rotation":{"angle":45,"axis":"x","origin":[12,36.76903,12.78319]},"faces":{"north":{"uv":[7.125,7.25,7.625,7.5],"texture":"#2"},"east":{"uv":[0,0,0,0.25],"texture":"#2"},"south":{"uv":[7.375,0.75,7.875,1],"texture":"#2"},"west":{"uv":[0,0,0,0.25],"texture":"#2"},"up":{"uv":[0.5,0,0,0],"texture":"#2"},"down":{"uv":[0.5,0,0,0],"texture":"#2"}}},{"from":[-1.63582,16.16903,17.45916],"to":[1.36418,19.16903,17.45916],"rotation":{"angle":45,"axis":"x","origin":[12,36.76903,12.78319]},"faces":{"north":{"uv":[1,7.25,1.375,7.625],"texture":"#2"},"east":{"uv":[0,0,0,0.375],"texture":"#2"},"south":{"uv":[1.375,7.25,1.75,7.625],"texture":"#2"},"west":{"uv":[0,0,0,0.375],"texture":"#2"},"up":{"uv":[0.375,0,0,0],"texture":"#2"},"down":{"uv":[0.375,0,0,0],"texture":"#2"}}},{"from":[-1.28806,21.76903,16.84185],"to":[5.71194,24.76903,18.84185],"rotation":{"angle":45,"axis":"x","origin":[4,36.76903,12.78319]},"faces":{"north":{"uv":[6.25,4.625,7.125,5],"texture":"#2"},"east":{"uv":[7.75,7.75,8,8.125],"texture":"#2"},"south":{"uv":[6.25,5,7.125,5.375],"texture":"#2"},"west":{"uv":[7.875,0.5,8.125,0.875],"texture":"#2"},"up":{"uv":[6.125,7.25,5.25,7],"texture":"#2"},"down":{"uv":[7,7,6.125,7.25],"texture":"#2"}}},{"from":[0.28806,23.76903,18.22453],"to":[4.28806,25.76903,18.22453],"rotation":{"angle":45,"axis":"x","origin":[4,36.76903,12.78319]},"faces":{"north":{"uv":[7.375,6.75,7.875,7],"texture":"#2"},"east":{"uv":[0,0,0,0.25],"texture":"#2"},"south":{"uv":[0,7.5,0.5,7.75],"texture":"#2"},"west":{"uv":[0,0,0,0.25],"texture":"#2"},"up":{"uv":[0.5,0,0,0],"texture":"#2"},"down":{"uv":[0.5,0,0,0],"texture":"#2"}}},{"from":[5.21194,21.76903,17.84185],"to":[8.21194,24.76903,17.84185],"rotation":{"angle":45,"axis":"x","origin":[4,36.76903,12.78319]},"faces":{"north":{"uv":[5.375,7.25,5.75,7.625],"texture":"#2"},"east":{"uv":[0,0,0,0.375],"texture":"#2"},"south":{"uv":[5.75,7.25,6.125,7.625],"texture":"#2"},"west":{"uv":[0,0,0,0.375],"texture":"#2"},"up":{"uv":[0.375,0,0,0],"texture":"#2"},"down":{"uv":[0.375,0,0,0],"texture":"#2"}}},{"from":[0.78806,20.76903,18.22453],"to":[3.78806,22.76903,18.22453],"rotation":{"angle":45,"axis":"x","origin":[4,36.76903,12.78319]},"faces":{"north":{"uv":[0.75,7.875,1.125,8.125],"texture":"#2"},"east":{"uv":[0,0,0,0.25],"texture":"#2"},"south":{"uv":[7.875,0.875,8.25,1.125],"texture":"#2"},"west":{"uv":[0,0,0,0.25],"texture":"#2"},"up":{"uv":[0.375,0,0,0],"texture":"#2"},"down":{"uv":[0.375,0,0,0],"texture":"#2"}}},{"from":[-2.21194,21.76903,16.84953],"to":[-1.21194,23.76903,18.84953],"rotation":{"angle":45,"axis":"x","origin":[4,36.76903,12.78319]},"faces":{"north":{"uv":[4.125,8,4.25,8.25],"texture":"#2"},"east":{"uv":[7.875,4.25,8.125,4.5],"texture":"#2"},"south":{"uv":[4.25,8,4.375,8.25],"texture":"#2"},"west":{"uv":[4.375,7.875,4.625,8.125],"texture":"#2"},"up":{"uv":[5,8.25,4.875,8],"texture":"#2"},"down":{"uv":[5.125,8,5,8.25],"texture":"#2"}}},{"from":[-7.95019,18.19268,-3.27987],"to":[-4.95019,29.19268,-1.27987],"rotation":{"angle":45,"axis":"x","origin":[4.18209,12.29865,2.79241]},"faces":{"north":{"uv":[5.625,4.25,6,5.625],"texture":"#2"},"east":{"uv":[6,5.625,6.25,7],"texture":"#2"},"south":{"uv":[5.25,5.625,5.625,7],"texture":"#2"},"west":{"uv":[0.75,6.25,1,7.625],"texture":"#2"},"up":{"uv":[1.5,8.125,1.125,7.875],"texture":"#2"},"down":{"uv":[8.25,1.125,7.875,1.375],"texture":"#2"}}},{"from":[-5.95019,21.69268,-2.27987],"to":[-3.95019,25.69268,-2.27987],"rotation":{"angle":45,"axis":"x","origin":[4.18209,12.29865,2.79241]},"faces":{"north":{"uv":[0.5,7.5,0.75,8],"texture":"#2"},"east":{"uv":[0,0,0,0.5],"texture":"#2"},"south":{"uv":[1.75,7.5,2,8],"texture":"#2"},"west":{"uv":[0,0,0,0.5],"texture":"#2"},"up":{"uv":[0.25,0,0,0],"texture":"#2"},"down":{"uv":[0.25,0,0,0],"texture":"#2"}}},{"from":[-8.45019,15.69268,-2.27987],"to":[-4.45019,18.69268,-2.27987],"rotation":{"angle":45,"axis":"x","origin":[4.18209,12.29865,2.79241]},"faces":{"north":{"uv":[7.125,4.5,7.625,4.875],"texture":"#2"},"east":{"uv":[0,0,0,0.375],"texture":"#2"},"south":{"uv":[7.125,4.875,7.625,5.25],"texture":"#2"},"west":{"uv":[0,0,0,0.375],"texture":"#2"},"up":{"uv":[0.5,0,0,0],"texture":"#2"},"down":{"uv":[0.5,0,0,0],"texture":"#2"}}},{"from":[-8.95019,24.11656,-1.89719],"to":[-6.95019,27.11656,-1.89719],"rotation":{"angle":45,"axis":"x","origin":[4.18209,12.29865,2.79241]},"faces":{"north":{"uv":[7.875,1.375,8.125,1.75],"texture":"#2"},"east":{"uv":[0,0,0,0.375],"texture":"#2"},"south":{"uv":[2,7.875,2.25,8.25],"texture":"#2"},"west":{"uv":[0,0,0,0.375],"texture":"#2"},"up":{"uv":[0.25,0,0,0],"texture":"#2"},"down":{"uv":[0.25,0,0,0],"texture":"#2"}}},{"from":[-8.95019,20.11656,-1.89719],"to":[-6.95019,23.11656,-1.89719],"rotation":{"angle":45,"axis":"x","origin":[4.18209,12.29865,2.79241]},"faces":{"north":{"uv":[7.875,2,8.125,2.375],"texture":"#2"},"east":{"uv":[0,0,0,0.375],"texture":"#2"},"south":{"uv":[7.875,2.375,8.125,2.75],"texture":"#2"},"west":{"uv":[0,0,0,0.375],"texture":"#2"},"up":{"uv":[0.25,0,0,0],"texture":"#2"},"down":{"uv":[0.25,0,0,0],"texture":"#2"}}},{"from":[-7.95019,29.11656,-3.27219],"to":[-5.95019,30.11656,-1.27219],"rotation":{"angle":45,"axis":"x","origin":[4.18209,12.29865,2.79241]},"faces":{"north":{"uv":[5.125,8,5.375,8.125],"texture":"#2"},"east":{"uv":[5.375,8,5.625,8.125],"texture":"#2"},"south":{"uv":[5.625,8,5.875,8.125],"texture":"#2"},"west":{"uv":[5.875,8,6.125,8.125],"texture":"#2"},"up":{"uv":[8.125,4.75,7.875,4.5],"texture":"#2"},"down":{"uv":[4.875,7.875,4.625,8.125],"texture":"#2"}}}],"gui_light":"front","display":{"thirdperson_righthand":{"rotation":[49,0,0],"translation":[1.75,1,-0.5],"scale":[0.25,0.25,0.25]},"thirdperson_lefthand":{"rotation":[49,0,0],"translation":[-1,1,-0.5],"scale":[0.25,0.25,0.25]},"firstperson_righthand":{"rotation":[-180,76.75,-180],"translation":[-1.25,5.75,3],"scale":[0.14,0.14,0.14]},"firstperson_lefthand":{"rotation":[-180,76.75,-180],"translation":[-1.25,5.75,5.25],"scale":[0.14,0.14,0.14]},"ground":{"translation":[2,8,0],"scale":[0.25,0.25,0.25]},"gui":{"rotation":[18.25,158,0],"translation":[-2.5,0.25,0],"scale":[0.3,0.3,0.3]},"head":{"scale":[0,0,0]},"fixed":{"rotation":[-90,0,0],"translation":[0,0,-48],"scale":[2,2,2]}},"groups":[{"name":"group","origin":[9,-1,-5.87886],"color":0,"children":[0,1,2,3,4,5,{"name":"group","origin":[15,15.5,2.62114],"color":0,"children":[]},6,7,8,9,10,11,12,13,14,15,16,17,18,19,20,21,22,23,24,25,26,27,28,29,30,31,32,33]},{"name":"group","origin":[9,-1,-5.87886],"color":0,"children":[{"name":"group","origin":[15,15.5,2.62114],"color":0,"children":[34,35,36,37,38,39,40,41,42,43,44,45,46,47,48,49,50,51,52,53,54]},{"name":"group","origin":[15,15.5,2.62114],"color":0,"children":[55,56,57,58,59,60,61,62,63,64,65,66,67,68,69,70,71,72,73,74,75]}]}],"mcmodels":"5c8ccaa32eb1e393b04a8fe53751577c"}