{"credit":"Created by Workshop Six","texture_size":[128,128],"textures":{"19":"workshop_six:fishing_furniture/fish_station"},"elements":[{"from":[1.44903,0,4.95806],"to":[14.44903,1,13.95806],"rotation":{"angle":-22.5,"axis":"y","origin":[9,1.25,7]},"faces":{"north":{"uv":[13.246,7.379,11.629,7.496],"texture":"#19"},"east":{"uv":[13.996,5.754,12.879,5.871],"texture":"#19"},"south":{"uv":[13.121,9.129,11.504,9.246],"texture":"#19"},"west":{"uv":[13.996,5.879,12.879,5.996],"texture":"#19"},"up":{"uv":[2.371,6.754,0.754,7.871],"texture":"#19"},"down":{"uv":[3.996,7.871,2.379,6.754],"texture":"#19"}}},{"from":[6.44903,0,1.95806],"to":[9.44903,1,2.95806],"rotation":{"angle":-22.5,"axis":"y","origin":[9,1.25,7]},"faces":{"north":{"uv":[13.746,12.629,13.379,12.746],"texture":"#19"},"east":{"uv":[13.621,10.754,13.504,10.871],"texture":"#19"},"south":{"uv":[10.621,13.379,10.254,13.496],"texture":"#19"},"west":{"uv":[10.996,13.504,10.879,13.621],"texture":"#19"},"up":{"uv":[13.746,12.754,13.379,12.871],"texture":"#19"},"down":{"uv":[13.496,13.496,13.129,13.379],"texture":"#19"}}},{"from":[13.44903,0.25,1.95806],"to":[14.44903,0.75,2.95806],"rotation":{"angle":-22.5,"axis":"y","origin":[9,1.25,7]},"faces":{"north":{"uv":[13.621,11.004,13.504,11.121],"texture":"#19"},"east":{"uv":[11.121,13.504,11.004,13.621],"texture":"#19"},"south":{"uv":[13.621,10.879,13.504,10.996],"texture":"#19"},"west":{"uv":[11.246,13.504,11.129,13.621],"texture":"#19"},"up":{"uv":[13.621,11.129,13.504,11.246],"texture":"#19"},"down":{"uv":[11.371,13.621,11.254,13.504],"texture":"#19"}}},{"from":[9.44903,0.25,0.95806],"to":[13.44903,0.75,2.95806],"rotation":{"angle":-22.5,"axis":"y","origin":[9,1.25,7]},"faces":{"north":{"uv":[13.746,10.004,13.254,10.121],"texture":"#19"},"east":{"uv":[13.746,1.504,13.504,1.621],"texture":"#19"},"south":{"uv":[13.746,5.379,13.254,5.496],"texture":"#19"},"west":{"uv":[13.746,2.004,13.504,2.121],"texture":"#19"},"up":{"uv":[13.496,4.504,13.004,4.746],"texture":"#19"},"down":{"uv":[13.496,4.996,13.004,4.754],"texture":"#19"}}},{"from":[9.77234,1,7.23077],"to":[12.77234,3,10.23077],"rotation":{"angle":-45,"axis":"y","origin":[9,1.25,7]},"faces":{"north":{"uv":[9.246,13.129,8.879,13.371],"texture":"#19"},"east":{"uv":[13.496,8.629,13.129,8.871],"texture":"#19"},"south":{"uv":[8.871,13.129,8.504,13.371],"texture":"#19"},"west":{"uv":[13.496,8.879,13.129,9.121],"texture":"#19"},"up":{"uv":[5.371,12.879,5.004,13.246],"texture":"#19"},"down":{"uv":[13.246,7.371,12.879,7.004],"texture":"#19"}}},{"from":[3.18957,1,6.55811],"to":[6.18957,3,9.55811],"rotation":{"angle":0,"axis":"y","origin":[9,1.25,7]},"faces":{"north":{"uv":[13.496,9.379,13.129,9.621],"texture":"#19"},"east":{"uv":[9.621,13.129,9.254,13.371],"texture":"#19"},"south":{"uv":[13.496,9.129,13.129,9.371],"texture":"#19"},"west":{"uv":[9.996,13.129,9.629,13.371],"texture":"#19"},"up":{"uv":[7.996,12.879,7.629,13.246],"texture":"#19"},"down":{"uv":[13.246,10.371,12.879,10.004],"texture":"#19"}}},{"from":[4.18957,2,8.55811],"to":[6.18957,2,10.55811],"rotation":{"angle":0,"axis":"y","origin":[9,1.25,7]},"faces":{"north":{"uv":[0.246,0.004,0.004,0.004],"texture":"#19"},"east":{"uv":[0.246,0.004,0.004,0.004],"texture":"#19"},"south":{"uv":[0.246,0.004,0.004,0.004],"texture":"#19"},"west":{"uv":[0.246,0.004,0.004,0.004],"texture":"#19"},"up":{"uv":[13.496,10.629,13.254,10.871],"texture":"#19"},"down":{"uv":[11.121,13.496,10.879,13.254],"texture":"#19"}}},{"from":[9.77234,2,9.23077],"to":[11.77234,2,11.23077],"rotation":{"angle":-45,"axis":"y","origin":[9,1.25,7]},"faces":{"north":{"uv":[0.246,0.004,0.004,0.004],"texture":"#19"},"east":{"uv":[0.246,0.004,0.004,0.004],"texture":"#19"},"south":{"uv":[0.246,0.004,0.004,0.004],"texture":"#19"},"west":{"uv":[0.246,0.004,0.004,0.004],"texture":"#19"},"up":{"uv":[13.496,10.879,13.254,11.121],"texture":"#19"},"down":{"uv":[11.371,13.496,11.129,13.254],"texture":"#19"}}},{"from":[12.27234,2,7.23077],"to":[15.27234,2,10.23077],"rotation":{"angle":-45,"axis":"y","origin":[9,1.25,7]},"faces":{"north":{"uv":[0.371,0.004,0.004,0.004],"texture":"#19"},"east":{"uv":[0.371,0.004,0.004,0.004],"texture":"#19"},"south":{"uv":[0.371,0.004,0.004,0.004],"texture":"#19"},"west":{"uv":[0.371,0.004,0.004,0.004],"texture":"#19"},"up":{"uv":[13.246,10.379,12.879,10.746],"texture":"#19"},"down":{"uv":[13.246,11.121,12.879,10.754],"texture":"#19"}}},{"from":[5.18957,2,5.55811],"to":[6.18957,2,7.55811],"rotation":{"angle":0,"axis":"y","origin":[9,1.25,7]},"faces":{"north":{"uv":[0.121,0.004,0.004,0.004],"texture":"#19"},"east":{"uv":[0.246,0.004,0.004,0.004],"texture":"#19"},"south":{"uv":[0.121,0.004,0.004,0.004],"texture":"#19"},"west":{"uv":[0.246,0.004,0.004,0.004],"texture":"#19"},"up":{"uv":[1.246,13.504,1.129,13.746],"texture":"#19"},"down":{"uv":[13.621,3.121,13.504,2.879],"texture":"#19"}}},{"from":[9.77234,2,6.23077],"to":[10.77234,2,8.23077],"rotation":{"angle":-45,"axis":"y","origin":[9,1.25,7]},"faces":{"north":{"uv":[0.121,0.004,0.004,0.004],"texture":"#19"},"east":{"uv":[0.246,0.004,0.004,0.004],"texture":"#19"},"south":{"uv":[0.121,0.004,0.004,0.004],"texture":"#19"},"west":{"uv":[0.246,0.004,0.004,0.004],"texture":"#19"},"up":{"uv":[3.121,13.504,3.004,13.746],"texture":"#19"},"down":{"uv":[3.246,13.746,3.129,13.504],"texture":"#19"}}},{"from":[2.18957,1,6.55811],"to":[3.18957,3,8.55811],"rotation":{"angle":0,"axis":"y","origin":[9,1.25,7]},"faces":{"north":{"uv":[13.621,3.379,13.504,3.621],"texture":"#19"},"east":{"uv":[13.496,11.129,13.254,11.371],"texture":"#19"},"south":{"uv":[13.621,3.129,13.504,3.371],"texture":"#19"},"west":{"uv":[11.621,13.254,11.379,13.496],"texture":"#19"},"up":{"uv":[13.621,4.004,13.504,4.246],"texture":"#19"},"down":{"uv":[4.371,13.746,4.254,13.504],"texture":"#19"}}}],"gui_light":"front","display":{"thirdperson_righthand":{"rotation":[49,0,0],"translation":[-1,3.25,1.25],"scale":[0.41,0.41,0.41]},"thirdperson_lefthand":{"rotation":[49,0,0],"translation":[-1,3.25,1.25],"scale":[0.41,0.41,0.41]},"firstperson_righthand":{"rotation":[0,0,35],"translation":[0,6,0.5],"scale":[0.49,0.49,0.49]},"firstperson_lefthand":{"rotation":[0,0,35],"translation":[0,6,0.5],"scale":[0.49,0.49,0.49]},"ground":{"translation":[0,5,0],"scale":[0.61,0.61,0.61]},"gui":{"rotation":[56,180,0],"translation":[-0.5,3.75,0],"scale":[0.94,0.94,0.94]},"head":{"scale":[0,0,0]},"fixed":{"rotation":[-90,0,0],"translation":[0,0,-16],"scale":[2,2,2]}},"groups":[{"name":"group","origin":[18.7949,28,16.77309],"color":0,"children":[0,1,2,3,4,5,6,7,8,9,10,11]}],"mcmodels":"5c8ccaa32eb1e393b04a8fe53751577c"}