{"credit":"Created by Workshop Six","texture_size":[128,128],"textures":{"1":"workshop_six:fishing_furniture/fish_drying_rack","particle":"workshop_six:fishing_furniture/fish_drying_rack"},"elements":[{"from":[10.5,0,11.62886],"to":[12.5,20,14.62886],"rotation":{"angle":0,"axis":"y","origin":[17,15,13.62886]},"faces":{"north":{"uv":[0.75,4.5,1,7],"texture":"#1"},"east":{"uv":[3.375,0.75,3.75,3.25],"texture":"#1"},"south":{"uv":[1,4.5,1.25,7],"texture":"#1"},"west":{"uv":[3.375,3.25,3.75,5.75],"texture":"#1"},"up":{"uv":[6.25,7,6,6.625],"texture":"#1"},"down":{"uv":[6.875,6.5,6.625,6.875],"texture":"#1"}}},{"from":[10.5,0,1.62886],"to":[12.5,10,4.62886],"rotation":{"angle":0,"axis":"y","origin":[17,15,13.62886]},"faces":{"north":{"uv":[2.5,5.75,2.75,7],"texture":"#1"},"east":{"uv":[4.5,4.25,4.875,5.5],"texture":"#1"},"south":{"uv":[2.75,5.75,3,7],"texture":"#1"},"west":{"uv":[4.875,4.25,5.25,5.5],"texture":"#1"},"up":{"uv":[7,0.375,6.75,0],"texture":"#1"},"down":{"uv":[4.5,6.75,4.25,7.125],"texture":"#1"}}},{"from":[10.5,20,13.62886],"to":[12.5,21,14.62886],"rotation":{"angle":0,"axis":"y","origin":[17,15,13.62886]},"faces":{"north":{"uv":[6.125,0.625,6.375,0.75],"texture":"#1"},"east":{"uv":[5.875,5.75,6,5.875],"texture":"#1"},"south":{"uv":[3.5,6.125,3.75,6.25],"texture":"#1"},"west":{"uv":[4,6.125,4.125,6.25],"texture":"#1"},"up":{"uv":[4,6.25,3.75,6.125],"texture":"#1"},"down":{"uv":[6.625,0.625,6.375,0.75],"texture":"#1"}}},{"from":[10.5,10,3.62886],"to":[12.5,11,4.62886],"rotation":{"angle":0,"axis":"y","origin":[17,15,13.62886]},"faces":{"north":{"uv":[6.375,5.375,6.625,5.5],"texture":"#1"},"east":{"uv":[5.875,6.125,6,6.25],"texture":"#1"},"south":{"uv":[6.625,0.625,6.875,0.75],"texture":"#1"},"west":{"uv":[6.875,0.625,7,0.75],"texture":"#1"},"up":{"uv":[6.875,5.5,6.625,5.375],"texture":"#1"},"down":{"uv":[7.125,4.5,6.875,4.625],"texture":"#1"}}},{"from":[10,0,-0.37114],"to":[13,2,16.62886],"rotation":{"angle":0,"axis":"y","origin":[4.18209,4.29865,2.79241]},"faces":{"north":{"uv":[6.625,4,7,4.25],"texture":"#1"},"east":{"uv":[4.5,3.25,6.625,3.5],"texture":"#1"},"south":{"uv":[5,6.75,5.375,7],"texture":"#1"},"west":{"uv":[4.5,3.5,6.625,3.75],"texture":"#1"},"up":{"uv":[4.5,2.875,4.125,0.75],"texture":"#1"},"down":{"uv":[4.5,2.875,4.125,5],"texture":"#1"}}},{"from":[-10.75,5,12.12886],"to":[11.25,8,14.12886],"rotation":{"angle":0,"axis":"y","origin":[-8,17,13.62886]},"faces":{"north":{"uv":[3.375,0,6.125,0.375],"texture":"#1"},"east":{"uv":[5.375,6.75,5.625,7.125],"texture":"#1"},"south":{"uv":[3.375,0.375,6.125,0.75],"texture":"#1"},"west":{"uv":[5.625,6.75,5.875,7.125],"texture":"#1"},"up":{"uv":[7.25,2,4.5,1.75],"texture":"#1"},"down":{"uv":[7.25,2,4.5,2.25],"texture":"#1"}}},{"from":[-10.5,15.25,-1.57114],"to":[10.5,16.25,0.42886],"rotation":{"angle":-45,"axis":"x","origin":[0,13.05546,9.34853]},"faces":{"north":{"uv":[5.625,4.625,8.25,4.75],"texture":"#1"},"east":{"uv":[5.625,7.125,5.875,7.25],"texture":"#1"},"south":{"uv":[5.625,4.75,8.25,4.875],"texture":"#1"},"west":{"uv":[7.125,5.625,7.375,5.75],"texture":"#1"},"up":{"uv":[7.125,2.5,4.5,2.25],"texture":"#1"},"down":{"uv":[7.125,2.5,4.5,2.75],"texture":"#1"}}},{"from":[-10.5,21.58866,13.57107],"to":[10.5,22.58866,15.57107],"rotation":{"angle":-45,"axis":"x","origin":[0,22.08866,14.57107]},"faces":{"north":{"uv":[5.625,4.875,8.25,5],"texture":"#1"},"east":{"uv":[6.625,7.125,6.875,7.25],"texture":"#1"},"south":{"uv":[5.625,5,8.25,5.125],"texture":"#1"},"west":{"uv":[0,7.25,0.25,7.375],"texture":"#1"},"up":{"uv":[7.125,3,4.5,2.75],"texture":"#1"},"down":{"uv":[7.125,3,4.5,3.25],"texture":"#1"}}},{"from":[-10.5,15.5,0.42886],"to":[10.5,15.5,18.42886],"rotation":{"angle":-45,"axis":"x","origin":[0,13.05546,9.34853]},"faces":{"north":{"uv":[0,0,2.625,0],"texture":"#1"},"east":{"uv":[0,0,2.25,0],"texture":"#1"},"south":{"uv":[0,0,2.625,0],"texture":"#1"},"west":{"uv":[0,0,2.25,0],"texture":"#1"},"up":{"uv":[2.625,2.25,0,0],"texture":"#1"},"down":{"uv":[2.625,2.25,0,4.5],"texture":"#1"}}},{"from":[10,16.70406,-8.52064],"to":[13,18.70406,14.47936],"rotation":{"angle":-45,"axis":"x","origin":[-0.25,21.70406,8.47936]},"faces":{"north":{"uv":[7,0.5,7.375,0.75],"texture":"#1"},"east":{"uv":[4.5,0.75,7.375,1],"texture":"#1"},"south":{"uv":[2.5,7,2.875,7.25],"texture":"#1"},"west":{"uv":[4.5,1,7.375,1.25],"texture":"#1"},"up":{"uv":[3,2.875,2.625,0],"texture":"#1"},"down":{"uv":[3,2.875,2.625,5.75],"texture":"#1"}}},{"from":[11,5.61827,4.57556],"to":[12,7.61827,12.57556],"rotation":{"angle":0,"axis":"y","origin":[0,13.05546,9.34853]},"faces":{"north":{"uv":[4.75,7.125,4.875,7.375],"texture":"#1"},"east":{"uv":[5,5.875,6,6.125],"texture":"#1"},"south":{"uv":[6.875,7.125,7,7.375],"texture":"#1"},"west":{"uv":[5.875,5.5,6.875,5.75],"texture":"#1"},"up":{"uv":[2.625,5.5,2.5,4.5],"texture":"#1"},"down":{"uv":[0.625,6.625,0.5,7.625],"texture":"#1"}}},{"from":[-12.75,0,11.62886],"to":[-10.75,20,14.62886],"rotation":{"angle":0,"axis":"y","origin":[-17.25,15,13.62886]},"faces":{"north":{"uv":[1.25,4.5,1.5,7],"texture":"#1"},"east":{"uv":[3.75,0.75,4.125,3.25],"texture":"#1"},"south":{"uv":[1.5,4.5,1.75,7],"texture":"#1"},"west":{"uv":[3.75,3.25,4.125,5.75],"texture":"#1"},"up":{"uv":[3.125,7.375,2.875,7],"texture":"#1"},"down":{"uv":[3.375,7,3.125,7.375],"texture":"#1"}}},{"from":[-12,5.61827,4.57556],"to":[-11,7.61827,12.57556],"rotation":{"angle":0,"axis":"y","origin":[0,13.05546,9.34853]},"faces":{"north":{"uv":[0.25,7.25,0.375,7.5],"texture":"#1"},"east":{"uv":[6,5.75,7,6],"texture":"#1"},"south":{"uv":[0.375,7.25,0.5,7.5],"texture":"#1"},"west":{"uv":[6,6,7,6.25],"texture":"#1"},"up":{"uv":[0.75,7.625,0.625,6.625],"texture":"#1"},"down":{"uv":[6,6.625,5.875,7.625],"texture":"#1"}}},{"from":[-12.75,20,13.62886],"to":[-10.75,21,14.62886],"rotation":{"angle":0,"axis":"y","origin":[-17.25,15,13.62886]},"faces":{"north":{"uv":[7.25,1.75,7.5,1.875],"texture":"#1"},"east":{"uv":[4.875,6.875,5,7],"texture":"#1"},"south":{"uv":[7.25,1.875,7.5,2],"texture":"#1"},"west":{"uv":[6.25,6.875,6.375,7],"texture":"#1"},"up":{"uv":[7.5,2.125,7.25,2],"texture":"#1"},"down":{"uv":[7.5,2.125,7.25,2.25],"texture":"#1"}}},{"from":[-12.75,0,1.62886],"to":[-10.75,10,4.62886],"rotation":{"angle":0,"axis":"y","origin":[-17.25,15,13.62886]},"faces":{"north":{"uv":[3,5.75,3.25,7],"texture":"#1"},"east":{"uv":[4.125,5,4.5,6.25],"texture":"#1"},"south":{"uv":[3.25,5.75,3.5,7],"texture":"#1"},"west":{"uv":[5.25,4.25,5.625,5.5],"texture":"#1"},"up":{"uv":[5.125,7.375,4.875,7],"texture":"#1"},"down":{"uv":[5.375,7,5.125,7.375],"texture":"#1"}}},{"from":[-12.75,10,3.62886],"to":[-10.75,11,4.62886],"rotation":{"angle":0,"axis":"y","origin":[-17.25,15,13.62886]},"faces":{"north":{"uv":[2.5,7.25,2.75,7.375],"texture":"#1"},"east":{"uv":[6.875,6.75,7,6.875],"texture":"#1"},"south":{"uv":[7.25,2.75,7.5,2.875],"texture":"#1"},"west":{"uv":[2.75,7.25,2.875,7.375],"texture":"#1"},"up":{"uv":[7.5,3,7.25,2.875],"texture":"#1"},"down":{"uv":[7.5,3,7.25,3.125],"texture":"#1"}}},{"from":[-13.25,0,-0.37114],"to":[-10.25,2,16.62886],"rotation":{"angle":0,"axis":"y","origin":[-4.43209,4.29865,2.79241]},"faces":{"north":{"uv":[7,4,7.375,4.25],"texture":"#1"},"east":{"uv":[4.5,3.75,6.625,4],"texture":"#1"},"south":{"uv":[7,5.125,7.375,5.375],"texture":"#1"},"west":{"uv":[4.5,4,6.625,4.25],"texture":"#1"},"up":{"uv":[0.375,6.625,0,4.5],"texture":"#1"},"down":{"uv":[0.75,4.5,0.375,6.625],"texture":"#1"}}},{"from":[-13.25,16.70406,-8.52064],"to":[-10.25,18.70406,14.47936],"rotation":{"angle":-45,"axis":"x","origin":[-0.5,21.70406,8.47936]},"faces":{"north":{"uv":[7,5.75,7.375,6],"texture":"#1"},"east":{"uv":[4.5,1.25,7.375,1.5],"texture":"#1"},"south":{"uv":[6,7,6.375,7.25],"texture":"#1"},"west":{"uv":[4.5,1.5,7.375,1.75],"texture":"#1"},"up":{"uv":[3.375,2.875,3,0],"texture":"#1"},"down":{"uv":[3.375,2.875,3,5.75],"texture":"#1"}}}],"gui_light":"front","display":{"thirdperson_righthand":{"rotation":[49,0,0],"translation":[1.75,1,-0.5],"scale":[0.25,0.25,0.25]},"thirdperson_lefthand":{"rotation":[49,0,0],"translation":[-1,1,-0.5],"scale":[0.25,0.25,0.25]},"firstperson_righthand":{"rotation":[-180,76.75,-180],"translation":[-1.25,4.5,2.75],"scale":[0.14,0.14,0.14]},"firstperson_lefthand":{"rotation":[-180,76.75,-180],"translation":[-1.25,5.75,5.25],"scale":[0.14,0.14,0.14]},"ground":{"translation":[2,3.25,0],"scale":[0.25,0.25,0.25]},"gui":{"rotation":[18.25,158,0],"translation":[-3.25,-1,0],"scale":[0.41,0.41,0.41]},"head":{"scale":[0,0,0]},"fixed":{"rotation":[-90,0,0],"translation":[0,0,-16],"scale":[2,2,2]}},"groups":[{"name":"group","origin":[9,-1,-5.87886],"color":0,"children":[0,1,2,3,4,5,{"name":"group","origin":[15,15.5,2.62114],"color":0,"children":[]},6,7,8,9,10,11,12,13,14,15,16,17]}],"mcmodels":"5c8ccaa32eb1e393b04a8fe53751577c"}