{"credit":"Created by Workshop Six","texture_size":[64,64],"textures":{"1":"workshop_six:fishing_furniture/fishing_rod_stand","particle":"workshop_six:fishing_furniture/fishing_rod_stand"},"elements":[{"from":[7,-1.2,8.25],"to":[9,26.8,10.25],"rotation":{"angle":22.5,"axis":"x","origin":[8,14.3,10.375]},"faces":{"north":{"uv":[2,6.25,2.5,13.25],"texture":"#1"},"east":{"uv":[2.5,6.25,3,13.25],"texture":"#1"},"south":{"uv":[3,6.25,3.5,13.25],"texture":"#1"},"west":{"uv":[3.5,6.25,4,13.25],"texture":"#1"},"up":{"uv":[9.75,10.75,9.25,10.25],"texture":"#1"},"down":{"uv":[10.25,10.25,9.75,10.75],"texture":"#1"}}},{"from":[8,8.55,8.75],"to":[8,26.55,10.75],"rotation":{"angle":22.5,"axis":"x","origin":[8,14.3,10.375]},"faces":{"north":{"uv":[0,0,0,4.5],"texture":"#1"},"east":{"uv":[8.5,0.75,9,5.25],"texture":"#1"},"south":{"uv":[0,0,0,4.5],"texture":"#1"},"west":{"uv":[8.75,5.25,9.25,9.75],"texture":"#1"},"up":{"uv":[0,0.5,0,0],"texture":"#1"},"down":{"uv":[0,0,0,0.5],"texture":"#1"}}},{"from":[6.5,5.8,9.5],"to":[9.5,9.8,13.5],"rotation":{"angle":22.5,"axis":"x","origin":[8,14.3,10.375]},"faces":{"north":{"uv":[9,4.25,9.75,5.25],"texture":"#1"},"east":{"uv":[6,3.5,7,4.5],"texture":"#1"},"south":{"uv":[6.5,9,7.25,10],"texture":"#1"},"west":{"uv":[6,4.5,7,5.5],"texture":"#1"},"up":{"uv":[10,6.25,9.25,5.25],"texture":"#1"},"down":{"uv":[10,6.25,9.25,7.25],"texture":"#1"}}},{"from":[6.85,-0.45,8.1],"to":[9.15,5.55,10.4],"rotation":{"angle":22.5,"axis":"x","origin":[8,14.3,10.375]},"faces":{"north":{"uv":[7.25,9,7.75,10.5],"texture":"#1"},"east":{"uv":[9.25,7.25,9.75,8.75],"texture":"#1"},"south":{"uv":[9.25,8.75,9.75,10.25],"texture":"#1"},"west":{"uv":[9.75,7.25,10.25,8.75],"texture":"#1"},"up":{"uv":[10.75,10.25,10.25,9.75],"texture":"#1"},"down":{"uv":[10.75,10.25,10.25,10.75],"texture":"#1"}}},{"from":[6.25,7.05,7.75],"to":[9.75,8.05,11.75],"rotation":{"angle":22.5,"axis":"x","origin":[8,14.3,10.375]},"faces":{"north":{"uv":[10.5,3.25,11.5,3.5],"texture":"#1"},"east":{"uv":[10.5,3.5,11.5,3.75],"texture":"#1"},"south":{"uv":[10.5,3.75,11.5,4],"texture":"#1"},"west":{"uv":[10.5,4,11.5,4.25],"texture":"#1"},"up":{"uv":[10,4.25,9,3.25],"texture":"#1"},"down":{"uv":[5,9,4,10],"texture":"#1"}}},{"from":[6.9,12.55,8.15],"to":[9.1,13.55,11.35],"rotation":{"angle":22.5,"axis":"x","origin":[8,14.3,10.375]},"faces":{"north":{"uv":[4.5,10.75,5,11],"texture":"#1"},"east":{"uv":[10.75,6.75,11.5,7],"texture":"#1"},"south":{"uv":[6.5,10.75,7,11],"texture":"#1"},"west":{"uv":[10.75,7,11.5,7.25],"texture":"#1"},"up":{"uv":[5,10.75,4.5,10],"texture":"#1"},"down":{"uv":[7,10,6.5,10.75],"texture":"#1"}}},{"from":[6.9,18.55,8.15],"to":[9.1,19.55,11.35],"rotation":{"angle":22.5,"axis":"x","origin":[8,14.3,10.375]},"faces":{"north":{"uv":[10.75,8.25,11.25,8.5],"texture":"#1"},"east":{"uv":[10.75,7.25,11.5,7.5],"texture":"#1"},"south":{"uv":[10.75,8.5,11.25,8.75],"texture":"#1"},"west":{"uv":[10.75,7.5,11.5,7.75],"texture":"#1"},"up":{"uv":[10.75,7.5,10.25,6.75],"texture":"#1"},"down":{"uv":[10.75,7.5,10.25,8.25],"texture":"#1"}}},{"from":[6.9,25.55,8.15],"to":[9.1,26.55,11.35],"rotation":{"angle":22.5,"axis":"x","origin":[8,14.3,10.375]},"faces":{"north":{"uv":[10.75,8.75,11.25,9],"texture":"#1"},"east":{"uv":[10.75,7.75,11.5,8],"texture":"#1"},"south":{"uv":[10.75,9,11.25,9.25],"texture":"#1"},"west":{"uv":[10.75,8,11.5,8.25],"texture":"#1"},"up":{"uv":[10.75,9,10.25,8.25],"texture":"#1"},"down":{"uv":[10.75,9,10.25,9.75],"texture":"#1"}}},{"name":"cube inverted","from":[9.15,5.55,10.4],"to":[6.85,-0.45,8.1],"rotation":{"angle":22.5,"axis":"x","origin":[8,14.3,10.375]},"faces":{"north":{"uv":[8.75,9.75,9.25,11.25],"texture":"#1"},"east":{"uv":[9.75,8.75,10.25,10.25],"texture":"#1"},"south":{"uv":[10,3.25,10.5,4.75],"texture":"#1"},"west":{"uv":[4,10,4.5,11.5],"texture":"#1"},"up":{"uv":[11,4.75,10.5,4.25],"texture":"#1"},"down":{"uv":[7.5,10.5,7,11],"texture":"#1"}}}],"gui_light":"front","display":{"thirdperson_righthand":{"rotation":[29,180,0],"translation":[0,3.5,-1]},"thirdperson_lefthand":{"rotation":[29,180,0],"translation":[0,3.5,-1]},"firstperson_righthand":{"rotation":[0,180,0],"translation":[1.75,5.75,0],"scale":[0.57,0.57,0.57]},"firstperson_lefthand":{"rotation":[0,180,0],"translation":[1.75,5.75,0],"scale":[0.57,0.57,0.57]},"ground":{"translation":[0,2.75,0],"scale":[0.47,0.47,0.47]},"gui":{"rotation":[18.25,158,0],"translation":[-0.5,-2.5,0],"scale":[0.53,0.53,0.53]},"head":{"scale":[0,0,0]},"fixed":{"rotation":[-90,0,0],"translation":[0,0,-14],"scale":[2,2,2]}},"groups":[{"name":"group","origin":[-3.5,-1,8],"color":0,"children":[0,1,2,3,4,5,6,7,8]}],"mcmodels":"5c8ccaa32eb1e393b04a8fe53751577c"}