{"credit":"Created by Workshop Six","texture_size":[64,64],"textures":{"2":"workshop_six:fishing_furniture/fish_hanging_rack_large"},"elements":[{"from":[-10.75,-13,7.5],"to":[28.75,-10,9.5],"rotation":{"angle":0,"axis":"y","origin":[24.5,1,8]},"faces":{"north":{"uv":[6,0,16,0.75],"texture":"#2"},"east":{"uv":[9,12.75,9.5,13.5],"texture":"#2"},"south":{"uv":[6,0.75,16,1.5],"texture":"#2"},"west":{"uv":[9.5,12.75,10,13.5],"texture":"#2"},"up":{"uv":[16,2,6,1.5],"texture":"#2"},"down":{"uv":[16,2,6,2.5],"texture":"#2"}}},{"from":[-11.5,26.5,7.5],"to":[28.5,28.5,9.5],"rotation":{"angle":-45,"axis":"x","origin":[1.25,27.5,8.5]},"faces":{"north":{"uv":[6,2.5,16,3],"texture":"#2"},"east":{"uv":[12.5,13,13,13.5],"texture":"#2"},"south":{"uv":[6,3,16,3.5],"texture":"#2"},"west":{"uv":[0,13.25,0.5,13.75],"texture":"#2"},"up":{"uv":[16,4,6,3.5],"texture":"#2"},"down":{"uv":[16,4,6,4.5],"texture":"#2"}}},{"from":[-7.5,26.25,7.25],"to":[-4.5,28.75,9.75],"rotation":{"angle":-45,"axis":"x","origin":[0.75,27.5,8.5]},"faces":{"north":{"uv":[3,11.5,3.75,12.25],"texture":"#2"},"east":{"uv":[3.75,11.5,4.5,12.25],"texture":"#2"},"south":{"uv":[4.5,11.5,5.25,12.25],"texture":"#2"},"west":{"uv":[5.25,11.5,6,12.25],"texture":"#2"},"up":{"uv":[12.25,9.25,11.5,8.5],"texture":"#2"},"down":{"uv":[11.5,11.5,10.75,12.25],"texture":"#2"}}},{"from":[28,-16,0],"to":[32,-14,17],"rotation":{"angle":0,"axis":"y","origin":[24,-1,8]},"faces":{"north":{"uv":[12.25,8.5,13.25,9],"texture":"#2"},"east":{"uv":[10,6.5,14.25,7],"texture":"#2"},"south":{"uv":[10.5,12.25,11.5,12.75],"texture":"#2"},"west":{"uv":[10,7,14.25,7.5],"texture":"#2"},"up":{"uv":[7,10.75,6,6.5],"texture":"#2"},"down":{"uv":[8,6.5,7,10.75],"texture":"#2"}}},{"from":[-1.5,26.25,7.25],"to":[1.5,28.75,9.75],"rotation":{"angle":-45,"axis":"x","origin":[6.75,27.5,8.5]},"faces":{"north":{"uv":[3,11.5,3.75,12.25],"texture":"#2"},"east":{"uv":[3.75,11.5,4.5,12.25],"texture":"#2"},"south":{"uv":[4.5,11.5,5.25,12.25],"texture":"#2"},"west":{"uv":[5.25,11.5,6,12.25],"texture":"#2"},"up":{"uv":[12.25,9.25,11.5,8.5],"texture":"#2"},"down":{"uv":[11.5,11.5,10.75,12.25],"texture":"#2"}}},{"from":[4.5,26.25,7.25],"to":[7.5,28.75,9.75],"rotation":{"angle":-45,"axis":"x","origin":[12.75,27.5,8.5]},"faces":{"north":{"uv":[3,11.5,3.75,12.25],"texture":"#2"},"east":{"uv":[3.75,11.5,4.5,12.25],"texture":"#2"},"south":{"uv":[4.5,11.5,5.25,12.25],"texture":"#2"},"west":{"uv":[5.25,11.5,6,12.25],"texture":"#2"},"up":{"uv":[12.25,9.25,11.5,8.5],"texture":"#2"},"down":{"uv":[11.5,11.5,10.75,12.25],"texture":"#2"}}},{"from":[10.5,26.25,7.25],"to":[13.5,28.75,9.75],"rotation":{"angle":-45,"axis":"x","origin":[18.75,27.5,8.5]},"faces":{"north":{"uv":[3,11.5,3.75,12.25],"texture":"#2"},"east":{"uv":[3.75,11.5,4.5,12.25],"texture":"#2"},"south":{"uv":[4.5,11.5,5.25,12.25],"texture":"#2"},"west":{"uv":[5.25,11.5,6,12.25],"texture":"#2"},"up":{"uv":[12.25,9.25,11.5,8.5],"texture":"#2"},"down":{"uv":[11.5,11.5,10.75,12.25],"texture":"#2"}}},{"from":[-6.5,23.5,8.75],"to":[-5.5,26.5,8.75],"rotation":{"angle":0,"axis":"y","origin":[-6,17.5,8.75]},"faces":{"north":{"uv":[10.5,13.25,10.75,14],"texture":"#2"},"east":{"uv":[0,0,0,0.75],"texture":"#2"},"south":{"uv":[12.25,13.25,12.5,14],"texture":"#2"},"west":{"uv":[0,0,0,0.75],"texture":"#2"},"up":{"uv":[0.25,0,0,0],"texture":"#2"},"down":{"uv":[0.25,0,0,0],"texture":"#2"}}},{"from":[11.5,21.5,8.75],"to":[12.5,26.5,8.75],"rotation":{"angle":0,"axis":"y","origin":[12,17.5,8.75]},"faces":{"north":{"uv":[9.75,10.75,10,12],"texture":"#2"},"east":{"uv":[0,0,0,1.25],"texture":"#2"},"south":{"uv":[1.75,13,2,14.25],"texture":"#2"},"west":{"uv":[0,0,0,1.25],"texture":"#2"},"up":{"uv":[0.25,0,0,0],"texture":"#2"},"down":{"uv":[0.25,0,0,0],"texture":"#2"}}},{"from":[-0.5,22.5,8.75],"to":[0.5,26.5,8.75],"rotation":{"angle":0,"axis":"y","origin":[0,16.5,8.75]},"faces":{"north":{"uv":[0.5,13.25,0.75,14.25],"texture":"#2"},"east":{"uv":[0,0,0,1],"texture":"#2"},"south":{"uv":[0.75,13.25,1,14.25],"texture":"#2"},"west":{"uv":[0,0,0,1],"texture":"#2"},"up":{"uv":[0.25,0,0,0],"texture":"#2"},"down":{"uv":[0.25,0,0,0],"texture":"#2"}}},{"from":[16.5,26.25,7.25],"to":[19.5,28.75,9.75],"rotation":{"angle":-45,"axis":"x","origin":[24.75,27.5,8.5]},"faces":{"north":{"uv":[3,11.5,3.75,12.25],"texture":"#2"},"east":{"uv":[3.75,11.5,4.5,12.25],"texture":"#2"},"south":{"uv":[4.5,11.5,5.25,12.25],"texture":"#2"},"west":{"uv":[5.25,11.5,6,12.25],"texture":"#2"},"up":{"uv":[12.25,9.25,11.5,8.5],"texture":"#2"},"down":{"uv":[11.5,11.5,10.75,12.25],"texture":"#2"}}},{"from":[22.5,26.25,7.25],"to":[25.5,28.75,9.75],"rotation":{"angle":-45,"axis":"x","origin":[30.75,27.5,8.5]},"faces":{"north":{"uv":[3,11.5,3.75,12.25],"texture":"#2"},"east":{"uv":[3.75,11.5,4.5,12.25],"texture":"#2"},"south":{"uv":[4.5,11.5,5.25,12.25],"texture":"#2"},"west":{"uv":[5.25,11.5,6,12.25],"texture":"#2"},"up":{"uv":[12.25,9.25,11.5,8.5],"texture":"#2"},"down":{"uv":[11.5,11.5,10.75,12.25],"texture":"#2"}}},{"from":[23.5,24.5,8.75],"to":[24.5,27.5,8.75],"rotation":{"angle":0,"axis":"y","origin":[24,17.5,8.75]},"faces":{"north":{"uv":[1.5,13.5,1.75,14.25],"texture":"#2"},"east":{"uv":[0,0,0,0.75],"texture":"#2"},"south":{"uv":[5,13.5,5.25,14.25],"texture":"#2"},"west":{"uv":[0,0,0,0.75],"texture":"#2"},"up":{"uv":[0.25,0,0,0],"texture":"#2"},"down":{"uv":[0.25,0,0,0],"texture":"#2"}}},{"from":[5.5,23.5,8.75],"to":[6.5,26.5,8.75],"rotation":{"angle":0,"axis":"y","origin":[6,17.5,8.75]},"faces":{"north":{"uv":[5.25,13.5,5.5,14.25],"texture":"#2"},"east":{"uv":[0,0,0,0.75],"texture":"#2"},"south":{"uv":[6,13.5,6.25,14.25],"texture":"#2"},"west":{"uv":[0,0,0,0.75],"texture":"#2"},"up":{"uv":[0.25,0,0,0],"texture":"#2"},"down":{"uv":[0.25,0,0,0],"texture":"#2"}}},{"from":[17.5,23.5,8.75],"to":[18.5,26.5,8.75],"rotation":{"angle":0,"axis":"y","origin":[6,17.5,8.75]},"faces":{"north":{"uv":[6.25,13.5,6.5,14.25],"texture":"#2"},"east":{"uv":[0,0,0,0.75],"texture":"#2"},"south":{"uv":[6.5,13.5,6.75,14.25],"texture":"#2"},"west":{"uv":[0,0,0,0.75],"texture":"#2"},"up":{"uv":[0.25,0,0,0],"texture":"#2"},"down":{"uv":[0.25,0,0,0],"texture":"#2"}}},{"from":[28.5,-16,7],"to":[31.5,30,10],"rotation":{"angle":0,"axis":"y","origin":[24.5,-1,8]},"faces":{"north":{"uv":[0,0,0.75,11.5],"texture":"#2"},"east":{"uv":[0.75,0,1.5,11.5],"texture":"#2"},"south":{"uv":[1.5,0,2.25,11.5],"texture":"#2"},"west":{"uv":[2.25,0,3,11.5],"texture":"#2"},"up":{"uv":[12.25,12.25,11.5,11.5],"texture":"#2"},"down":{"uv":[12.5,9.25,11.75,10],"texture":"#2"}}},{"from":[5.5,4.5,8.75],"to":[6.5,7.5,8.75],"rotation":{"angle":0,"axis":"y","origin":[12,-2.5,8.75]},"faces":{"north":{"uv":[6.75,13.5,7,14.25],"texture":"#2"},"east":{"uv":[0,0,0,0.75],"texture":"#2"},"south":{"uv":[7,13.5,7.25,14.25],"texture":"#2"},"west":{"uv":[0,0,0,0.75],"texture":"#2"},"up":{"uv":[0.25,0,0,0],"texture":"#2"},"down":{"uv":[0.25,0,0,0],"texture":"#2"}}},{"from":[23.5,3.5,8.75],"to":[24.5,6.5,8.75],"rotation":{"angle":0,"axis":"y","origin":[12,-2.5,8.75]},"faces":{"north":{"uv":[7.25,13.5,7.5,14.25],"texture":"#2"},"east":{"uv":[0,0,0,0.75],"texture":"#2"},"south":{"uv":[8,13.5,8.25,14.25],"texture":"#2"},"west":{"uv":[0,0,0,0.75],"texture":"#2"},"up":{"uv":[0.25,0,0,0],"texture":"#2"},"down":{"uv":[0.25,0,0,0],"texture":"#2"}}},{"from":[-0.5,4.5,8.75],"to":[0.5,7.5,8.75],"rotation":{"angle":0,"axis":"y","origin":[-6,-2.5,8.75]},"faces":{"north":{"uv":[8.25,13.5,8.5,14.25],"texture":"#2"},"east":{"uv":[0,0,0,0.75],"texture":"#2"},"south":{"uv":[8.5,13.5,8.75,14.25],"texture":"#2"},"west":{"uv":[0,0,0,0.75],"texture":"#2"},"up":{"uv":[0.25,0,0,0],"texture":"#2"},"down":{"uv":[0.25,0,0,0],"texture":"#2"}}},{"from":[-7.5,6.25,7.25],"to":[-4.5,8.75,9.75],"rotation":{"angle":-45,"axis":"x","origin":[-12.75,7.5,8.5]},"faces":{"north":{"uv":[3,11.5,3.75,12.25],"texture":"#2"},"east":{"uv":[3.75,11.5,4.5,12.25],"texture":"#2"},"south":{"uv":[4.5,11.5,5.25,12.25],"texture":"#2"},"west":{"uv":[5.25,11.5,6,12.25],"texture":"#2"},"up":{"uv":[12.25,9.25,11.5,8.5],"texture":"#2"},"down":{"uv":[11.5,11.5,10.75,12.25],"texture":"#2"}}},{"from":[-1.5,6.25,7.25],"to":[1.5,8.75,9.75],"rotation":{"angle":-45,"axis":"x","origin":[-6.75,7.5,8.5]},"faces":{"north":{"uv":[3,11.5,3.75,12.25],"texture":"#2"},"east":{"uv":[3.75,11.5,4.5,12.25],"texture":"#2"},"south":{"uv":[4.5,11.5,5.25,12.25],"texture":"#2"},"west":{"uv":[5.25,11.5,6,12.25],"texture":"#2"},"up":{"uv":[12.25,9.25,11.5,8.5],"texture":"#2"},"down":{"uv":[11.5,11.5,10.75,12.25],"texture":"#2"}}},{"from":[17.5,2.5,8.75],"to":[18.5,6.5,8.75],"rotation":{"angle":0,"axis":"y","origin":[18,-3.5,8.75]},"faces":{"north":{"uv":[10,13.25,10.25,14.25],"texture":"#2"},"east":{"uv":[0,0,0,1],"texture":"#2"},"south":{"uv":[10.25,13.25,10.5,14.25],"texture":"#2"},"west":{"uv":[0,0,0,1],"texture":"#2"},"up":{"uv":[0.25,0,0,0],"texture":"#2"},"down":{"uv":[0.25,0,0,0],"texture":"#2"}}},{"from":[-6.5,2.5,8.75],"to":[-5.5,7.5,8.75],"rotation":{"angle":0,"axis":"y","origin":[6,-2.5,8.75]},"faces":{"north":{"uv":[8.75,13,9,14.25],"texture":"#2"},"east":{"uv":[0,0,0,1.25],"texture":"#2"},"south":{"uv":[13,12,13.25,13.25],"texture":"#2"},"west":{"uv":[0,0,0,1.25],"texture":"#2"},"up":{"uv":[0.25,0,0,0],"texture":"#2"},"down":{"uv":[0.25,0,0,0],"texture":"#2"}}},{"from":[11.5,3.5,8.75],"to":[12.5,6.5,8.75],"rotation":{"angle":0,"axis":"y","origin":[24,-2.5,8.75]},"faces":{"north":{"uv":[9,13.5,9.25,14.25],"texture":"#2"},"east":{"uv":[0,0,0,0.75],"texture":"#2"},"south":{"uv":[9.25,13.5,9.5,14.25],"texture":"#2"},"west":{"uv":[0,0,0,0.75],"texture":"#2"},"up":{"uv":[0.25,0,0,0],"texture":"#2"},"down":{"uv":[0.25,0,0,0],"texture":"#2"}}},{"from":[4.5,6.25,7.25],"to":[7.5,8.75,9.75],"rotation":{"angle":-45,"axis":"x","origin":[-0.75,7.5,8.5]},"faces":{"north":{"uv":[3,11.5,3.75,12.25],"texture":"#2"},"east":{"uv":[3.75,11.5,4.5,12.25],"texture":"#2"},"south":{"uv":[4.5,11.5,5.25,12.25],"texture":"#2"},"west":{"uv":[5.25,11.5,6,12.25],"texture":"#2"},"up":{"uv":[12.25,9.25,11.5,8.5],"texture":"#2"},"down":{"uv":[11.5,11.5,10.75,12.25],"texture":"#2"}}},{"from":[10.5,6.25,7.25],"to":[13.5,8.75,9.75],"rotation":{"angle":-45,"axis":"x","origin":[5.25,7.5,8.5]},"faces":{"north":{"uv":[3,11.5,3.75,12.25],"texture":"#2"},"east":{"uv":[3.75,11.5,4.5,12.25],"texture":"#2"},"south":{"uv":[4.5,11.5,5.25,12.25],"texture":"#2"},"west":{"uv":[5.25,11.5,6,12.25],"texture":"#2"},"up":{"uv":[12.25,9.25,11.5,8.5],"texture":"#2"},"down":{"uv":[11.5,11.5,10.75,12.25],"texture":"#2"}}},{"from":[16.5,6.25,7.25],"to":[19.5,8.75,9.75],"rotation":{"angle":-45,"axis":"x","origin":[11.25,7.5,8.5]},"faces":{"north":{"uv":[3,11.5,3.75,12.25],"texture":"#2"},"east":{"uv":[3.75,11.5,4.5,12.25],"texture":"#2"},"south":{"uv":[4.5,11.5,5.25,12.25],"texture":"#2"},"west":{"uv":[5.25,11.5,6,12.25],"texture":"#2"},"up":{"uv":[12.25,9.25,11.5,8.5],"texture":"#2"},"down":{"uv":[11.5,11.5,10.75,12.25],"texture":"#2"}}},{"from":[22.5,6.25,7.25],"to":[25.5,8.75,9.75],"rotation":{"angle":-45,"axis":"x","origin":[17.25,7.5,8.5]},"faces":{"north":{"uv":[3,11.5,3.75,12.25],"texture":"#2"},"east":{"uv":[3.75,11.5,4.5,12.25],"texture":"#2"},"south":{"uv":[4.5,11.5,5.25,12.25],"texture":"#2"},"west":{"uv":[5.25,11.5,6,12.25],"texture":"#2"},"up":{"uv":[12.25,9.25,11.5,8.5],"texture":"#2"},"down":{"uv":[11.5,11.5,10.75,12.25],"texture":"#2"}}},{"from":[-10.5,6.5,7.5],"to":[29.5,8.5,9.5],"rotation":{"angle":-45,"axis":"x","origin":[16.75,7.5,8.5]},"faces":{"north":{"uv":[6,4.5,16,5],"texture":"#2"},"east":{"uv":[13.25,8.5,13.75,9],"texture":"#2"},"south":{"uv":[6,5,16,5.5],"texture":"#2"},"west":{"uv":[13.25,11,13.75,11.5],"texture":"#2"},"up":{"uv":[16,6,6,5.5],"texture":"#2"},"down":{"uv":[16,6,6,6.5],"texture":"#2"}}},{"from":[-14,-16,0],"to":[-10,-14,17],"rotation":{"angle":0,"axis":"y","origin":[-6,-1,8]},"faces":{"north":{"uv":[11.5,12.25,12.5,12.75],"texture":"#2"},"east":{"uv":[10,7.5,14.25,8],"texture":"#2"},"south":{"uv":[12.25,11.5,13.25,12],"texture":"#2"},"west":{"uv":[10,8,14.25,8.5],"texture":"#2"},"up":{"uv":[9,10.75,8,6.5],"texture":"#2"},"down":{"uv":[10,6.5,9,10.75],"texture":"#2"}}},{"from":[-13.5,-16,7],"to":[-10.5,30,10],"rotation":{"angle":0,"axis":"y","origin":[-6.5,-1,8]},"faces":{"north":{"uv":[3,0,3.75,11.5],"texture":"#2"},"east":{"uv":[3.75,0,4.5,11.5],"texture":"#2"},"south":{"uv":[4.5,0,5.25,11.5],"texture":"#2"},"west":{"uv":[5.25,0,6,11.5],"texture":"#2"},"up":{"uv":[12.5,10.75,11.75,10],"texture":"#2"},"down":{"uv":[12.5,10.75,11.75,11.5],"texture":"#2"}}},{"from":[4.5,14,7.72824],"to":[7.5,21,9.72824],"rotation":{"angle":0,"axis":"y","origin":[9,12.75,7]},"faces":{"north":{"uv":[10,8.5,10.75,10.25],"texture":"#2"},"east":{"uv":[10.75,9.75,11.25,11.5],"texture":"#2"},"south":{"uv":[10,10.25,10.75,12],"texture":"#2"},"west":{"uv":[11.25,9.75,11.75,11.5],"texture":"#2"},"up":{"uv":[13.25,11.5,12.5,11],"texture":"#2"},"down":{"uv":[10.75,12.75,10,13.25],"texture":"#2"}}},{"from":[3.5,15.5,8.72824],"to":[5.5,19.5,8.72824],"rotation":{"angle":0,"axis":"y","origin":[9,12.75,7]},"faces":{"north":{"uv":[6,12.5,6.5,13.5],"texture":"#2"},"east":{"uv":[0,0,0,1],"texture":"#2"},"south":{"uv":[6.5,12.5,7,13.5],"texture":"#2"},"west":{"uv":[0,0,0,1],"texture":"#2"},"up":{"uv":[0.5,0,0,0],"texture":"#2"},"down":{"uv":[0.5,0,0,0],"texture":"#2"}}},{"from":[4.5,20.5,8.72824],"to":[7.5,23.5,8.72824],"rotation":{"angle":0,"axis":"y","origin":[9,12.75,7]},"faces":{"north":{"uv":[9,12,9.75,12.75],"texture":"#2"},"east":{"uv":[0,0,0,0.75],"texture":"#2"},"south":{"uv":[9.75,12,10.5,12.75],"texture":"#2"},"west":{"uv":[0,0,0,0.75],"texture":"#2"},"up":{"uv":[0.75,0,0,0],"texture":"#2"},"down":{"uv":[0.75,0,0,0],"texture":"#2"}}},{"from":[6.5,16,8.72824],"to":[8.5,19,8.72824],"rotation":{"angle":0,"axis":"y","origin":[9,12.75,7]},"faces":{"north":{"uv":[10.75,12.75,11.25,13.5],"texture":"#2"},"east":{"uv":[0,0,0,0.75],"texture":"#2"},"south":{"uv":[11.25,12.75,11.75,13.5],"texture":"#2"},"west":{"uv":[0,0,0,0.75],"texture":"#2"},"up":{"uv":[0.5,0,0,0],"texture":"#2"},"down":{"uv":[0.5,0,0,0],"texture":"#2"}}},{"from":[5.5,13,7.72824],"to":[7.5,14,9.72824],"rotation":{"angle":0,"axis":"y","origin":[9,12.75,7]},"faces":{"north":{"uv":[13.25,13,13.75,13.25],"texture":"#2"},"east":{"uv":[9.5,13.5,10,13.75],"texture":"#2"},"south":{"uv":[13.5,9.5,14,9.75],"texture":"#2"},"west":{"uv":[13.5,9.75,14,10],"texture":"#2"},"up":{"uv":[13.75,12,13.25,11.5],"texture":"#2"},"down":{"uv":[12.25,13.25,11.75,13.75],"texture":"#2"}}},{"from":[10.5,14,7.72824],"to":[13.5,19,9.72824],"rotation":{"angle":0,"axis":"y","origin":[9,9.75,7]},"faces":{"north":{"uv":[10.75,8.5,11.5,9.75],"texture":"#2"},"east":{"uv":[2,11.5,2.5,12.75],"texture":"#2"},"south":{"uv":[9,10.75,9.75,12],"texture":"#2"},"west":{"uv":[2.5,11.5,3,12.75],"texture":"#2"},"up":{"uv":[12.5,13.25,11.75,12.75],"texture":"#2"},"down":{"uv":[1.75,13,1,13.5],"texture":"#2"}}},{"from":[9.5,14.5,8.72824],"to":[11.5,18.5,8.72824],"rotation":{"angle":0,"axis":"y","origin":[9,9.75,7]},"faces":{"north":{"uv":[7,12.5,7.5,13.5],"texture":"#2"},"east":{"uv":[0,0,0,1],"texture":"#2"},"south":{"uv":[12.5,9,13,10],"texture":"#2"},"west":{"uv":[0,0,0,1],"texture":"#2"},"up":{"uv":[0.5,0,0,0],"texture":"#2"},"down":{"uv":[0.5,0,0,0],"texture":"#2"}}},{"from":[10.5,18.5,8.72824],"to":[13.5,21.5,8.72824],"rotation":{"angle":0,"axis":"y","origin":[9,9.75,7]},"faces":{"north":{"uv":[3,12.25,3.75,13],"texture":"#2"},"east":{"uv":[0,0,0,0.75],"texture":"#2"},"south":{"uv":[3.75,12.25,4.5,13],"texture":"#2"},"west":{"uv":[0,0,0,0.75],"texture":"#2"},"up":{"uv":[0.75,0,0,0],"texture":"#2"},"down":{"uv":[0.75,0,0,0],"texture":"#2"}}},{"from":[12.5,15,8.72824],"to":[14.5,18,8.72824],"rotation":{"angle":0,"axis":"y","origin":[9,9.75,7]},"faces":{"north":{"uv":[3,13,3.5,13.75],"texture":"#2"},"east":{"uv":[0,0,0,0.75],"texture":"#2"},"south":{"uv":[3.5,13,4,13.75],"texture":"#2"},"west":{"uv":[0,0,0,0.75],"texture":"#2"},"up":{"uv":[0.5,0,0,0],"texture":"#2"},"down":{"uv":[0.5,0,0,0],"texture":"#2"}}},{"from":[11.5,13,7.72824],"to":[13.5,14,9.72824],"rotation":{"angle":0,"axis":"y","origin":[9,9.75,7]},"faces":{"north":{"uv":[13.5,10,14,10.25],"texture":"#2"},"east":{"uv":[13.5,10.25,14,10.5],"texture":"#2"},"south":{"uv":[13.5,10.5,14,10.75],"texture":"#2"},"west":{"uv":[10.75,13.5,11.25,13.75],"texture":"#2"},"up":{"uv":[13.75,12.5,13.25,12],"texture":"#2"},"down":{"uv":[13.75,12.5,13.25,13],"texture":"#2"}}},{"from":[16.5,14,7.72824],"to":[19.5,21,9.72824],"rotation":{"angle":0,"axis":"y","origin":[9,13.75,7]},"faces":{"north":{"uv":[6,10.75,6.75,12.5],"texture":"#2"},"east":{"uv":[0,11.5,0.5,13.25],"texture":"#2"},"south":{"uv":[6.75,10.75,7.5,12.5],"texture":"#2"},"west":{"uv":[0.5,11.5,1,13.25],"texture":"#2"},"up":{"uv":[4.75,13.5,4,13],"texture":"#2"},"down":{"uv":[5.5,13,4.75,13.5],"texture":"#2"}}},{"from":[15.5,16.5,8.72824],"to":[17.5,20.5,8.72824],"rotation":{"angle":0,"axis":"y","origin":[9,13.75,7]},"faces":{"north":{"uv":[12.5,10,13,11],"texture":"#2"},"east":{"uv":[0,0,0,1],"texture":"#2"},"south":{"uv":[12.5,12,13,13],"texture":"#2"},"west":{"uv":[0,0,0,1],"texture":"#2"},"up":{"uv":[0.5,0,0,0],"texture":"#2"},"down":{"uv":[0.5,0,0,0],"texture":"#2"}}},{"from":[16.5,20.5,8.72824],"to":[19.5,23.5,8.72824],"rotation":{"angle":0,"axis":"y","origin":[9,13.75,7]},"faces":{"north":{"uv":[4.5,12.25,5.25,13],"texture":"#2"},"east":{"uv":[0,0,0,0.75],"texture":"#2"},"south":{"uv":[5.25,12.25,6,13],"texture":"#2"},"west":{"uv":[0,0,0,0.75],"texture":"#2"},"up":{"uv":[0.75,0,0,0],"texture":"#2"},"down":{"uv":[0.75,0,0,0],"texture":"#2"}}},{"from":[18.5,16,8.72824],"to":[20.5,19,8.72824],"rotation":{"angle":0,"axis":"y","origin":[9,13.75,7]},"faces":{"north":{"uv":[5.5,13,6,13.75],"texture":"#2"},"east":{"uv":[0,0,0,0.75],"texture":"#2"},"south":{"uv":[7.5,13,8,13.75],"texture":"#2"},"west":{"uv":[0,0,0,0.75],"texture":"#2"},"up":{"uv":[0.5,0,0,0],"texture":"#2"},"down":{"uv":[0.5,0,0,0],"texture":"#2"}}},{"from":[17.5,13,7.72824],"to":[19.5,14,9.72824],"rotation":{"angle":0,"axis":"y","origin":[9,13.75,7]},"faces":{"north":{"uv":[13.5,10.75,14,11],"texture":"#2"},"east":{"uv":[11.25,13.5,11.75,13.75],"texture":"#2"},"south":{"uv":[12.5,13.5,13,13.75],"texture":"#2"},"west":{"uv":[13.5,13.25,14,13.5],"texture":"#2"},"up":{"uv":[13.5,13.75,13,13.25],"texture":"#2"},"down":{"uv":[1.5,13.5,1,14],"texture":"#2"}}},{"from":[-7.5,15,7.72824],"to":[-4.5,21,9.72824],"rotation":{"angle":0,"axis":"y","origin":[3,11.75,7]},"faces":{"north":{"uv":[7.5,10.75,8.25,12.25],"texture":"#2"},"east":{"uv":[1,11.5,1.5,13],"texture":"#2"},"south":{"uv":[8.25,10.75,9,12.25],"texture":"#2"},"west":{"uv":[1.5,11.5,2,13],"texture":"#2"},"up":{"uv":[8.75,13.5,8,13],"texture":"#2"},"down":{"uv":[13.75,9,13,9.5],"texture":"#2"}}},{"from":[-8.5,16.5,8.72824],"to":[-6.5,20.5,8.72824],"rotation":{"angle":0,"axis":"y","origin":[3,11.75,7]},"faces":{"north":{"uv":[2,12.75,2.5,13.75],"texture":"#2"},"east":{"uv":[0,0,0,1],"texture":"#2"},"south":{"uv":[2.5,12.75,3,13.75],"texture":"#2"},"west":{"uv":[0,0,0,1],"texture":"#2"},"up":{"uv":[0.5,0,0,0],"texture":"#2"},"down":{"uv":[0.5,0,0,0],"texture":"#2"}}},{"from":[-7.5,20.5,8.72824],"to":[-4.5,23.5,8.72824],"rotation":{"angle":0,"axis":"y","origin":[3,11.75,7]},"faces":{"north":{"uv":[7.5,12.25,8.25,13],"texture":"#2"},"east":{"uv":[0,0,0,0.75],"texture":"#2"},"south":{"uv":[8.25,12.25,9,13],"texture":"#2"},"west":{"uv":[0,0,0,0.75],"texture":"#2"},"up":{"uv":[0.75,0,0,0],"texture":"#2"},"down":{"uv":[0.75,0,0,0],"texture":"#2"}}},{"from":[-5.5,16,8.72824],"to":[-3.5,19,8.72824],"rotation":{"angle":0,"axis":"y","origin":[3,11.75,7]},"faces":{"north":{"uv":[13,9.5,13.5,10.25],"texture":"#2"},"east":{"uv":[0,0,0,0.75],"texture":"#2"},"south":{"uv":[13,10.25,13.5,11],"texture":"#2"},"west":{"uv":[0,0,0,0.75],"texture":"#2"},"up":{"uv":[0.5,0,0,0],"texture":"#2"},"down":{"uv":[0.5,0,0,0],"texture":"#2"}}},{"from":[-6.5,14,7.72824],"to":[-4.5,15,9.72824],"rotation":{"angle":0,"axis":"y","origin":[3,11.75,7]},"faces":{"north":{"uv":[13.5,13.5,14,13.75],"texture":"#2"},"east":{"uv":[0,13.75,0.5,14],"texture":"#2"},"south":{"uv":[2,13.75,2.5,14],"texture":"#2"},"west":{"uv":[2.5,13.75,3,14],"texture":"#2"},"up":{"uv":[4.5,14,4,13.5],"texture":"#2"},"down":{"uv":[5,13.5,4.5,14],"texture":"#2"}}},{"from":[4.5,-4,7.72824],"to":[7.5,2,9.72824],"rotation":{"angle":0,"axis":"y","origin":[15,-7.25,7]},"faces":{"north":{"uv":[7.5,10.75,8.25,12.25],"texture":"#2"},"east":{"uv":[1,11.5,1.5,13],"texture":"#2"},"south":{"uv":[8.25,10.75,9,12.25],"texture":"#2"},"west":{"uv":[1.5,11.5,2,13],"texture":"#2"},"up":{"uv":[8.75,13.5,8,13],"texture":"#2"},"down":{"uv":[13.75,9,13,9.5],"texture":"#2"}}},{"from":[3.5,-2.5,8.72824],"to":[5.5,1.5,8.72824],"rotation":{"angle":0,"axis":"y","origin":[15,-7.25,7]},"faces":{"north":{"uv":[2,12.75,2.5,13.75],"texture":"#2"},"east":{"uv":[0,0,0,1],"texture":"#2"},"south":{"uv":[2.5,12.75,3,13.75],"texture":"#2"},"west":{"uv":[0,0,0,1],"texture":"#2"},"up":{"uv":[0.5,0,0,0],"texture":"#2"},"down":{"uv":[0.5,0,0,0],"texture":"#2"}}},{"from":[4.5,1.5,8.72824],"to":[7.5,4.5,8.72824],"rotation":{"angle":0,"axis":"y","origin":[15,-7.25,7]},"faces":{"north":{"uv":[7.5,12.25,8.25,13],"texture":"#2"},"east":{"uv":[0,0,0,0.75],"texture":"#2"},"south":{"uv":[8.25,12.25,9,13],"texture":"#2"},"west":{"uv":[0,0,0,0.75],"texture":"#2"},"up":{"uv":[0.75,0,0,0],"texture":"#2"},"down":{"uv":[0.75,0,0,0],"texture":"#2"}}},{"from":[6.5,-3,8.72824],"to":[8.5,0,8.72824],"rotation":{"angle":0,"axis":"y","origin":[15,-7.25,7]},"faces":{"north":{"uv":[13,9.5,13.5,10.25],"texture":"#2"},"east":{"uv":[0,0,0,0.75],"texture":"#2"},"south":{"uv":[13,10.25,13.5,11],"texture":"#2"},"west":{"uv":[0,0,0,0.75],"texture":"#2"},"up":{"uv":[0.5,0,0,0],"texture":"#2"},"down":{"uv":[0.5,0,0,0],"texture":"#2"}}},{"from":[5.5,-5,7.72824],"to":[7.5,-4,9.72824],"rotation":{"angle":0,"axis":"y","origin":[15,-7.25,7]},"faces":{"north":{"uv":[13.5,13.5,14,13.75],"texture":"#2"},"east":{"uv":[0,13.75,0.5,14],"texture":"#2"},"south":{"uv":[2,13.75,2.5,14],"texture":"#2"},"west":{"uv":[2.5,13.75,3,14],"texture":"#2"},"up":{"uv":[4.5,14,4,13.5],"texture":"#2"},"down":{"uv":[5,13.5,4.5,14],"texture":"#2"}}},{"from":[16.5,-6,7.72824],"to":[19.5,0,9.72824],"rotation":{"angle":0,"axis":"y","origin":[27,-9.25,7]},"faces":{"north":{"uv":[7.5,10.75,8.25,12.25],"texture":"#2"},"east":{"uv":[1,11.5,1.5,13],"texture":"#2"},"south":{"uv":[8.25,10.75,9,12.25],"texture":"#2"},"west":{"uv":[1.5,11.5,2,13],"texture":"#2"},"up":{"uv":[8.75,13.5,8,13],"texture":"#2"},"down":{"uv":[13.75,9,13,9.5],"texture":"#2"}}},{"from":[15.5,-4.5,8.72824],"to":[17.5,-0.5,8.72824],"rotation":{"angle":0,"axis":"y","origin":[27,-9.25,7]},"faces":{"north":{"uv":[2,12.75,2.5,13.75],"texture":"#2"},"east":{"uv":[0,0,0,1],"texture":"#2"},"south":{"uv":[2.5,12.75,3,13.75],"texture":"#2"},"west":{"uv":[0,0,0,1],"texture":"#2"},"up":{"uv":[0.5,0,0,0],"texture":"#2"},"down":{"uv":[0.5,0,0,0],"texture":"#2"}}},{"from":[16.5,-0.5,8.72824],"to":[19.5,2.5,8.72824],"rotation":{"angle":0,"axis":"y","origin":[27,-9.25,7]},"faces":{"north":{"uv":[7.5,12.25,8.25,13],"texture":"#2"},"east":{"uv":[0,0,0,0.75],"texture":"#2"},"south":{"uv":[8.25,12.25,9,13],"texture":"#2"},"west":{"uv":[0,0,0,0.75],"texture":"#2"},"up":{"uv":[0.75,0,0,0],"texture":"#2"},"down":{"uv":[0.75,0,0,0],"texture":"#2"}}},{"from":[18.5,-5,8.72824],"to":[20.5,-2,8.72824],"rotation":{"angle":0,"axis":"y","origin":[27,-9.25,7]},"faces":{"north":{"uv":[13,9.5,13.5,10.25],"texture":"#2"},"east":{"uv":[0,0,0,0.75],"texture":"#2"},"south":{"uv":[13,10.25,13.5,11],"texture":"#2"},"west":{"uv":[0,0,0,0.75],"texture":"#2"},"up":{"uv":[0.5,0,0,0],"texture":"#2"},"down":{"uv":[0.5,0,0,0],"texture":"#2"}}},{"from":[17.5,-7,7.72824],"to":[19.5,-6,9.72824],"rotation":{"angle":0,"axis":"y","origin":[27,-9.25,7]},"faces":{"north":{"uv":[13.5,13.5,14,13.75],"texture":"#2"},"east":{"uv":[0,13.75,0.5,14],"texture":"#2"},"south":{"uv":[2,13.75,2.5,14],"texture":"#2"},"west":{"uv":[2.5,13.75,3,14],"texture":"#2"},"up":{"uv":[4.5,14,4,13.5],"texture":"#2"},"down":{"uv":[5,13.5,4.5,14],"texture":"#2"}}},{"from":[-7.5,-7,7.72824],"to":[-4.5,0,9.72824],"rotation":{"angle":0,"axis":"y","origin":[-15,-7.25,7]},"faces":{"north":{"uv":[6,10.75,6.75,12.5],"texture":"#2"},"east":{"uv":[0,11.5,0.5,13.25],"texture":"#2"},"south":{"uv":[6.75,10.75,7.5,12.5],"texture":"#2"},"west":{"uv":[0.5,11.5,1,13.25],"texture":"#2"},"up":{"uv":[4.75,13.5,4,13],"texture":"#2"},"down":{"uv":[5.5,13,4.75,13.5],"texture":"#2"}}},{"from":[-8.5,-4.5,8.72824],"to":[-6.5,-0.5,8.72824],"rotation":{"angle":0,"axis":"y","origin":[-15,-7.25,7]},"faces":{"north":{"uv":[12.5,10,13,11],"texture":"#2"},"east":{"uv":[0,0,0,1],"texture":"#2"},"south":{"uv":[12.5,12,13,13],"texture":"#2"},"west":{"uv":[0,0,0,1],"texture":"#2"},"up":{"uv":[0.5,0,0,0],"texture":"#2"},"down":{"uv":[0.5,0,0,0],"texture":"#2"}}},{"from":[-7.5,-0.5,8.72824],"to":[-4.5,2.5,8.72824],"rotation":{"angle":0,"axis":"y","origin":[-15,-7.25,7]},"faces":{"north":{"uv":[4.5,12.25,5.25,13],"texture":"#2"},"east":{"uv":[0,0,0,0.75],"texture":"#2"},"south":{"uv":[5.25,12.25,6,13],"texture":"#2"},"west":{"uv":[0,0,0,0.75],"texture":"#2"},"up":{"uv":[0.75,0,0,0],"texture":"#2"},"down":{"uv":[0.75,0,0,0],"texture":"#2"}}},{"from":[-5.5,-5,8.72824],"to":[-3.5,-2,8.72824],"rotation":{"angle":0,"axis":"y","origin":[-15,-7.25,7]},"faces":{"north":{"uv":[5.5,13,6,13.75],"texture":"#2"},"east":{"uv":[0,0,0,0.75],"texture":"#2"},"south":{"uv":[7.5,13,8,13.75],"texture":"#2"},"west":{"uv":[0,0,0,0.75],"texture":"#2"},"up":{"uv":[0.5,0,0,0],"texture":"#2"},"down":{"uv":[0.5,0,0,0],"texture":"#2"}}},{"from":[-6.5,-8,7.72824],"to":[-4.5,-7,9.72824],"rotation":{"angle":0,"axis":"y","origin":[-15,-7.25,7]},"faces":{"north":{"uv":[13.5,10.75,14,11],"texture":"#2"},"east":{"uv":[11.25,13.5,11.75,13.75],"texture":"#2"},"south":{"uv":[12.5,13.5,13,13.75],"texture":"#2"},"west":{"uv":[13.5,13.25,14,13.5],"texture":"#2"},"up":{"uv":[13.5,13.75,13,13.25],"texture":"#2"},"down":{"uv":[1.5,13.5,1,14],"texture":"#2"}}},{"from":[-1.5,-3,7.72824],"to":[1.5,2,9.72824],"rotation":{"angle":0,"axis":"y","origin":[-3,-7.25,7]},"faces":{"north":{"uv":[10.75,8.5,11.5,9.75],"texture":"#2"},"east":{"uv":[2,11.5,2.5,12.75],"texture":"#2"},"south":{"uv":[9,10.75,9.75,12],"texture":"#2"},"west":{"uv":[2.5,11.5,3,12.75],"texture":"#2"},"up":{"uv":[12.5,13.25,11.75,12.75],"texture":"#2"},"down":{"uv":[1.75,13,1,13.5],"texture":"#2"}}},{"from":[-2.5,-2.5,8.72824],"to":[-0.5,1.5,8.72824],"rotation":{"angle":0,"axis":"y","origin":[-3,-7.25,7]},"faces":{"north":{"uv":[7,12.5,7.5,13.5],"texture":"#2"},"east":{"uv":[0,0,0,1],"texture":"#2"},"south":{"uv":[12.5,9,13,10],"texture":"#2"},"west":{"uv":[0,0,0,1],"texture":"#2"},"up":{"uv":[0.5,0,0,0],"texture":"#2"},"down":{"uv":[0.5,0,0,0],"texture":"#2"}}},{"from":[-1.5,1.5,8.72824],"to":[1.5,4.5,8.72824],"rotation":{"angle":0,"axis":"y","origin":[-3,-7.25,7]},"faces":{"north":{"uv":[3,12.25,3.75,13],"texture":"#2"},"east":{"uv":[0,0,0,0.75],"texture":"#2"},"south":{"uv":[3.75,12.25,4.5,13],"texture":"#2"},"west":{"uv":[0,0,0,0.75],"texture":"#2"},"up":{"uv":[0.75,0,0,0],"texture":"#2"},"down":{"uv":[0.75,0,0,0],"texture":"#2"}}},{"from":[0.5,-2,8.72824],"to":[2.5,1,8.72824],"rotation":{"angle":0,"axis":"y","origin":[-3,-7.25,7]},"faces":{"north":{"uv":[3,13,3.5,13.75],"texture":"#2"},"east":{"uv":[0,0,0,0.75],"texture":"#2"},"south":{"uv":[3.5,13,4,13.75],"texture":"#2"},"west":{"uv":[0,0,0,0.75],"texture":"#2"},"up":{"uv":[0.5,0,0,0],"texture":"#2"},"down":{"uv":[0.5,0,0,0],"texture":"#2"}}},{"from":[-0.5,-4,7.72824],"to":[1.5,-3,9.72824],"rotation":{"angle":0,"axis":"y","origin":[-3,-7.25,7]},"faces":{"north":{"uv":[13.5,10,14,10.25],"texture":"#2"},"east":{"uv":[13.5,10.25,14,10.5],"texture":"#2"},"south":{"uv":[13.5,10.5,14,10.75],"texture":"#2"},"west":{"uv":[10.75,13.5,11.25,13.75],"texture":"#2"},"up":{"uv":[13.75,12.5,13.25,12],"texture":"#2"},"down":{"uv":[13.75,12.5,13.25,13],"texture":"#2"}}},{"from":[22.5,17,7.72824],"to":[25.5,22,9.72824],"rotation":{"angle":0,"axis":"y","origin":[21,12.75,7]},"faces":{"north":{"uv":[10.75,8.5,11.5,9.75],"texture":"#2"},"east":{"uv":[2,11.5,2.5,12.75],"texture":"#2"},"south":{"uv":[9,10.75,9.75,12],"texture":"#2"},"west":{"uv":[2.5,11.5,3,12.75],"texture":"#2"},"up":{"uv":[12.5,13.25,11.75,12.75],"texture":"#2"},"down":{"uv":[1.75,13,1,13.5],"texture":"#2"}}},{"from":[21.5,17.5,8.72824],"to":[23.5,21.5,8.72824],"rotation":{"angle":0,"axis":"y","origin":[21,12.75,7]},"faces":{"north":{"uv":[7,12.5,7.5,13.5],"texture":"#2"},"east":{"uv":[0,0,0,1],"texture":"#2"},"south":{"uv":[12.5,9,13,10],"texture":"#2"},"west":{"uv":[0,0,0,1],"texture":"#2"},"up":{"uv":[0.5,0,0,0],"texture":"#2"},"down":{"uv":[0.5,0,0,0],"texture":"#2"}}},{"from":[22.5,21.5,8.72824],"to":[25.5,24.5,8.72824],"rotation":{"angle":0,"axis":"y","origin":[21,12.75,7]},"faces":{"north":{"uv":[3,12.25,3.75,13],"texture":"#2"},"east":{"uv":[0,0,0,0.75],"texture":"#2"},"south":{"uv":[3.75,12.25,4.5,13],"texture":"#2"},"west":{"uv":[0,0,0,0.75],"texture":"#2"},"up":{"uv":[0.75,0,0,0],"texture":"#2"},"down":{"uv":[0.75,0,0,0],"texture":"#2"}}},{"from":[24.5,18,8.72824],"to":[26.5,21,8.72824],"rotation":{"angle":0,"axis":"y","origin":[21,12.75,7]},"faces":{"north":{"uv":[3,13,3.5,13.75],"texture":"#2"},"east":{"uv":[0,0,0,0.75],"texture":"#2"},"south":{"uv":[3.5,13,4,13.75],"texture":"#2"},"west":{"uv":[0,0,0,0.75],"texture":"#2"},"up":{"uv":[0.5,0,0,0],"texture":"#2"},"down":{"uv":[0.5,0,0,0],"texture":"#2"}}},{"from":[23.5,16,7.72824],"to":[25.5,17,9.72824],"rotation":{"angle":0,"axis":"y","origin":[21,12.75,7]},"faces":{"north":{"uv":[13.5,10,14,10.25],"texture":"#2"},"east":{"uv":[13.5,10.25,14,10.5],"texture":"#2"},"south":{"uv":[13.5,10.5,14,10.75],"texture":"#2"},"west":{"uv":[10.75,13.5,11.25,13.75],"texture":"#2"},"up":{"uv":[13.75,12.5,13.25,12],"texture":"#2"},"down":{"uv":[13.75,12.5,13.25,13],"texture":"#2"}}},{"from":[10.5,-6,7.72824],"to":[13.5,1,9.72824],"rotation":{"angle":0,"axis":"y","origin":[15,-7.25,7]},"faces":{"north":{"uv":[10,8.5,10.75,10.25],"texture":"#2"},"east":{"uv":[10.75,9.75,11.25,11.5],"texture":"#2"},"south":{"uv":[10,10.25,10.75,12],"texture":"#2"},"west":{"uv":[11.25,9.75,11.75,11.5],"texture":"#2"},"up":{"uv":[13.25,11.5,12.5,11],"texture":"#2"},"down":{"uv":[10.75,12.75,10,13.25],"texture":"#2"}}},{"from":[9.5,-4.5,8.72824],"to":[11.5,-0.5,8.72824],"rotation":{"angle":0,"axis":"y","origin":[15,-7.25,7]},"faces":{"north":{"uv":[6,12.5,6.5,13.5],"texture":"#2"},"east":{"uv":[0,0,0,1],"texture":"#2"},"south":{"uv":[6.5,12.5,7,13.5],"texture":"#2"},"west":{"uv":[0,0,0,1],"texture":"#2"},"up":{"uv":[0.5,0,0,0],"texture":"#2"},"down":{"uv":[0.5,0,0,0],"texture":"#2"}}},{"from":[10.5,0.5,8.72824],"to":[13.5,3.5,8.72824],"rotation":{"angle":0,"axis":"y","origin":[15,-7.25,7]},"faces":{"north":{"uv":[9,12,9.75,12.75],"texture":"#2"},"east":{"uv":[0,0,0,0.75],"texture":"#2"},"south":{"uv":[9.75,12,10.5,12.75],"texture":"#2"},"west":{"uv":[0,0,0,0.75],"texture":"#2"},"up":{"uv":[0.75,0,0,0],"texture":"#2"},"down":{"uv":[0.75,0,0,0],"texture":"#2"}}},{"from":[12.5,-4,8.72824],"to":[14.5,-1,8.72824],"rotation":{"angle":0,"axis":"y","origin":[15,-7.25,7]},"faces":{"north":{"uv":[10.75,12.75,11.25,13.5],"texture":"#2"},"east":{"uv":[0,0,0,0.75],"texture":"#2"},"south":{"uv":[11.25,12.75,11.75,13.5],"texture":"#2"},"west":{"uv":[0,0,0,0.75],"texture":"#2"},"up":{"uv":[0.5,0,0,0],"texture":"#2"},"down":{"uv":[0.5,0,0,0],"texture":"#2"}}},{"from":[11.5,-7,7.72824],"to":[13.5,-6,9.72824],"rotation":{"angle":0,"axis":"y","origin":[15,-7.25,7]},"faces":{"north":{"uv":[13.25,13,13.75,13.25],"texture":"#2"},"east":{"uv":[9.5,13.5,10,13.75],"texture":"#2"},"south":{"uv":[13.5,9.5,14,9.75],"texture":"#2"},"west":{"uv":[13.5,9.75,14,10],"texture":"#2"},"up":{"uv":[13.75,12,13.25,11.5],"texture":"#2"},"down":{"uv":[12.25,13.25,11.75,13.75],"texture":"#2"}}},{"from":[22.5,-6,7.72824],"to":[25.5,1,9.72824],"rotation":{"angle":0,"axis":"y","origin":[27,-7.25,7]},"faces":{"north":{"uv":[10,8.5,10.75,10.25],"texture":"#2"},"east":{"uv":[10.75,9.75,11.25,11.5],"texture":"#2"},"south":{"uv":[10,10.25,10.75,12],"texture":"#2"},"west":{"uv":[11.25,9.75,11.75,11.5],"texture":"#2"},"up":{"uv":[13.25,11.5,12.5,11],"texture":"#2"},"down":{"uv":[10.75,12.75,10,13.25],"texture":"#2"}}},{"from":[21.5,-4.5,8.72824],"to":[23.5,-0.5,8.72824],"rotation":{"angle":0,"axis":"y","origin":[27,-7.25,7]},"faces":{"north":{"uv":[6,12.5,6.5,13.5],"texture":"#2"},"east":{"uv":[0,0,0,1],"texture":"#2"},"south":{"uv":[6.5,12.5,7,13.5],"texture":"#2"},"west":{"uv":[0,0,0,1],"texture":"#2"},"up":{"uv":[0.5,0,0,0],"texture":"#2"},"down":{"uv":[0.5,0,0,0],"texture":"#2"}}},{"from":[22.5,0.5,8.72824],"to":[25.5,3.5,8.72824],"rotation":{"angle":0,"axis":"y","origin":[27,-7.25,7]},"faces":{"north":{"uv":[9,12,9.75,12.75],"texture":"#2"},"east":{"uv":[0,0,0,0.75],"texture":"#2"},"south":{"uv":[9.75,12,10.5,12.75],"texture":"#2"},"west":{"uv":[0,0,0,0.75],"texture":"#2"},"up":{"uv":[0.75,0,0,0],"texture":"#2"},"down":{"uv":[0.75,0,0,0],"texture":"#2"}}},{"from":[24.5,-4,8.72824],"to":[26.5,-1,8.72824],"rotation":{"angle":0,"axis":"y","origin":[27,-7.25,7]},"faces":{"north":{"uv":[10.75,12.75,11.25,13.5],"texture":"#2"},"east":{"uv":[0,0,0,0.75],"texture":"#2"},"south":{"uv":[11.25,12.75,11.75,13.5],"texture":"#2"},"west":{"uv":[0,0,0,0.75],"texture":"#2"},"up":{"uv":[0.5,0,0,0],"texture":"#2"},"down":{"uv":[0.5,0,0,0],"texture":"#2"}}},{"from":[23.5,-7,7.72824],"to":[25.5,-6,9.72824],"rotation":{"angle":0,"axis":"y","origin":[27,-7.25,7]},"faces":{"north":{"uv":[13.25,13,13.75,13.25],"texture":"#2"},"east":{"uv":[9.5,13.5,10,13.75],"texture":"#2"},"south":{"uv":[13.5,9.5,14,9.75],"texture":"#2"},"west":{"uv":[13.5,9.75,14,10],"texture":"#2"},"up":{"uv":[13.75,12,13.25,11.5],"texture":"#2"},"down":{"uv":[12.25,13.25,11.75,13.75],"texture":"#2"}}},{"from":[-1.5,13,7.72824],"to":[1.5,20,9.72824],"rotation":{"angle":0,"axis":"y","origin":[-9,12.75,7]},"faces":{"north":{"uv":[6,10.75,6.75,12.5],"texture":"#2"},"east":{"uv":[0,11.5,0.5,13.25],"texture":"#2"},"south":{"uv":[6.75,10.75,7.5,12.5],"texture":"#2"},"west":{"uv":[0.5,11.5,1,13.25],"texture":"#2"},"up":{"uv":[4.75,13.5,4,13],"texture":"#2"},"down":{"uv":[5.5,13,4.75,13.5],"texture":"#2"}}},{"from":[-2.5,15.5,8.72824],"to":[-0.5,19.5,8.72824],"rotation":{"angle":0,"axis":"y","origin":[-9,12.75,7]},"faces":{"north":{"uv":[12.5,10,13,11],"texture":"#2"},"east":{"uv":[0,0,0,1],"texture":"#2"},"south":{"uv":[12.5,12,13,13],"texture":"#2"},"west":{"uv":[0,0,0,1],"texture":"#2"},"up":{"uv":[0.5,0,0,0],"texture":"#2"},"down":{"uv":[0.5,0,0,0],"texture":"#2"}}},{"from":[-1.5,19.5,8.72824],"to":[1.5,22.5,8.72824],"rotation":{"angle":0,"axis":"y","origin":[-9,12.75,7]},"faces":{"north":{"uv":[4.5,12.25,5.25,13],"texture":"#2"},"east":{"uv":[0,0,0,0.75],"texture":"#2"},"south":{"uv":[5.25,12.25,6,13],"texture":"#2"},"west":{"uv":[0,0,0,0.75],"texture":"#2"},"up":{"uv":[0.75,0,0,0],"texture":"#2"},"down":{"uv":[0.75,0,0,0],"texture":"#2"}}},{"from":[0.5,15,8.72824],"to":[2.5,18,8.72824],"rotation":{"angle":0,"axis":"y","origin":[-9,12.75,7]},"faces":{"north":{"uv":[5.5,13,6,13.75],"texture":"#2"},"east":{"uv":[0,0,0,0.75],"texture":"#2"},"south":{"uv":[7.5,13,8,13.75],"texture":"#2"},"west":{"uv":[0,0,0,0.75],"texture":"#2"},"up":{"uv":[0.5,0,0,0],"texture":"#2"},"down":{"uv":[0.5,0,0,0],"texture":"#2"}}},{"from":[-0.5,12,7.72824],"to":[1.5,13,9.72824],"rotation":{"angle":0,"axis":"y","origin":[-9,12.75,7]},"faces":{"north":{"uv":[13.5,10.75,14,11],"texture":"#2"},"east":{"uv":[11.25,13.5,11.75,13.75],"texture":"#2"},"south":{"uv":[12.5,13.5,13,13.75],"texture":"#2"},"west":{"uv":[13.5,13.25,14,13.5],"texture":"#2"},"up":{"uv":[13.5,13.75,13,13.25],"texture":"#2"},"down":{"uv":[1.5,13.5,1,14],"texture":"#2"}}},{"name":"cube inverted","from":[25.5,8.75,9.75],"to":[22.5,6.25,7.25],"rotation":{"angle":-45,"axis":"x","origin":[17.25,7.5,8.5]},"faces":{"north":{"uv":[4.5,12.25,5.25,11.5],"texture":"#2"},"east":{"uv":[5.25,12.25,6,11.5],"texture":"#2"},"south":{"uv":[3,12.25,3.75,11.5],"texture":"#2"},"west":{"uv":[3.75,12.25,4.5,11.5],"texture":"#2"},"up":{"uv":[10.75,11.5,11.5,12.25],"texture":"#2"},"down":{"uv":[11.5,9.25,12.25,8.5],"texture":"#2"}}},{"name":"cube inverted","from":[19.5,8.75,9.75],"to":[16.5,6.25,7.25],"rotation":{"angle":-45,"axis":"x","origin":[11.25,7.5,8.5]},"faces":{"north":{"uv":[4.5,12.25,5.25,11.5],"texture":"#2"},"east":{"uv":[5.25,12.25,6,11.5],"texture":"#2"},"south":{"uv":[3,12.25,3.75,11.5],"texture":"#2"},"west":{"uv":[3.75,12.25,4.5,11.5],"texture":"#2"},"up":{"uv":[10.75,11.5,11.5,12.25],"texture":"#2"},"down":{"uv":[11.5,9.25,12.25,8.5],"texture":"#2"}}},{"name":"cube inverted","from":[13.5,8.75,9.75],"to":[10.5,6.25,7.25],"rotation":{"angle":-45,"axis":"x","origin":[5.25,7.5,8.5]},"faces":{"north":{"uv":[4.5,12.25,5.25,11.5],"texture":"#2"},"east":{"uv":[5.25,12.25,6,11.5],"texture":"#2"},"south":{"uv":[3,12.25,3.75,11.5],"texture":"#2"},"west":{"uv":[3.75,12.25,4.5,11.5],"texture":"#2"},"up":{"uv":[10.75,11.5,11.5,12.25],"texture":"#2"},"down":{"uv":[11.5,9.25,12.25,8.5],"texture":"#2"}}},{"name":"cube inverted","from":[7.5,8.75,9.75],"to":[4.5,6.25,7.25],"rotation":{"angle":-45,"axis":"x","origin":[-0.75,7.5,8.5]},"faces":{"north":{"uv":[4.5,12.25,5.25,11.5],"texture":"#2"},"east":{"uv":[5.25,12.25,6,11.5],"texture":"#2"},"south":{"uv":[3,12.25,3.75,11.5],"texture":"#2"},"west":{"uv":[3.75,12.25,4.5,11.5],"texture":"#2"},"up":{"uv":[10.75,11.5,11.5,12.25],"texture":"#2"},"down":{"uv":[11.5,9.25,12.25,8.5],"texture":"#2"}}},{"name":"cube inverted","from":[1.5,8.75,9.75],"to":[-1.5,6.25,7.25],"rotation":{"angle":-45,"axis":"x","origin":[-6.75,7.5,8.5]},"faces":{"north":{"uv":[4.5,12.25,5.25,11.5],"texture":"#2"},"east":{"uv":[5.25,12.25,6,11.5],"texture":"#2"},"south":{"uv":[3,12.25,3.75,11.5],"texture":"#2"},"west":{"uv":[3.75,12.25,4.5,11.5],"texture":"#2"},"up":{"uv":[10.75,11.5,11.5,12.25],"texture":"#2"},"down":{"uv":[11.5,9.25,12.25,8.5],"texture":"#2"}}},{"name":"cube inverted","from":[-4.5,8.75,9.75],"to":[-7.5,6.25,7.25],"rotation":{"angle":-45,"axis":"x","origin":[-12.75,7.5,8.5]},"faces":{"north":{"uv":[4.5,12.25,5.25,11.5],"texture":"#2"},"east":{"uv":[5.25,12.25,6,11.5],"texture":"#2"},"south":{"uv":[3,12.25,3.75,11.5],"texture":"#2"},"west":{"uv":[3.75,12.25,4.5,11.5],"texture":"#2"},"up":{"uv":[10.75,11.5,11.5,12.25],"texture":"#2"},"down":{"uv":[11.5,9.25,12.25,8.5],"texture":"#2"}}},{"name":"cube inverted","from":[-4.5,28.75,9.75],"to":[-7.5,26.25,7.25],"rotation":{"angle":-45,"axis":"x","origin":[0.75,27.5,8.5]},"faces":{"north":{"uv":[4.5,12.25,5.25,11.5],"texture":"#2"},"east":{"uv":[5.25,12.25,6,11.5],"texture":"#2"},"south":{"uv":[3,12.25,3.75,11.5],"texture":"#2"},"west":{"uv":[3.75,12.25,4.5,11.5],"texture":"#2"},"up":{"uv":[10.75,11.5,11.5,12.25],"texture":"#2"},"down":{"uv":[11.5,9.25,12.25,8.5],"texture":"#2"}}},{"name":"cube inverted","from":[1.5,28.75,9.75],"to":[-1.5,26.25,7.25],"rotation":{"angle":-45,"axis":"x","origin":[6.75,27.5,8.5]},"faces":{"north":{"uv":[4.5,12.25,5.25,11.5],"texture":"#2"},"east":{"uv":[5.25,12.25,6,11.5],"texture":"#2"},"south":{"uv":[3,12.25,3.75,11.5],"texture":"#2"},"west":{"uv":[3.75,12.25,4.5,11.5],"texture":"#2"},"up":{"uv":[10.75,11.5,11.5,12.25],"texture":"#2"},"down":{"uv":[11.5,9.25,12.25,8.5],"texture":"#2"}}},{"name":"cube inverted","from":[7.5,28.75,9.75],"to":[4.5,26.25,7.25],"rotation":{"angle":-45,"axis":"x","origin":[12.75,27.5,8.5]},"faces":{"north":{"uv":[4.5,12.25,5.25,11.5],"texture":"#2"},"east":{"uv":[5.25,12.25,6,11.5],"texture":"#2"},"south":{"uv":[3,12.25,3.75,11.5],"texture":"#2"},"west":{"uv":[3.75,12.25,4.5,11.5],"texture":"#2"},"up":{"uv":[10.75,11.5,11.5,12.25],"texture":"#2"},"down":{"uv":[11.5,9.25,12.25,8.5],"texture":"#2"}}},{"name":"cube inverted","from":[13.5,28.75,9.75],"to":[10.5,26.25,7.25],"rotation":{"angle":-45,"axis":"x","origin":[18.75,27.5,8.5]},"faces":{"north":{"uv":[4.5,12.25,5.25,11.5],"texture":"#2"},"east":{"uv":[5.25,12.25,6,11.5],"texture":"#2"},"south":{"uv":[3,12.25,3.75,11.5],"texture":"#2"},"west":{"uv":[3.75,12.25,4.5,11.5],"texture":"#2"},"up":{"uv":[10.75,11.5,11.5,12.25],"texture":"#2"},"down":{"uv":[11.5,9.25,12.25,8.5],"texture":"#2"}}},{"name":"cube inverted","from":[19.5,28.75,9.75],"to":[16.5,26.25,7.25],"rotation":{"angle":-45,"axis":"x","origin":[24.75,27.5,8.5]},"faces":{"north":{"uv":[4.5,12.25,5.25,11.5],"texture":"#2"},"east":{"uv":[5.25,12.25,6,11.5],"texture":"#2"},"south":{"uv":[3,12.25,3.75,11.5],"texture":"#2"},"west":{"uv":[3.75,12.25,4.5,11.5],"texture":"#2"},"up":{"uv":[10.75,11.5,11.5,12.25],"texture":"#2"},"down":{"uv":[11.5,9.25,12.25,8.5],"texture":"#2"}}},{"name":"cube inverted","from":[25.5,28.75,9.75],"to":[22.5,26.25,7.25],"rotation":{"angle":-45,"axis":"x","origin":[30.75,27.5,8.5]},"faces":{"north":{"uv":[4.5,12.25,5.25,11.5],"texture":"#2"},"east":{"uv":[5.25,12.25,6,11.5],"texture":"#2"},"south":{"uv":[3,12.25,3.75,11.5],"texture":"#2"},"west":{"uv":[3.75,12.25,4.5,11.5],"texture":"#2"},"up":{"uv":[10.75,11.5,11.5,12.25],"texture":"#2"},"down":{"uv":[11.5,9.25,12.25,8.5],"texture":"#2"}}}],"gui_light":"front","display":{"thirdperson_righthand":{"rotation":[65,0,0],"translation":[-0.25,0.5,-0.5],"scale":[0.17016,0.17016,0.17016]},"thirdperson_lefthand":{"rotation":[65,0,0],"translation":[-0.25,0.5,-0.5],"scale":[0.17016,0.17016,0.17016]},"firstperson_righthand":{"rotation":[-180,76.75,-180],"translation":[0,4.25,2.75],"scale":[0.18,0.18,0.18]},"firstperson_lefthand":{"rotation":[-180,76.75,-180],"translation":[0,4,2.75],"scale":[0.18,0.18,0.18]},"ground":{"translation":[-0.75,6.5,0],"scale":[0.25,0.25,0.25]},"gui":{"rotation":[18.25,158,0],"translation":[0.25,0.5,0],"scale":[0.3,0.3,0.3]},"head":{"translation":[-1.75,-5,0],"scale":[0,0,0]},"fixed":{"rotation":[-90,0,0],"translation":[0,0,-46],"scale":[2,2,2]}},"groups":[{"name":"group","origin":[-9,12.75,7],"color":0,"children":[0,1,2,3,4,5,6,7,8,9,10,11,12,13,14,15,16,17,18,19,20,21,22,23,24,25,26,27,28,29,30,31,32,33,34,35,36,37,38,39,40,41,42,43,44,45,46,47,48,49,50,51,52,53,54,55,56,57,58,59,60,61,62,63,64,65,66,67,68,69,70,71,72,73,74,75,76,77,78,79,80,81,82,83,84,85,86,87,88,89,90,91,92,93,94,95,96,97,98,99,100,101,102]}],"mcmodels":"5c8ccaa32eb1e393b04a8fe53751577c"}