{"credit":"Created by Workshop Six","texture_size":[64,64],"textures":{"1":"workshop_six:fishing_furniture/fishing_rod_stand","particle":"workshop_six:fishing_furniture/fishing_rod_stand"},"elements":[{"from":[-1,0,7],"to":[1,28,9],"rotation":{"angle":0,"axis":"y","origin":[3.5,-2.875,7.5]},"faces":{"north":{"uv":[2,6.25,2.5,13.25],"texture":"#1"},"east":{"uv":[2.5,6.25,3,13.25],"texture":"#1"},"south":{"uv":[3,6.25,3.5,13.25],"texture":"#1"},"west":{"uv":[3.5,6.25,4,13.25],"texture":"#1"},"up":{"uv":[9.75,10.75,9.25,10.25],"texture":"#1"},"down":{"uv":[10.25,10.25,9.75,10.75],"texture":"#1"}}},{"from":[0,9.75,7.5],"to":[0,27.75,9.5],"rotation":{"angle":0,"axis":"y","origin":[3.5,-2.875,7.5]},"faces":{"north":{"uv":[0,0,0,4.5],"texture":"#1"},"east":{"uv":[8.5,0.75,9,5.25],"texture":"#1"},"south":{"uv":[0,0,0,4.5],"texture":"#1"},"west":{"uv":[8.75,5.25,9.25,9.75],"texture":"#1"},"up":{"uv":[0,0.5,0,0],"texture":"#1"},"down":{"uv":[0,0,0,0.5],"texture":"#1"}}},{"from":[-1.5,7,8.25],"to":[1.5,11,12.25],"rotation":{"angle":0,"axis":"y","origin":[3.5,-2.875,7.5]},"faces":{"north":{"uv":[9,4.25,9.75,5.25],"texture":"#1"},"east":{"uv":[6,3.5,7,4.5],"texture":"#1"},"south":{"uv":[6.5,9,7.25,10],"texture":"#1"},"west":{"uv":[6,4.5,7,5.5],"texture":"#1"},"up":{"uv":[10,6.25,9.25,5.25],"texture":"#1"},"down":{"uv":[10,6.25,9.25,7.25],"texture":"#1"}}},{"from":[-1.15,0.75,6.85],"to":[1.15,6.75,9.15],"rotation":{"angle":0,"axis":"y","origin":[3.5,-2.875,7.5]},"faces":{"north":{"uv":[7.25,9,7.75,10.5],"texture":"#1"},"east":{"uv":[9.25,7.25,9.75,8.75],"texture":"#1"},"south":{"uv":[9.25,8.75,9.75,10.25],"texture":"#1"},"west":{"uv":[9.75,7.25,10.25,8.75],"texture":"#1"},"up":{"uv":[10.75,10.25,10.25,9.75],"texture":"#1"},"down":{"uv":[10.75,10.25,10.25,10.75],"texture":"#1"}}},{"from":[-1.75,8.25,6.5],"to":[1.75,9.25,10.5],"rotation":{"angle":0,"axis":"y","origin":[3.5,-2.875,7.5]},"faces":{"north":{"uv":[10.5,3.25,11.5,3.5],"texture":"#1"},"east":{"uv":[10.5,3.5,11.5,3.75],"texture":"#1"},"south":{"uv":[10.5,3.75,11.5,4],"texture":"#1"},"west":{"uv":[10.5,4,11.5,4.25],"texture":"#1"},"up":{"uv":[10,4.25,9,3.25],"texture":"#1"},"down":{"uv":[5,9,4,10],"texture":"#1"}}},{"from":[-1.1,13.75,6.9],"to":[1.1,14.75,10.1],"rotation":{"angle":0,"axis":"y","origin":[3.5,-2.875,7.5]},"faces":{"north":{"uv":[4.5,10.75,5,11],"texture":"#1"},"east":{"uv":[10.75,6.75,11.5,7],"texture":"#1"},"south":{"uv":[6.5,10.75,7,11],"texture":"#1"},"west":{"uv":[10.75,7,11.5,7.25],"texture":"#1"},"up":{"uv":[5,10.75,4.5,10],"texture":"#1"},"down":{"uv":[7,10,6.5,10.75],"texture":"#1"}}},{"from":[-1.1,19.75,6.9],"to":[1.1,20.75,10.1],"rotation":{"angle":0,"axis":"y","origin":[3.5,-2.875,7.5]},"faces":{"north":{"uv":[10.75,8.25,11.25,8.5],"texture":"#1"},"east":{"uv":[10.75,7.25,11.5,7.5],"texture":"#1"},"south":{"uv":[10.75,8.5,11.25,8.75],"texture":"#1"},"west":{"uv":[10.75,7.5,11.5,7.75],"texture":"#1"},"up":{"uv":[10.75,7.5,10.25,6.75],"texture":"#1"},"down":{"uv":[10.75,7.5,10.25,8.25],"texture":"#1"}}},{"from":[-1.1,26.75,6.9],"to":[1.1,27.75,10.1],"rotation":{"angle":0,"axis":"y","origin":[3.5,-2.875,7.5]},"faces":{"north":{"uv":[10.75,8.75,11.25,9],"texture":"#1"},"east":{"uv":[10.75,7.75,11.5,8],"texture":"#1"},"south":{"uv":[10.75,9,11.25,9.25],"texture":"#1"},"west":{"uv":[10.75,8,11.5,8.25],"texture":"#1"},"up":{"uv":[10.75,9,10.25,8.25],"texture":"#1"},"down":{"uv":[10.75,9,10.25,9.75],"texture":"#1"}}},{"name":"cube inverted","from":[1.15,6.75,9.15],"to":[-1.15,0.75,6.85],"rotation":{"angle":0,"axis":"y","origin":[3.5,-2.875,7.5]},"faces":{"north":{"uv":[8.75,9.75,9.25,11.25],"texture":"#1"},"east":{"uv":[9.75,8.75,10.25,10.25],"texture":"#1"},"south":{"uv":[10,3.25,10.5,4.75],"texture":"#1"},"west":{"uv":[4,10,4.5,11.5],"texture":"#1"},"up":{"uv":[11,4.75,10.5,4.25],"texture":"#1"},"down":{"uv":[7.5,10.5,7,11],"texture":"#1"}}},{"from":[-6.5,0,7],"to":[-4.5,28,9],"rotation":{"angle":0,"axis":"y","origin":[-2,-2.875,7.5]},"faces":{"north":{"uv":[2,6.25,2.5,13.25],"texture":"#1"},"east":{"uv":[2.5,6.25,3,13.25],"texture":"#1"},"south":{"uv":[3,6.25,3.5,13.25],"texture":"#1"},"west":{"uv":[3.5,6.25,4,13.25],"texture":"#1"},"up":{"uv":[9.75,10.75,9.25,10.25],"texture":"#1"},"down":{"uv":[10.25,10.25,9.75,10.75],"texture":"#1"}}},{"from":[-5.5,9.75,7.5],"to":[-5.5,27.75,9.5],"rotation":{"angle":0,"axis":"y","origin":[-2,-2.875,7.5]},"faces":{"north":{"uv":[0,0,0,4.5],"texture":"#1"},"east":{"uv":[8.5,0.75,9,5.25],"texture":"#1"},"south":{"uv":[0,0,0,4.5],"texture":"#1"},"west":{"uv":[8.75,5.25,9.25,9.75],"texture":"#1"},"up":{"uv":[0,0.5,0,0],"texture":"#1"},"down":{"uv":[0,0,0,0.5],"texture":"#1"}}},{"from":[-7,7,8.25],"to":[-4,11,12.25],"rotation":{"angle":0,"axis":"y","origin":[-2,-2.875,7.5]},"faces":{"north":{"uv":[9,4.25,9.75,5.25],"texture":"#1"},"east":{"uv":[6,3.5,7,4.5],"texture":"#1"},"south":{"uv":[6.5,9,7.25,10],"texture":"#1"},"west":{"uv":[6,4.5,7,5.5],"texture":"#1"},"up":{"uv":[10,6.25,9.25,5.25],"texture":"#1"},"down":{"uv":[10,6.25,9.25,7.25],"texture":"#1"}}},{"from":[-6.65,0.75,6.85],"to":[-4.35,6.75,9.15],"rotation":{"angle":0,"axis":"y","origin":[-2,-2.875,7.5]},"faces":{"north":{"uv":[7.25,9,7.75,10.5],"texture":"#1"},"east":{"uv":[9.25,7.25,9.75,8.75],"texture":"#1"},"south":{"uv":[9.25,8.75,9.75,10.25],"texture":"#1"},"west":{"uv":[9.75,7.25,10.25,8.75],"texture":"#1"},"up":{"uv":[10.75,10.25,10.25,9.75],"texture":"#1"},"down":{"uv":[10.75,10.25,10.25,10.75],"texture":"#1"}}},{"from":[-7.25,8.25,6.5],"to":[-3.75,9.25,10.5],"rotation":{"angle":0,"axis":"y","origin":[-2,-2.875,7.5]},"faces":{"north":{"uv":[10.5,3.25,11.5,3.5],"texture":"#1"},"east":{"uv":[10.5,3.5,11.5,3.75],"texture":"#1"},"south":{"uv":[10.5,3.75,11.5,4],"texture":"#1"},"west":{"uv":[10.5,4,11.5,4.25],"texture":"#1"},"up":{"uv":[10,4.25,9,3.25],"texture":"#1"},"down":{"uv":[5,9,4,10],"texture":"#1"}}},{"from":[-6.6,13.75,6.9],"to":[-4.4,14.75,10.1],"rotation":{"angle":0,"axis":"y","origin":[-2,-2.875,7.5]},"faces":{"north":{"uv":[4.5,10.75,5,11],"texture":"#1"},"east":{"uv":[10.75,6.75,11.5,7],"texture":"#1"},"south":{"uv":[6.5,10.75,7,11],"texture":"#1"},"west":{"uv":[10.75,7,11.5,7.25],"texture":"#1"},"up":{"uv":[5,10.75,4.5,10],"texture":"#1"},"down":{"uv":[7,10,6.5,10.75],"texture":"#1"}}},{"from":[-6.6,19.75,6.9],"to":[-4.4,20.75,10.1],"rotation":{"angle":0,"axis":"y","origin":[-2,-2.875,7.5]},"faces":{"north":{"uv":[10.75,8.25,11.25,8.5],"texture":"#1"},"east":{"uv":[10.75,7.25,11.5,7.5],"texture":"#1"},"south":{"uv":[10.75,8.5,11.25,8.75],"texture":"#1"},"west":{"uv":[10.75,7.5,11.5,7.75],"texture":"#1"},"up":{"uv":[10.75,7.5,10.25,6.75],"texture":"#1"},"down":{"uv":[10.75,7.5,10.25,8.25],"texture":"#1"}}},{"from":[-6.6,26.75,6.9],"to":[-4.4,27.75,10.1],"rotation":{"angle":0,"axis":"y","origin":[-2,-2.875,7.5]},"faces":{"north":{"uv":[10.75,8.75,11.25,9],"texture":"#1"},"east":{"uv":[10.75,7.75,11.5,8],"texture":"#1"},"south":{"uv":[10.75,9,11.25,9.25],"texture":"#1"},"west":{"uv":[10.75,8,11.5,8.25],"texture":"#1"},"up":{"uv":[10.75,9,10.25,8.25],"texture":"#1"},"down":{"uv":[10.75,9,10.25,9.75],"texture":"#1"}}},{"name":"cube inverted","from":[-4.35,6.75,9.15],"to":[-6.65,0.75,6.85],"rotation":{"angle":0,"axis":"y","origin":[-2,-2.875,7.5]},"faces":{"north":{"uv":[8.75,9.75,9.25,11.25],"texture":"#1"},"east":{"uv":[9.75,8.75,10.25,10.25],"texture":"#1"},"south":{"uv":[10,3.25,10.5,4.75],"texture":"#1"},"west":{"uv":[4,10,4.5,11.5],"texture":"#1"},"up":{"uv":[11,4.75,10.5,4.25],"texture":"#1"},"down":{"uv":[7.5,10.5,7,11],"texture":"#1"}}},{"from":[4.5,0,7],"to":[6.5,28,9],"rotation":{"angle":0,"axis":"y","origin":[9,-2.875,7.5]},"faces":{"north":{"uv":[2,6.25,2.5,13.25],"texture":"#1"},"east":{"uv":[2.5,6.25,3,13.25],"texture":"#1"},"south":{"uv":[3,6.25,3.5,13.25],"texture":"#1"},"west":{"uv":[3.5,6.25,4,13.25],"texture":"#1"},"up":{"uv":[9.75,10.75,9.25,10.25],"texture":"#1"},"down":{"uv":[10.25,10.25,9.75,10.75],"texture":"#1"}}},{"from":[5.5,9.75,7.5],"to":[5.5,27.75,9.5],"rotation":{"angle":0,"axis":"y","origin":[9,-2.875,7.5]},"faces":{"north":{"uv":[0,0,0,4.5],"texture":"#1"},"east":{"uv":[8.5,0.75,9,5.25],"texture":"#1"},"south":{"uv":[0,0,0,4.5],"texture":"#1"},"west":{"uv":[8.75,5.25,9.25,9.75],"texture":"#1"},"up":{"uv":[0,0.5,0,0],"texture":"#1"},"down":{"uv":[0,0,0,0.5],"texture":"#1"}}},{"from":[4,7,8.25],"to":[7,11,12.25],"rotation":{"angle":0,"axis":"y","origin":[9,-2.875,7.5]},"faces":{"north":{"uv":[9,4.25,9.75,5.25],"texture":"#1"},"east":{"uv":[6,3.5,7,4.5],"texture":"#1"},"south":{"uv":[6.5,9,7.25,10],"texture":"#1"},"west":{"uv":[6,4.5,7,5.5],"texture":"#1"},"up":{"uv":[10,6.25,9.25,5.25],"texture":"#1"},"down":{"uv":[10,6.25,9.25,7.25],"texture":"#1"}}},{"from":[4.35,0.75,6.85],"to":[6.65,6.75,9.15],"rotation":{"angle":0,"axis":"y","origin":[9,-2.875,7.5]},"faces":{"north":{"uv":[7.25,9,7.75,10.5],"texture":"#1"},"east":{"uv":[9.25,7.25,9.75,8.75],"texture":"#1"},"south":{"uv":[9.25,8.75,9.75,10.25],"texture":"#1"},"west":{"uv":[9.75,7.25,10.25,8.75],"texture":"#1"},"up":{"uv":[10.75,10.25,10.25,9.75],"texture":"#1"},"down":{"uv":[10.75,10.25,10.25,10.75],"texture":"#1"}}},{"from":[3.75,8.25,6.5],"to":[7.25,9.25,10.5],"rotation":{"angle":0,"axis":"y","origin":[9,-2.875,7.5]},"faces":{"north":{"uv":[10.5,3.25,11.5,3.5],"texture":"#1"},"east":{"uv":[10.5,3.5,11.5,3.75],"texture":"#1"},"south":{"uv":[10.5,3.75,11.5,4],"texture":"#1"},"west":{"uv":[10.5,4,11.5,4.25],"texture":"#1"},"up":{"uv":[10,4.25,9,3.25],"texture":"#1"},"down":{"uv":[5,9,4,10],"texture":"#1"}}},{"from":[4.4,13.75,6.9],"to":[6.6,14.75,10.1],"rotation":{"angle":0,"axis":"y","origin":[9,-2.875,7.5]},"faces":{"north":{"uv":[4.5,10.75,5,11],"texture":"#1"},"east":{"uv":[10.75,6.75,11.5,7],"texture":"#1"},"south":{"uv":[6.5,10.75,7,11],"texture":"#1"},"west":{"uv":[10.75,7,11.5,7.25],"texture":"#1"},"up":{"uv":[5,10.75,4.5,10],"texture":"#1"},"down":{"uv":[7,10,6.5,10.75],"texture":"#1"}}},{"from":[4.4,19.75,6.9],"to":[6.6,20.75,10.1],"rotation":{"angle":0,"axis":"y","origin":[9,-2.875,7.5]},"faces":{"north":{"uv":[10.75,8.25,11.25,8.5],"texture":"#1"},"east":{"uv":[10.75,7.25,11.5,7.5],"texture":"#1"},"south":{"uv":[10.75,8.5,11.25,8.75],"texture":"#1"},"west":{"uv":[10.75,7.5,11.5,7.75],"texture":"#1"},"up":{"uv":[10.75,7.5,10.25,6.75],"texture":"#1"},"down":{"uv":[10.75,7.5,10.25,8.25],"texture":"#1"}}},{"from":[4.4,26.75,6.9],"to":[6.6,27.75,10.1],"rotation":{"angle":0,"axis":"y","origin":[9,-2.875,7.5]},"faces":{"north":{"uv":[10.75,8.75,11.25,9],"texture":"#1"},"east":{"uv":[10.75,7.75,11.5,8],"texture":"#1"},"south":{"uv":[10.75,9,11.25,9.25],"texture":"#1"},"west":{"uv":[10.75,8,11.5,8.25],"texture":"#1"},"up":{"uv":[10.75,9,10.25,8.25],"texture":"#1"},"down":{"uv":[10.75,9,10.25,9.75],"texture":"#1"}}},{"name":"cube inverted","from":[6.65,6.75,9.15],"to":[4.35,0.75,6.85],"rotation":{"angle":0,"axis":"y","origin":[9,-2.875,7.5]},"faces":{"north":{"uv":[8.75,9.75,9.25,11.25],"texture":"#1"},"east":{"uv":[9.75,8.75,10.25,10.25],"texture":"#1"},"south":{"uv":[10,3.25,10.5,4.75],"texture":"#1"},"west":{"uv":[4,10,4.5,11.5],"texture":"#1"},"up":{"uv":[11,4.75,10.5,4.25],"texture":"#1"},"down":{"uv":[7.5,10.5,7,11],"texture":"#1"}}},{"from":[-12.5,0,4.25],"to":[-10.5,22,12.25],"rotation":{"angle":0,"axis":"y","origin":[-7.5,-1,7.5]},"faces":{"north":{"uv":[7.5,0.75,8,6.25],"texture":"#1"},"east":{"uv":[0,0,2,5.5],"texture":"#1"},"south":{"uv":[7.75,6.25,8.25,11.75],"texture":"#1"},"west":{"uv":[2,0,4,5.5],"texture":"#1"},"up":{"uv":[7.5,5.5,7,3.5],"texture":"#1"},"down":{"uv":[5.5,9,5,11],"texture":"#1"}}},{"from":[-14,0,2.75],"to":[-9,2,13.75],"rotation":{"angle":0,"axis":"y","origin":[-7,-1,8]},"faces":{"north":{"uv":[9.75,4.75,11,5.25],"texture":"#1"},"east":{"uv":[9,0.75,11.75,1.25],"texture":"#1"},"south":{"uv":[10,5.25,11.25,5.75],"texture":"#1"},"west":{"uv":[9,1.25,11.75,1.75],"texture":"#1"},"up":{"uv":[7.25,3.5,6,0.75],"texture":"#1"},"down":{"uv":[5.25,6.25,4,9],"texture":"#1"}}},{"from":[10.5,0,4.25],"to":[12.5,22,12.25],"rotation":{"angle":0,"axis":"y","origin":[7.5,-1,7.5]},"faces":{"north":{"uv":[8,0.75,8.5,6.25],"texture":"#1"},"east":{"uv":[4,0,6,5.5],"texture":"#1"},"south":{"uv":[8.25,6.25,8.75,11.75],"texture":"#1"},"west":{"uv":[0,5.5,2,11],"texture":"#1"},"up":{"uv":[6,11,5.5,9],"texture":"#1"},"down":{"uv":[6.5,9,6,11],"texture":"#1"}}},{"from":[9,0,2.75],"to":[14,2,13.75],"rotation":{"angle":0,"axis":"y","origin":[7,-1,8]},"faces":{"north":{"uv":[10,5.75,11.25,6.25],"texture":"#1"},"east":{"uv":[9,1.75,11.75,2.25],"texture":"#1"},"south":{"uv":[10,6.25,11.25,6.75],"texture":"#1"},"west":{"uv":[9,2.25,11.75,2.75],"texture":"#1"},"up":{"uv":[6.5,9,5.25,6.25],"texture":"#1"},"down":{"uv":[7.75,6.25,6.5,9],"texture":"#1"}}},{"from":[-10.5,2,5.25],"to":[11.5,5,6.25],"rotation":{"angle":0,"axis":"y","origin":[4.25,-4.875,7.5]},"faces":{"north":{"uv":[2,5.5,7.5,6.25],"texture":"#1"},"east":{"uv":[7.25,0.75,7.5,1.5],"texture":"#1"},"south":{"uv":[6,0,11.5,0.75],"texture":"#1"},"west":{"uv":[7.25,1.5,7.5,2.25],"texture":"#1"},"up":{"uv":[14.5,3,9,2.75],"texture":"#1"},"down":{"uv":[14.5,3,9,3.25],"texture":"#1"}}},{"from":[-10.5,4,10.25],"to":[11.5,7,11.25],"rotation":{"angle":0,"axis":"y","origin":[4.25,-2.875,12.5]},"faces":{"north":{"uv":[2,5.5,7.5,6.25],"texture":"#1"},"east":{"uv":[7.25,0.75,7.5,1.5],"texture":"#1"},"south":{"uv":[6,0,11.5,0.75],"texture":"#1"},"west":{"uv":[7.25,1.5,7.5,2.25],"texture":"#1"},"up":{"uv":[14.5,3,9,2.75],"texture":"#1"},"down":{"uv":[14.5,3,9,3.25],"texture":"#1"}}},{"from":[-10.5,18,10.25],"to":[11.5,21,11.25],"rotation":{"angle":0,"axis":"y","origin":[4.25,11.125,12.5]},"faces":{"north":{"uv":[2,5.5,7.5,6.25],"texture":"#1"},"east":{"uv":[7.25,0.75,7.5,1.5],"texture":"#1"},"south":{"uv":[6,0,11.5,0.75],"texture":"#1"},"west":{"uv":[7.25,1.5,7.5,2.25],"texture":"#1"},"up":{"uv":[14.5,3,9,2.75],"texture":"#1"},"down":{"uv":[14.5,3,9,3.25],"texture":"#1"}}}],"gui_light":"front","display":{"thirdperson_righthand":{"rotation":[45,0,0],"translation":[2,0.5,-0.75],"scale":[0.26,0.26,0.26]},"thirdperson_lefthand":{"rotation":[45,0,0],"translation":[-2,0.5,0.25],"scale":[0.26,0.26,0.26]},"firstperson_righthand":{"rotation":[-180,76.75,-180],"translation":[0,3.5,0],"scale":[0.26,0.26,0.26]},"firstperson_lefthand":{"rotation":[-180,76.75,-180],"translation":[0,4,4.5],"scale":[0.26,0.26,0.26]},"ground":{"translation":[2.25,3.75,0],"scale":[0.25,0.25,0.25]},"gui":{"rotation":[18.25,158,0],"translation":[-3.5,-1.75,0],"scale":[0.47,0.47,0.47]},"head":{"scale":[0,0,0]},"fixed":{"rotation":[-90,0,0],"translation":[0,0,-16],"scale":[2,2,2]}},"groups":[{"name":"group","origin":[0.5,-1,0.25],"color":0,"children":[{"name":"group","origin":[-3.5,-1,8],"color":0,"children":[0,1,2,3,4,5,6,7,8]},{"name":"group","origin":[-3.5,-1,8],"color":0,"children":[9,10,11,12,13,14,15,16,17]},{"name":"group","origin":[-3.5,-1,8],"color":0,"children":[18,19,20,21,22,23,24,25,26]},27,28,29,30,31,32,33]}],"mcmodels":"5c8ccaa32eb1e393b04a8fe53751577c"}