{"credit":"Created by Workshop Six","texture_size":[128,128],"textures":{"2":"workshop_six:fishing_furniture/fish_drying_rack_tall"},"elements":[{"from":[10.5,-16,11.62886],"to":[12.5,4,14.62886],"rotation":{"angle":0,"axis":"y","origin":[17,-1,13.62886]},"faces":{"north":{"uv":[2.25,4.5,2.5,7],"texture":"#2"},"east":{"uv":[3.375,0.75,3.75,3.25],"texture":"#2"},"south":{"uv":[4.5,3.25,4.75,5.75],"texture":"#2"},"west":{"uv":[3.375,3.25,3.75,5.75],"texture":"#2"},"up":{"uv":[3.875,7.875,3.625,7.5],"texture":"#2"},"down":{"uv":[4.125,7.5,3.875,7.875],"texture":"#2"}}},{"from":[10.5,-16,1.62886],"to":[12.5,-6,4.62886],"rotation":{"angle":0,"axis":"y","origin":[17,-1,13.62886]},"faces":{"north":{"uv":[1.875,6.25,2.125,7.5],"texture":"#2"},"east":{"uv":[5.625,5.625,6,6.875],"texture":"#2"},"south":{"uv":[6.25,5.375,6.5,6.625],"texture":"#2"},"west":{"uv":[2.5,5.75,2.875,7],"texture":"#2"},"up":{"uv":[4.625,7.875,4.375,7.5],"texture":"#2"},"down":{"uv":[4.875,7.5,4.625,7.875],"texture":"#2"}}},{"from":[10.5,4,11.62886],"to":[12.5,8,14.62886],"rotation":{"angle":0,"axis":"y","origin":[17,-1,13.62886]},"faces":{"north":{"uv":[6.125,7.25,6.375,7.75],"texture":"#2"},"east":{"uv":[0,7,0.375,7.5],"texture":"#2"},"south":{"uv":[6.375,7.25,6.625,7.75],"texture":"#2"},"west":{"uv":[0.375,7,0.75,7.5],"texture":"#2"},"up":{"uv":[2.625,8,2.375,7.625],"texture":"#2"},"down":{"uv":[7.875,2.375,7.625,2.75],"texture":"#2"}}},{"from":[10.5,-6,1.62886],"to":[12.5,8,4.62886],"rotation":{"angle":0,"axis":"y","origin":[17,-1,13.62886]},"faces":{"north":{"uv":[3.625,5.75,3.875,7.5],"texture":"#2"},"east":{"uv":[0.75,4.5,1.125,6.25],"texture":"#2"},"south":{"uv":[3.875,5.75,4.125,7.5],"texture":"#2"},"west":{"uv":[1.125,4.5,1.5,6.25],"texture":"#2"},"up":{"uv":[1.75,8,1.5,7.625],"texture":"#2"},"down":{"uv":[7.875,2,7.625,2.375],"texture":"#2"}}},{"from":[10,-16,-0.37114],"to":[13,-14,16.62886],"rotation":{"angle":0,"axis":"y","origin":[4.18209,-11.70135,2.79241]},"faces":{"north":{"uv":[7.125,7.5,7.5,7.75],"texture":"#2"},"east":{"uv":[5.25,3.25,7.375,3.5],"texture":"#2"},"south":{"uv":[7.5,7.5,7.875,7.75],"texture":"#2"},"west":{"uv":[5.25,3.5,7.375,3.75],"texture":"#2"},"up":{"uv":[4.5,2.875,4.125,0.75],"texture":"#2"},"down":{"uv":[4.5,2.875,4.125,5],"texture":"#2"}}},{"from":[-10.75,-11,12.12886],"to":[11.25,-8,14.12886],"rotation":{"angle":0,"axis":"y","origin":[-8,1,13.62886]},"faces":{"north":{"uv":[3.375,0,6.125,0.375],"texture":"#2"},"east":{"uv":[2.875,7.5,3.125,7.875],"texture":"#2"},"south":{"uv":[3.375,0.375,6.125,0.75],"texture":"#2"},"west":{"uv":[3.125,7.5,3.375,7.875],"texture":"#2"},"up":{"uv":[7.25,2,4.5,1.75],"texture":"#2"},"down":{"uv":[7.25,2,4.5,2.25],"texture":"#2"}}},{"from":[-10.5,-0.75,-1.57114],"to":[10.5,0.25,0.42886],"rotation":{"angle":-45,"axis":"x","origin":[0,-2.94454,9.34853]},"faces":{"north":{"uv":[6.125,0,8.75,0.125],"texture":"#2"},"east":{"uv":[6.75,6.5,7,6.625],"texture":"#2"},"south":{"uv":[6.125,0.125,8.75,0.25],"texture":"#2"},"west":{"uv":[5.625,6.875,5.875,7],"texture":"#2"},"up":{"uv":[7.125,2.5,4.5,2.25],"texture":"#2"},"down":{"uv":[7.125,2.5,4.5,2.75],"texture":"#2"}}},{"from":[-10.5,5.58866,13.57107],"to":[10.5,6.58866,15.57107],"rotation":{"angle":-45,"axis":"x","origin":[0,6.08866,14.57107]},"faces":{"north":{"uv":[6.125,0.25,8.75,0.375],"texture":"#2"},"east":{"uv":[5,7.125,5.25,7.25],"texture":"#2"},"south":{"uv":[6.125,0.375,8.75,0.5],"texture":"#2"},"west":{"uv":[7.125,5.25,7.375,5.375],"texture":"#2"},"up":{"uv":[7.125,3,4.5,2.75],"texture":"#2"},"down":{"uv":[7.125,3,4.5,3.25],"texture":"#2"}}},{"from":[-10.5,-0.5,0.42886],"to":[10.5,-0.5,18.42886],"rotation":{"angle":-45,"axis":"x","origin":[0,-2.94454,9.34853]},"faces":{"north":{"uv":[0,0,2.625,0],"texture":"#2"},"east":{"uv":[0,0,2.25,0],"texture":"#2"},"south":{"uv":[0,0,2.625,0],"texture":"#2"},"west":{"uv":[0,0,2.25,0],"texture":"#2"},"up":{"uv":[2.625,2.25,0,0],"texture":"#2"},"down":{"uv":[2.625,2.25,0,4.5],"texture":"#2"}}},{"from":[10,0.70406,-8.52064],"to":[13,2.70406,14.47936],"rotation":{"angle":-45,"axis":"x","origin":[-0.25,5.70406,8.47936]},"faces":{"north":{"uv":[7.5,5.25,7.875,5.5],"texture":"#2"},"east":{"uv":[4.5,0.75,7.375,1],"texture":"#2"},"south":{"uv":[7.5,5.5,7.875,5.75],"texture":"#2"},"west":{"uv":[4.5,1,7.375,1.25],"texture":"#2"},"up":{"uv":[3,2.875,2.625,0],"texture":"#2"},"down":{"uv":[3,2.875,2.625,5.75],"texture":"#2"}}},{"from":[11,-10.38173,4.57556],"to":[12,-8.38173,12.57556],"rotation":{"angle":0,"axis":"y","origin":[0,-2.94454,9.34853]},"faces":{"north":{"uv":[2.5,5.5,2.625,5.75],"texture":"#2"},"east":{"uv":[6.125,0.5,7.125,0.75],"texture":"#2"},"south":{"uv":[2.125,6.25,2.25,6.5],"texture":"#2"},"west":{"uv":[6.75,5.75,7.75,6],"texture":"#2"},"up":{"uv":[2.625,5.5,2.5,4.5],"texture":"#2"},"down":{"uv":[4.5,6.375,4.375,7.375],"texture":"#2"}}},{"from":[-12,-10.38173,4.57556],"to":[-11,-8.38173,12.57556],"rotation":{"angle":0,"axis":"y","origin":[0,-2.94454,9.34853]},"faces":{"north":{"uv":[2.125,6.5,2.25,6.75],"texture":"#2"},"east":{"uv":[6.75,6,7.75,6.25],"texture":"#2"},"south":{"uv":[1.75,6.625,1.875,6.875],"texture":"#2"},"west":{"uv":[6.75,6.25,7.75,6.5],"texture":"#2"},"up":{"uv":[3.5,8,3.375,7],"texture":"#2"},"down":{"uv":[3.625,7,3.5,8],"texture":"#2"}}},{"from":[-13.25,-16,-0.37114],"to":[-10.25,-14,16.62886],"rotation":{"angle":0,"axis":"y","origin":[-4.43209,-11.70135,2.79241]},"faces":{"north":{"uv":[7.625,1.75,8,2],"texture":"#2"},"east":{"uv":[5.25,3.75,7.375,4],"texture":"#2"},"south":{"uv":[2,7.625,2.375,7.875],"texture":"#2"},"west":{"uv":[5.25,4,7.375,4.25],"texture":"#2"},"up":{"uv":[0.375,6.625,0,4.5],"texture":"#2"},"down":{"uv":[0.75,4.5,0.375,6.625],"texture":"#2"}}},{"from":[-13.25,0.70406,-8.52064],"to":[-10.25,2.70406,14.47936],"rotation":{"angle":-45,"axis":"x","origin":[-0.5,5.70406,8.47936]},"faces":{"north":{"uv":[0.75,7.625,1.125,7.875],"texture":"#2"},"east":{"uv":[4.5,1.25,7.375,1.5],"texture":"#2"},"south":{"uv":[1.125,7.625,1.5,7.875],"texture":"#2"},"west":{"uv":[4.5,1.5,7.375,1.75],"texture":"#2"},"up":{"uv":[3.375,2.875,3,0],"texture":"#2"},"down":{"uv":[3.375,2.875,3,5.75],"texture":"#2"}}},{"from":[-10.75,13,12.12886],"to":[11.25,16,14.12886],"rotation":{"angle":0,"axis":"y","origin":[-8,25,13.62886]},"faces":{"north":{"uv":[3.375,0,6.125,0.375],"texture":"#2"},"east":{"uv":[2.875,7.5,3.125,7.875],"texture":"#2"},"south":{"uv":[3.375,0.375,6.125,0.75],"texture":"#2"},"west":{"uv":[3.125,7.5,3.375,7.875],"texture":"#2"},"up":{"uv":[7.25,2,4.5,1.75],"texture":"#2"},"down":{"uv":[7.25,2,4.5,2.25],"texture":"#2"}}},{"from":[10.5,8,11.62886],"to":[12.5,28,14.62886],"rotation":{"angle":0,"axis":"y","origin":[17,23,13.62886]},"faces":{"north":{"uv":[2.25,4.5,2.5,7],"texture":"#2"},"east":{"uv":[3.375,0.75,3.75,3.25],"texture":"#2"},"south":{"uv":[4.5,3.25,4.75,5.75],"texture":"#2"},"west":{"uv":[3.375,3.25,3.75,5.75],"texture":"#2"},"up":{"uv":[3.875,7.875,3.625,7.5],"texture":"#2"},"down":{"uv":[4.125,7.5,3.875,7.875],"texture":"#2"}}},{"from":[11,13.61827,4.57556],"to":[12,15.61827,12.57556],"rotation":{"angle":0,"axis":"y","origin":[0,21.05546,9.34853]},"faces":{"north":{"uv":[2.5,5.5,2.625,5.75],"texture":"#2"},"east":{"uv":[6.125,0.5,7.125,0.75],"texture":"#2"},"south":{"uv":[2.125,6.25,2.25,6.5],"texture":"#2"},"west":{"uv":[6.75,5.75,7.75,6],"texture":"#2"},"up":{"uv":[2.625,5.5,2.5,4.5],"texture":"#2"},"down":{"uv":[4.5,6.375,4.375,7.375],"texture":"#2"}}},{"from":[10.5,8,1.62886],"to":[12.5,18,4.62886],"rotation":{"angle":0,"axis":"y","origin":[17,23,13.62886]},"faces":{"north":{"uv":[1.875,6.25,2.125,7.5],"texture":"#2"},"east":{"uv":[5.625,5.625,6,6.875],"texture":"#2"},"south":{"uv":[6.25,5.375,6.5,6.625],"texture":"#2"},"west":{"uv":[2.5,5.75,2.875,7],"texture":"#2"},"up":{"uv":[4.625,7.875,4.375,7.5],"texture":"#2"},"down":{"uv":[4.875,7.5,4.625,7.875],"texture":"#2"}}},{"from":[-10.5,23.25,-1.57114],"to":[10.5,24.25,0.42886],"rotation":{"angle":-45,"axis":"x","origin":[0,21.05546,9.34853]},"faces":{"north":{"uv":[6.125,0,8.75,0.125],"texture":"#2"},"east":{"uv":[6.75,6.5,7,6.625],"texture":"#2"},"south":{"uv":[6.125,0.125,8.75,0.25],"texture":"#2"},"west":{"uv":[5.625,6.875,5.875,7],"texture":"#2"},"up":{"uv":[7.125,2.5,4.5,2.25],"texture":"#2"},"down":{"uv":[7.125,2.5,4.5,2.75],"texture":"#2"}}},{"from":[-10.5,23.5,0.42886],"to":[10.5,23.5,18.42886],"rotation":{"angle":-45,"axis":"x","origin":[0,21.05546,9.34853]},"faces":{"north":{"uv":[0,0,2.625,0],"texture":"#2"},"east":{"uv":[0,0,2.25,0],"texture":"#2"},"south":{"uv":[0,0,2.625,0],"texture":"#2"},"west":{"uv":[0,0,2.25,0],"texture":"#2"},"up":{"uv":[2.625,2.25,0,0],"texture":"#2"},"down":{"uv":[2.625,2.25,0,4.5],"texture":"#2"}}},{"from":[10,24.70406,-8.52064],"to":[13,26.70406,14.47936],"rotation":{"angle":-45,"axis":"x","origin":[-0.25,29.70406,8.47936]},"faces":{"north":{"uv":[7.5,5.25,7.875,5.5],"texture":"#2"},"east":{"uv":[4.5,0.75,7.375,1],"texture":"#2"},"south":{"uv":[7.5,5.5,7.875,5.75],"texture":"#2"},"west":{"uv":[4.5,1,7.375,1.25],"texture":"#2"},"up":{"uv":[3,2.875,2.625,0],"texture":"#2"},"down":{"uv":[3,2.875,2.625,5.75],"texture":"#2"}}},{"from":[-10.5,29.58866,13.57107],"to":[10.5,30.58866,15.57107],"rotation":{"angle":-45,"axis":"x","origin":[0,30.08866,14.57107]},"faces":{"north":{"uv":[6.125,0.25,8.75,0.375],"texture":"#2"},"east":{"uv":[5,7.125,5.25,7.25],"texture":"#2"},"south":{"uv":[6.125,0.375,8.75,0.5],"texture":"#2"},"west":{"uv":[7.125,5.25,7.375,5.375],"texture":"#2"},"up":{"uv":[7.125,3,4.5,2.75],"texture":"#2"},"down":{"uv":[7.125,3,4.5,3.25],"texture":"#2"}}},{"from":[-13.25,24.70406,-8.52064],"to":[-10.25,26.70406,14.47936],"rotation":{"angle":-45,"axis":"x","origin":[-0.5,29.70406,8.47936]},"faces":{"north":{"uv":[0.75,7.625,1.125,7.875],"texture":"#2"},"east":{"uv":[4.5,1.25,7.375,1.5],"texture":"#2"},"south":{"uv":[1.125,7.625,1.5,7.875],"texture":"#2"},"west":{"uv":[4.5,1.5,7.375,1.75],"texture":"#2"},"up":{"uv":[3.375,2.875,3,0],"texture":"#2"},"down":{"uv":[3.375,2.875,3,5.75],"texture":"#2"}}},{"from":[-12,13.61827,4.57556],"to":[-11,15.61827,12.57556],"rotation":{"angle":0,"axis":"y","origin":[0,21.05546,9.34853]},"faces":{"north":{"uv":[2.125,6.5,2.25,6.75],"texture":"#2"},"east":{"uv":[6.75,6,7.75,6.25],"texture":"#2"},"south":{"uv":[1.75,6.625,1.875,6.875],"texture":"#2"},"west":{"uv":[6.75,6.25,7.75,6.5],"texture":"#2"},"up":{"uv":[3.5,8,3.375,7],"texture":"#2"},"down":{"uv":[3.625,7,3.5,8],"texture":"#2"}}},{"from":[10.5,18,3.62886],"to":[12.5,19,4.62886],"rotation":{"angle":0,"axis":"y","origin":[17,23,13.62886]},"faces":{"north":{"uv":[7.875,5.125,8.125,5.25],"texture":"#2"},"east":{"uv":[4.375,7.375,4.5,7.5],"texture":"#2"},"south":{"uv":[7.875,5.25,8.125,5.375],"texture":"#2"},"west":{"uv":[7.375,5.25,7.5,5.375],"texture":"#2"},"up":{"uv":[8.125,5.5,7.875,5.375],"texture":"#2"},"down":{"uv":[8.125,5.5,7.875,5.625],"texture":"#2"}}},{"from":[10.5,28,13.62886],"to":[12.5,29,14.62886],"rotation":{"angle":0,"axis":"y","origin":[17,23,13.62886]},"faces":{"north":{"uv":[7.25,2.125,7.5,2.25],"texture":"#2"},"east":{"uv":[1.75,6.875,1.875,7],"texture":"#2"},"south":{"uv":[7.875,4.75,8.125,4.875],"texture":"#2"},"west":{"uv":[5.875,6.875,6,7],"texture":"#2"},"up":{"uv":[8.125,5,7.875,4.875],"texture":"#2"},"down":{"uv":[8.125,5,7.875,5.125],"texture":"#2"}}},{"from":[-12.75,18,3.62886],"to":[-10.75,19,4.62886],"rotation":{"angle":0,"axis":"y","origin":[-17.25,23,13.62886]},"faces":{"north":{"uv":[7.875,6.875,8.125,7],"texture":"#2"},"east":{"uv":[4.875,7.5,5,7.625],"texture":"#2"},"south":{"uv":[7.875,7.5,8.125,7.625],"texture":"#2"},"west":{"uv":[6.125,8,6.25,8.125],"texture":"#2"},"up":{"uv":[8.125,7.75,7.875,7.625],"texture":"#2"},"down":{"uv":[0.75,8,0.5,8.125],"texture":"#2"}}},{"from":[-12.75,28,13.62886],"to":[-10.75,29,14.62886],"rotation":{"angle":0,"axis":"y","origin":[-17.25,23,13.62886]},"faces":{"north":{"uv":[7.875,5.625,8.125,5.75],"texture":"#2"},"east":{"uv":[2,7.5,2.125,7.625],"texture":"#2"},"south":{"uv":[7.875,6.5,8.125,6.625],"texture":"#2"},"west":{"uv":[7.5,2.125,7.625,2.25],"texture":"#2"},"up":{"uv":[8.125,6.75,7.875,6.625],"texture":"#2"},"down":{"uv":[8.125,6.75,7.875,6.875],"texture":"#2"}}},{"from":[-12.75,8,11.62886],"to":[-10.75,28,14.62886],"rotation":{"angle":0,"axis":"y","origin":[-17.25,23,13.62886]},"faces":{"north":{"uv":[4.75,3.25,5,5.75],"texture":"#2"},"east":{"uv":[3.75,0.75,4.125,3.25],"texture":"#2"},"south":{"uv":[5,3.25,5.25,5.75],"texture":"#2"},"west":{"uv":[3.75,3.25,4.125,5.75],"texture":"#2"},"up":{"uv":[7.875,4,7.625,3.625],"texture":"#2"},"down":{"uv":[4.375,7.625,4.125,8],"texture":"#2"}}},{"from":[-12.75,8,1.62886],"to":[-10.75,18,4.62886],"rotation":{"angle":0,"axis":"y","origin":[-17.25,23,13.62886]},"faces":{"north":{"uv":[4.125,6.375,4.375,7.625],"texture":"#2"},"east":{"uv":[2.875,5.75,3.25,7],"texture":"#2"},"south":{"uv":[6.5,5.375,6.75,6.625],"texture":"#2"},"west":{"uv":[3.25,5.75,3.625,7],"texture":"#2"},"up":{"uv":[2.875,8,2.625,7.625],"texture":"#2"},"down":{"uv":[7.875,3.25,7.625,3.625],"texture":"#2"}}},{"from":[-12.75,-6,1.62886],"to":[-10.75,8,4.62886],"rotation":{"angle":0,"axis":"y","origin":[-17.25,-1,13.62886]},"faces":{"north":{"uv":[4.5,5.75,4.75,7.5],"texture":"#2"},"east":{"uv":[1.5,4.5,1.875,6.25],"texture":"#2"},"south":{"uv":[4.75,5.75,5,7.5],"texture":"#2"},"west":{"uv":[1.875,4.5,2.25,6.25],"texture":"#2"},"up":{"uv":[7.875,5.25,7.625,4.875],"texture":"#2"},"down":{"uv":[5.375,7.625,5.125,8],"texture":"#2"}}},{"from":[-12.75,4,11.62886],"to":[-10.75,8,14.62886],"rotation":{"angle":0,"axis":"y","origin":[-17.25,-1,13.62886]},"faces":{"north":{"uv":[6.625,7.25,6.875,7.75],"texture":"#2"},"east":{"uv":[3,7,3.375,7.5],"texture":"#2"},"south":{"uv":[6.875,7.25,7.125,7.75],"texture":"#2"},"west":{"uv":[7,6.5,7.375,7],"texture":"#2"},"up":{"uv":[7.875,4.875,7.625,4.5],"texture":"#2"},"down":{"uv":[5.125,7.625,4.875,8],"texture":"#2"}}},{"from":[-12.75,-16,11.62886],"to":[-10.75,4,14.62886],"rotation":{"angle":0,"axis":"y","origin":[-17.25,-1,13.62886]},"faces":{"north":{"uv":[4.75,3.25,5,5.75],"texture":"#2"},"east":{"uv":[3.75,0.75,4.125,3.25],"texture":"#2"},"south":{"uv":[5,3.25,5.25,5.75],"texture":"#2"},"west":{"uv":[3.75,3.25,4.125,5.75],"texture":"#2"},"up":{"uv":[7.875,4,7.625,3.625],"texture":"#2"},"down":{"uv":[4.375,7.625,4.125,8],"texture":"#2"}}},{"from":[-12.75,-16,1.62886],"to":[-10.75,-6,4.62886],"rotation":{"angle":0,"axis":"y","origin":[-17.25,-1,13.62886]},"faces":{"north":{"uv":[4.125,6.375,4.375,7.625],"texture":"#2"},"east":{"uv":[2.875,5.75,3.25,7],"texture":"#2"},"south":{"uv":[6.5,5.375,6.75,6.625],"texture":"#2"},"west":{"uv":[3.25,5.75,3.625,7],"texture":"#2"},"up":{"uv":[2.875,8,2.625,7.625],"texture":"#2"},"down":{"uv":[7.875,3.25,7.625,3.625],"texture":"#2"}}}],"gui_light":"front","display":{"thirdperson_righthand":{"rotation":[49,0,0],"translation":[1.75,1,-0.5],"scale":[0.25,0.25,0.25]},"thirdperson_lefthand":{"rotation":[49,0,0],"translation":[-1,1,-0.5],"scale":[0.25,0.25,0.25]},"firstperson_righthand":{"rotation":[-180,76.75,-180],"translation":[-1.25,5.75,3],"scale":[0.14,0.14,0.14]},"firstperson_lefthand":{"rotation":[-180,76.75,-180],"translation":[-1.25,5.75,5.25],"scale":[0.14,0.14,0.14]},"ground":{"translation":[2,8,0],"scale":[0.25,0.25,0.25]},"gui":{"rotation":[18.25,158,0],"translation":[-2.5,0.25,0],"scale":[0.3,0.3,0.3]},"head":{"scale":[0,0,0]},"fixed":{"rotation":[-90,0,0],"translation":[0,0,-48],"scale":[2,2,2]}},"groups":[{"name":"group","origin":[9,-1,-5.87886],"color":0,"children":[0,1,2,3,4,5,{"name":"group","origin":[15,15.5,2.62114],"color":0,"children":[]},6,7,8,9,10,11,12,13,14,15,16,17,18,19,20,21,22,23,24,25,26,27,28,29,30,31,32,33]}],"mcmodels":"5c8ccaa32eb1e393b04a8fe53751577c"}