{"credit":"Created by Workshop Six","texture_size":[128,128],"textures":{"19":"workshop_six:fishing_furniture/fish_station"},"elements":[{"from":[-9,-16,6.47824],"to":[-6,30,9.47824],"rotation":{"angle":0,"axis":"y","origin":[8,7.75,6]},"faces":{"north":{"uv":[5.746,6.004,5.379,11.746],"texture":"#19"},"east":{"uv":[5.371,6.004,5.004,11.746],"texture":"#19"},"south":{"uv":[4.996,6.004,4.629,11.746],"texture":"#19"},"west":{"uv":[6.121,6.004,5.754,11.746],"texture":"#19"},"up":{"uv":[0.371,12.504,0.004,12.871],"texture":"#19"},"down":{"uv":[0.746,12.871,0.379,12.504],"texture":"#19"}}},{"from":[-9.5,-16,-0.52176],"to":[-5.5,-14,16.47824],"rotation":{"angle":0,"axis":"y","origin":[8,7.75,6]},"faces":{"north":{"uv":[13.371,12.629,12.879,12.871],"texture":"#19"},"east":{"uv":[13.121,0.754,11.004,0.996],"texture":"#19"},"south":{"uv":[13.121,12.879,12.629,13.121],"texture":"#19"},"west":{"uv":[13.121,1.004,11.004,1.246],"texture":"#19"},"up":{"uv":[3.746,9.129,3.254,11.246],"texture":"#19"},"down":{"uv":[4.246,11.246,3.754,9.129],"texture":"#19"}}},{"from":[-10.5,0,-5.52176],"to":[26.5,2,21.47824],"rotation":{"angle":0,"axis":"y","origin":[8,7.75,6]},"faces":{"north":{"uv":[13.246,8.129,8.629,8.371],"texture":"#19"},"east":{"uv":[10.996,9.504,7.629,9.746],"texture":"#19"},"south":{"uv":[13.246,7.879,8.629,8.121],"texture":"#19"},"west":{"uv":[13.121,0.504,9.754,0.746],"texture":"#19"},"up":{"uv":[4.621,0.004,0.004,3.371],"texture":"#19"},"down":{"uv":[4.621,6.746,0.004,3.379],"texture":"#19"}}},{"from":[-6.25,-9,6.97824],"to":[22.25,-6,8.97824],"rotation":{"angle":0,"axis":"y","origin":[8,7.75,6]},"faces":{"north":{"uv":[12.246,7.504,8.629,7.871],"texture":"#19"},"east":{"uv":[10.496,13.004,10.254,13.371],"texture":"#19"},"south":{"uv":[10.496,8.379,6.879,8.746],"texture":"#19"},"west":{"uv":[13.371,2.254,13.129,2.621],"texture":"#19"},"up":{"uv":[12.871,5.754,9.254,5.996],"texture":"#19"},"down":{"uv":[10.496,9.496,6.879,9.254],"texture":"#19"}}},{"from":[-11.25,23.73551,-10.18785],"to":[26.75,26.73551,-7.18785],"rotation":{"angle":45,"axis":"x","origin":[8,7.75,6]},"faces":{"north":{"uv":[11.621,6.379,6.879,6.746],"texture":"#19"},"east":{"uv":[5.371,12.504,5.004,12.871],"texture":"#19"},"south":{"uv":[11.621,6.004,6.879,6.371],"texture":"#19"},"west":{"uv":[12.871,7.004,12.504,7.371],"texture":"#19"},"up":{"uv":[6.879,6.379,11.621,6.746],"texture":"#19"},"down":{"uv":[11.621,7.496,6.879,7.129],"texture":"#19"}}},{"from":[-7,19.28576,-4.73811],"to":[23,21.28576,-2.73811],"rotation":{"angle":45,"axis":"x","origin":[8,7.75,6]},"faces":{"north":{"uv":[12.996,5.004,9.254,5.246],"texture":"#19"},"east":{"uv":[5.621,13.254,5.379,13.496],"texture":"#19"},"south":{"uv":[12.996,4.754,9.254,4.996],"texture":"#19"},"west":{"uv":[13.496,7.004,13.254,7.246],"texture":"#19"},"up":{"uv":[12.996,5.254,9.254,5.496],"texture":"#19"},"down":{"uv":[12.996,5.746,9.254,5.504],"texture":"#19"}}},{"from":[-10.5,26.92223,3.82389],"to":[26,28.92223,15.82389],"rotation":{"angle":-22.5,"axis":"x","origin":[8,7.75,6]},"faces":{"north":{"uv":[11.496,9.004,6.879,9.246],"texture":"#19"},"east":{"uv":[13.121,6.004,11.629,6.246],"texture":"#19"},"south":{"uv":[11.496,8.754,6.879,8.996],"texture":"#19"},"west":{"uv":[13.121,6.254,11.629,6.496],"texture":"#19"},"up":{"uv":[9.246,0.004,4.629,1.496],"texture":"#19"},"down":{"uv":[9.246,2.996,4.629,1.504],"texture":"#19"}}},{"from":[-10.5,28.43631,-0.16858],"to":[26,30.43631,11.83142],"rotation":{"angle":22.5,"axis":"x","origin":[8,7.75,6]},"faces":{"north":{"uv":[6.879,8.754,11.496,8.996],"texture":"#19"},"east":{"uv":[11.629,6.004,13.121,6.246],"texture":"#19"},"south":{"uv":[6.879,9.004,11.496,9.246],"texture":"#19"},"west":{"uv":[11.629,6.254,13.121,6.496],"texture":"#19"},"up":{"uv":[9.246,1.496,4.629,0.004],"texture":"#19"},"down":{"uv":[9.246,1.504,4.629,2.996],"texture":"#19"}}},{"from":[-8.5,-2,-3.52176],"to":[-6.5,0,19.47824],"rotation":{"angle":0,"axis":"y","origin":[8,7.75,6]},"faces":{"north":{"uv":[13.621,2.254,13.379,2.496],"texture":"#19"},"east":{"uv":[12.621,4.504,9.754,4.746],"texture":"#19"},"south":{"uv":[2.496,13.379,2.254,13.621],"texture":"#19"},"west":{"uv":[13.121,9.754,10.254,9.996],"texture":"#19"},"up":{"uv":[2.746,10.004,2.504,12.871],"texture":"#19"},"down":{"uv":[2.996,12.871,2.754,10.004],"texture":"#19"}}},{"from":[-8.5,25,-2.52176],"to":[-6.5,27,18.47824],"rotation":{"angle":0,"axis":"y","origin":[8,7.75,6]},"faces":{"north":{"uv":[5.121,13.379,4.879,13.621],"texture":"#19"},"east":{"uv":[13.121,8.379,10.504,8.621],"texture":"#19"},"south":{"uv":[2.746,13.379,2.504,13.621],"texture":"#19"},"west":{"uv":[13.121,9.254,10.504,9.496],"texture":"#19"},"up":{"uv":[1.246,10.254,1.004,12.871],"texture":"#19"},"down":{"uv":[1.496,12.871,1.254,10.254],"texture":"#19"}}},{"from":[-8,14.51279,-11.71818],"to":[-7,16.51279,1.28182],"rotation":{"angle":45,"axis":"x","origin":[8,7.75,6]},"faces":{"north":{"uv":[6.746,13.504,6.629,13.746],"texture":"#19"},"east":{"uv":[9.246,11.379,7.629,11.621],"texture":"#19"},"south":{"uv":[6.621,13.504,6.504,13.746],"texture":"#19"},"west":{"uv":[13.121,2.004,11.504,2.246],"texture":"#19"},"up":{"uv":[12.246,11.504,12.129,13.121],"texture":"#19"},"down":{"uv":[3.371,13.871,3.254,12.254],"texture":"#19"}}},{"from":[-8,11.71513,13.43005],"to":[-7,13.71513,26.43005],"rotation":{"angle":-45,"axis":"x","origin":[8,7.75,6]},"faces":{"north":{"uv":[6.996,13.504,6.879,13.746],"texture":"#19"},"east":{"uv":[13.121,2.254,11.504,2.496],"texture":"#19"},"south":{"uv":[6.871,13.504,6.754,13.746],"texture":"#19"},"west":{"uv":[13.121,2.504,11.504,2.746],"texture":"#19"},"up":{"uv":[3.496,12.254,3.379,13.871],"texture":"#19"},"down":{"uv":[3.621,13.871,3.504,12.254],"texture":"#19"}}},{"from":[-8,-3.87199,6.66659],"to":[-7,-1.87199,19.66659],"rotation":{"angle":45,"axis":"x","origin":[8,7.75,6]},"faces":{"north":{"uv":[7.746,13.504,7.629,13.746],"texture":"#19"},"east":{"uv":[13.121,8.879,11.504,9.121],"texture":"#19"},"south":{"uv":[7.621,13.504,7.504,13.746],"texture":"#19"},"west":{"uv":[13.246,1.254,11.629,1.496],"texture":"#19"},"up":{"uv":[5.871,12.254,5.754,13.871],"texture":"#19"},"down":{"uv":[5.996,13.871,5.879,12.254],"texture":"#19"}}},{"from":[-8,-6.66964,-4.95473],"to":[-7,-4.66964,8.04527],"rotation":{"angle":-45,"axis":"x","origin":[8,7.75,6]},"faces":{"north":{"uv":[13.621,7.879,13.504,8.121],"texture":"#19"},"east":{"uv":[13.246,1.504,11.629,1.746],"texture":"#19"},"south":{"uv":[7.871,13.504,7.754,13.746],"texture":"#19"},"west":{"uv":[13.246,1.754,11.629,1.996],"texture":"#19"},"up":{"uv":[6.121,12.254,6.004,13.871],"texture":"#19"},"down":{"uv":[6.246,13.871,6.129,12.254],"texture":"#19"}}},{"from":[21.5,-16,-0.52176],"to":[25.5,-14,16.47824],"rotation":{"angle":0,"axis":"y","origin":[8,7.75,6]},"faces":{"north":{"uv":[12.879,12.629,13.371,12.871],"texture":"#19"},"east":{"uv":[11.004,1.004,13.121,1.246],"texture":"#19"},"south":{"uv":[12.629,12.879,13.121,13.121],"texture":"#19"},"west":{"uv":[11.004,0.754,13.121,0.996],"texture":"#19"},"up":{"uv":[3.254,9.129,3.746,11.246],"texture":"#19"},"down":{"uv":[3.754,11.246,4.246,9.129],"texture":"#19"}}},{"from":[22,-16,6.47824],"to":[25,30,9.47824],"rotation":{"angle":0,"axis":"y","origin":[8,7.75,6]},"faces":{"north":{"uv":[5.379,6.004,5.746,11.746],"texture":"#19"},"east":{"uv":[5.754,6.004,6.121,11.746],"texture":"#19"},"south":{"uv":[4.629,6.004,4.996,11.746],"texture":"#19"},"west":{"uv":[5.004,6.004,5.371,11.746],"texture":"#19"},"up":{"uv":[0.004,12.504,0.371,12.871],"texture":"#19"},"down":{"uv":[0.379,12.871,0.746,12.504],"texture":"#19"}}},{"from":[23,-6.66964,-4.95473],"to":[24,-4.66964,8.04527],"rotation":{"angle":-45,"axis":"x","origin":[8,7.75,6]},"faces":{"north":{"uv":[13.504,7.879,13.621,8.121],"texture":"#19"},"east":{"uv":[11.629,1.754,13.246,1.996],"texture":"#19"},"south":{"uv":[7.754,13.504,7.871,13.746],"texture":"#19"},"west":{"uv":[11.629,1.504,13.246,1.746],"texture":"#19"},"up":{"uv":[6.004,12.254,6.121,13.871],"texture":"#19"},"down":{"uv":[6.129,13.871,6.246,12.254],"texture":"#19"}}},{"from":[23,-3.87199,6.66659],"to":[24,-1.87199,19.66659],"rotation":{"angle":45,"axis":"x","origin":[8,7.75,6]},"faces":{"north":{"uv":[7.629,13.504,7.746,13.746],"texture":"#19"},"east":{"uv":[11.629,1.254,13.246,1.496],"texture":"#19"},"south":{"uv":[7.504,13.504,7.621,13.746],"texture":"#19"},"west":{"uv":[11.504,8.879,13.121,9.121],"texture":"#19"},"up":{"uv":[5.754,12.254,5.871,13.871],"texture":"#19"},"down":{"uv":[5.879,13.871,5.996,12.254],"texture":"#19"}}},{"from":[22.5,-2,-3.52176],"to":[24.5,0,19.47824],"rotation":{"angle":0,"axis":"y","origin":[8,7.75,6]},"faces":{"north":{"uv":[13.379,2.254,13.621,2.496],"texture":"#19"},"east":{"uv":[10.254,9.754,13.121,9.996],"texture":"#19"},"south":{"uv":[2.254,13.379,2.496,13.621],"texture":"#19"},"west":{"uv":[9.754,4.504,12.621,4.746],"texture":"#19"},"up":{"uv":[2.504,10.004,2.746,12.871],"texture":"#19"},"down":{"uv":[2.754,12.871,2.996,10.004],"texture":"#19"}}},{"from":[23,14.51279,-11.71818],"to":[24,16.51279,1.28182],"rotation":{"angle":45,"axis":"x","origin":[8,7.75,6]},"faces":{"north":{"uv":[6.629,13.504,6.746,13.746],"texture":"#19"},"east":{"uv":[11.504,2.004,13.121,2.246],"texture":"#19"},"south":{"uv":[6.504,13.504,6.621,13.746],"texture":"#19"},"west":{"uv":[7.629,11.379,9.246,11.621],"texture":"#19"},"up":{"uv":[12.129,11.504,12.246,13.121],"texture":"#19"},"down":{"uv":[3.254,13.871,3.371,12.254],"texture":"#19"}}},{"from":[23,11.71513,13.43005],"to":[24,13.71513,26.43005],"rotation":{"angle":-45,"axis":"x","origin":[8,7.75,6]},"faces":{"north":{"uv":[6.879,13.504,6.996,13.746],"texture":"#19"},"east":{"uv":[11.504,2.504,13.121,2.746],"texture":"#19"},"south":{"uv":[6.754,13.504,6.871,13.746],"texture":"#19"},"west":{"uv":[11.504,2.254,13.121,2.496],"texture":"#19"},"up":{"uv":[3.379,12.254,3.496,13.871],"texture":"#19"},"down":{"uv":[3.504,13.871,3.621,12.254],"texture":"#19"}}},{"from":[22.5,25,-2.52176],"to":[24.5,27,18.47824],"rotation":{"angle":0,"axis":"y","origin":[8,7.75,6]},"faces":{"north":{"uv":[4.879,13.379,5.121,13.621],"texture":"#19"},"east":{"uv":[10.504,9.254,13.121,9.496],"texture":"#19"},"south":{"uv":[2.504,13.379,2.746,13.621],"texture":"#19"},"west":{"uv":[10.504,8.379,13.121,8.621],"texture":"#19"},"up":{"uv":[1.004,10.254,1.246,12.871],"texture":"#19"},"down":{"uv":[1.254,12.871,1.496,10.254],"texture":"#19"}}}],"gui_light":"front","display":{"thirdperson_righthand":{"rotation":[41,0,0],"translation":[0,1.5,0.25],"scale":[0.17016,0.17016,0.17016]},"thirdperson_lefthand":{"rotation":[41,0,0],"translation":[0.25,1.5,0.25],"scale":[0.17016,0.17016,0.17016]},"firstperson_righthand":{"rotation":[-180,76.75,-180],"translation":[0,4.5,2.75],"scale":[0.18,0.18,0.18]},"firstperson_lefthand":{"rotation":[-180,76.75,-180],"translation":[0,4.5,2.75],"scale":[0.18,0.18,0.18]},"ground":{"translation":[-0.5,5.75,0],"scale":[0.25,0.25,0.25]},"gui":{"rotation":[18.25,158,0],"translation":[0,0.25,0],"scale":[0.29,0.29,0.29]},"head":{"translation":[-1.75,-5,0],"scale":[0,0,0]},"fixed":{"rotation":[-90,0,0],"translation":[0,0,-48],"scale":[2,2,2]}},"groups":[{"name":"group","origin":[5,-1,2.72824],"color":0,"children":[{"name":"group","origin":[33,-12,15.47824],"color":0,"children":[]},{"name":"group","origin":[1,-1,10.47824],"color":0,"children":[]},0,1,2,3,4,5,{"name":"group","origin":[5.75,23.5,10.97824],"color":0,"children":[]},{"name":"group","origin":[5.75,23.5,10.97824],"color":0,"children":[]},{"name":"group","origin":[12.75,3,14.72824],"color":0,"children":[]},{"name":"group","origin":[25.6875,28,11.22824],"color":0,"children":[]},{"name":"group","origin":[25.6875,28,11.22824],"color":0,"children":[]},{"name":"group","origin":[25.6875,28,11.22824],"color":0,"children":[]},{"name":"group","origin":[25.6875,28,11.22824],"color":0,"children":[]},{"name":"group","origin":[25.6875,28,11.22824],"color":0,"children":[]},6,7,8,9,10,11,12,13,14,15,16,17,18,19,20,21]}],"mcmodels":"5c8ccaa32eb1e393b04a8fe53751577c"}