{"credit":"Created by Workshop Six","texture_size":[128,128],"textures":{"1":"workshop_six:fishing_furniture/shark_rack","particle":"workshop_six:fishing_furniture/shark_rack"},"elements":[{"from":[10.5,-14,6.33991],"to":[13.5,32,9.33991],"rotation":{"angle":0,"axis":"y","origin":[-1,8.25,8]},"faces":{"north":{"uv":[0,0,0.375,5.75],"texture":"#1"},"east":{"uv":[0.375,0,0.75,5.75],"texture":"#1"},"south":{"uv":[0.75,0,1.125,5.75],"texture":"#1"},"west":{"uv":[1.125,0,1.5,5.75],"texture":"#1"},"up":{"uv":[2.75,7.5,2.375,7.125],"texture":"#1"},"down":{"uv":[3.125,7.375,2.75,7.75],"texture":"#1"}}},{"from":[10,-14,-0.66009],"to":[14,-12,16.33991],"rotation":{"angle":0,"axis":"y","origin":[-1,8.25,8]},"faces":{"north":{"uv":[5.75,7.375,6.25,7.625],"texture":"#1"},"east":{"uv":[5.125,4.75,7.25,5],"texture":"#1"},"south":{"uv":[7.375,5.875,7.875,6.125],"texture":"#1"},"west":{"uv":[6.125,2,8.25,2.25],"texture":"#1"},"up":{"uv":[4.625,2.875,4.125,0.75],"texture":"#1"},"down":{"uv":[4.625,2.875,4.125,5],"texture":"#1"}}},{"from":[-15.5,-14,6.33991],"to":[-12.5,32,9.33991],"rotation":{"angle":0,"axis":"y","origin":[-1,8.25,8]},"faces":{"north":{"uv":[1.5,0,1.875,5.75],"texture":"#1"},"east":{"uv":[1.875,0,2.25,5.75],"texture":"#1"},"south":{"uv":[2.25,0,2.625,5.75],"texture":"#1"},"west":{"uv":[2.625,0,3,5.75],"texture":"#1"},"up":{"uv":[7.75,3.125,7.375,2.75],"texture":"#1"},"down":{"uv":[7.75,4,7.375,4.375],"texture":"#1"}}},{"from":[-16,-14,-0.66009],"to":[-12,-12,16.33991],"rotation":{"angle":0,"axis":"y","origin":[-1,8.25,8]},"faces":{"north":{"uv":[7.375,6.125,7.875,6.375],"texture":"#1"},"east":{"uv":[6.125,2.25,8.25,2.5],"texture":"#1"},"south":{"uv":[6.25,7.375,6.75,7.625],"texture":"#1"},"west":{"uv":[6.125,2.5,8.25,2.75],"texture":"#1"},"up":{"uv":[5.125,2.875,4.625,0.75],"texture":"#1"},"down":{"uv":[5.125,2.875,4.625,5],"texture":"#1"}}},{"from":[-12.75,-11,6.83991],"to":[10.75,-8,8.83991],"rotation":{"angle":0,"axis":"y","origin":[-1,8.25,8]},"faces":{"north":{"uv":[3,0,6,0.375],"texture":"#1"},"east":{"uv":[1,7.5,1.25,7.875],"texture":"#1"},"south":{"uv":[3,0.375,6,0.75],"texture":"#1"},"west":{"uv":[1.25,7.5,1.5,7.875],"texture":"#1"},"up":{"uv":[8,5.25,5,5],"texture":"#1"},"down":{"uv":[8.125,0.75,5.125,1],"texture":"#1"}}},{"from":[-13.5,22.38922,21.91282],"to":[10.5,24.38922,23.91282],"rotation":{"angle":-45,"axis":"x","origin":[-1,8.25,8]},"faces":{"north":{"uv":[5.125,1,8.125,1.25],"texture":"#1"},"east":{"uv":[3.375,6.875,3.625,7.125],"texture":"#1"},"south":{"uv":[5.125,1.25,8.125,1.5],"texture":"#1"},"west":{"uv":[4.625,7.125,4.875,7.375],"texture":"#1"},"up":{"uv":[8.125,1.75,5.125,1.5],"texture":"#1"},"down":{"uv":[8.125,1.75,5.125,2],"texture":"#1"}}},{"from":[-1.5,21.5,8.08991],"to":[-0.5,29.5,8.08991],"rotation":{"angle":0,"axis":"y","origin":[-1,8.25,8]},"faces":{"north":{"uv":[3.125,7.375,3.25,8.375],"texture":"#1"},"east":{"uv":[0,0,0,1],"texture":"#1"},"south":{"uv":[3.25,7.375,3.375,8.375],"texture":"#1"},"west":{"uv":[0,0,0,1],"texture":"#1"},"up":{"uv":[0.125,0,0,0],"texture":"#1"},"down":{"uv":[0.125,0,0,0],"texture":"#1"}}},{"from":[-3.5,22.13922,21.66282],"to":[1.5,24.63922,24.16282],"rotation":{"angle":-45,"axis":"x","origin":[-1,8.25,8]},"faces":{"north":{"uv":[7,3.25,7.625,3.625],"texture":"#1"},"east":{"uv":[4.625,7.375,5,7.75],"texture":"#1"},"south":{"uv":[7,3.625,7.625,4],"texture":"#1"},"west":{"uv":[5,7.375,5.375,7.75],"texture":"#1"},"up":{"uv":[5.5,7.375,4.875,7],"texture":"#1"},"down":{"uv":[6.125,7,5.5,7.375],"texture":"#1"}}},{"from":[-5,0,5.08991],"to":[3,4,11.08991],"rotation":{"angle":0,"axis":"y","origin":[-1,8.25,8]},"faces":{"north":{"uv":[3.875,6,4.875,6.5],"texture":"#1"},"east":{"uv":[4.875,6.5,5.625,7],"texture":"#1"},"south":{"uv":[4.875,6,5.875,6.5],"texture":"#1"},"west":{"uv":[5.625,6.5,6.375,7],"texture":"#1"},"up":{"uv":[6.125,2.75,5.125,2],"texture":"#1"},"down":{"uv":[6.125,2.75,5.125,3.5],"texture":"#1"}}},{"from":[-5.5,4,4.08991],"to":[3.5,12,12.08991],"rotation":{"angle":0,"axis":"y","origin":[-1,8.25,8]},"faces":{"north":{"uv":[3,0.75,4.125,1.75],"texture":"#1"},"east":{"uv":[3,4.75,4,5.75],"texture":"#1"},"south":{"uv":[3,1.75,4.125,2.75],"texture":"#1"},"west":{"uv":[4,5,5,6],"texture":"#1"},"up":{"uv":[4.125,3.75,3,2.75],"texture":"#1"},"down":{"uv":[4.125,3.75,3,4.75],"texture":"#1"}}},{"from":[-8.45377,3.6611,7.58991],"to":[0.54623,8.6611,8.58991],"rotation":{"angle":-22.5,"axis":"z","origin":[-1,8.25,8]},"faces":{"north":{"uv":[5.125,3.5,6.25,4.125],"texture":"#1"},"east":{"uv":[2.625,7.5,2.75,8.125],"texture":"#1"},"south":{"uv":[5.125,4.125,6.25,4.75],"texture":"#1"},"west":{"uv":[4.25,7.5,4.375,8.125],"texture":"#1"},"up":{"uv":[8,5.875,6.875,5.75],"texture":"#1"},"down":{"uv":[8.5,3.125,7.375,3.25],"texture":"#1"}}},{"from":[-9.01314,12.05527,7.58991],"to":[-4.01314,15.05527,8.58991],"rotation":{"angle":-22.5,"axis":"z","origin":[-1,8.25,8]},"faces":{"north":{"uv":[6.125,7,6.75,7.375],"texture":"#1"},"east":{"uv":[5.75,7.625,5.875,8],"texture":"#1"},"south":{"uv":[7,6.375,7.625,6.75],"texture":"#1"},"west":{"uv":[5.875,7.625,6,8],"texture":"#1"},"up":{"uv":[6.625,0.75,6,0.625],"texture":"#1"},"down":{"uv":[8,4.375,7.375,4.5],"texture":"#1"}}},{"from":[-1.68578,5.5,8.96709],"to":[-0.68578,10.5,16.96709],"rotation":{"angle":22.5,"axis":"y","origin":[-1,8.25,8]},"faces":{"north":{"uv":[4.375,7.5,4.5,8.125],"texture":"#1"},"east":{"uv":[0.875,5.75,1.875,6.375],"texture":"#1"},"south":{"uv":[4.5,7.5,4.625,8.125],"texture":"#1"},"west":{"uv":[1.875,5.75,2.875,6.375],"texture":"#1"},"up":{"uv":[6.875,8.375,6.75,7.375],"texture":"#1"},"down":{"uv":[7,7.375,6.875,8.375],"texture":"#1"}}},{"from":[-1.68578,5.5,-0.96709],"to":[-0.68578,10.5,7.03291],"rotation":{"angle":-22.5,"axis":"y","origin":[-1,8.25,8]},"faces":{"north":{"uv":[7.5,7,7.625,7.625],"texture":"#1"},"east":{"uv":[2.875,5.75,3.875,6.375],"texture":"#1"},"south":{"uv":[7.625,3.25,7.75,3.875],"texture":"#1"},"west":{"uv":[5.875,5.25,6.875,5.875],"texture":"#1"},"up":{"uv":[7.125,8.375,7,7.375],"texture":"#1"},"down":{"uv":[7.5,7,7.375,8],"texture":"#1"}}},{"from":[0.23444,13,10.59769],"to":[1.23444,15,13.59769],"rotation":{"angle":22.5,"axis":"y","origin":[-1,8.25,8]},"faces":{"north":{"uv":[4,4.75,4.125,5],"texture":"#1"},"east":{"uv":[1.5,7.5,1.875,7.75],"texture":"#1"},"south":{"uv":[3.875,5.75,4,6],"texture":"#1"},"west":{"uv":[1.875,7.5,2.25,7.75],"texture":"#1"},"up":{"uv":[6.125,8,6,7.625],"texture":"#1"},"down":{"uv":[6.25,7.625,6.125,8],"texture":"#1"}}},{"from":[0.42578,13,2.86425],"to":[1.42578,15,5.86425],"rotation":{"angle":-22.5,"axis":"y","origin":[-1,8.25,8]},"faces":{"north":{"uv":[7.625,6.375,7.75,6.625],"texture":"#1"},"east":{"uv":[2.25,7.5,2.625,7.75],"texture":"#1"},"south":{"uv":[6.5,7.625,6.625,7.875],"texture":"#1"},"west":{"uv":[3.375,7.5,3.75,7.75],"texture":"#1"},"up":{"uv":[6.375,8,6.25,7.625],"texture":"#1"},"down":{"uv":[6.5,7.625,6.375,8],"texture":"#1"}}},{"from":[-4.5,12,5.08991],"to":[2.5,17,11.08991],"rotation":{"angle":0,"axis":"y","origin":[-1,8.25,8]},"faces":{"north":{"uv":[5.875,5.875,6.75,6.5],"texture":"#1"},"east":{"uv":[6.125,2.75,6.875,3.375],"texture":"#1"},"south":{"uv":[6,0,6.875,0.625],"texture":"#1"},"west":{"uv":[6.25,3.375,7,4],"texture":"#1"},"up":{"uv":[5.875,6,5,5.25],"texture":"#1"},"down":{"uv":[0.875,5.75,0,6.5],"texture":"#1"}}},{"from":[-3.5,17,6.08991],"to":[1.5,21,10.08991],"rotation":{"angle":0,"axis":"y","origin":[-1,8.25,8]},"faces":{"north":{"uv":[6.375,6.5,7,7],"texture":"#1"},"east":{"uv":[6.875,2.75,7.375,3.25],"texture":"#1"},"south":{"uv":[6.75,5.875,7.375,6.375],"texture":"#1"},"west":{"uv":[6.875,4,7.375,4.5],"texture":"#1"},"up":{"uv":[7.5,0.5,6.875,0],"texture":"#1"},"down":{"uv":[3.375,6.875,2.75,7.375],"texture":"#1"}}},{"from":[-12.14668,17.37409,7.08991],"to":[-5.14668,21.37409,9.08991],"rotation":{"angle":-22.5,"axis":"z","origin":[-1,8.25,8]},"faces":{"north":{"uv":[2.75,6.375,3.625,6.875],"texture":"#1"},"east":{"uv":[7.125,7.375,7.375,7.875],"texture":"#1"},"south":{"uv":[0,6.5,0.875,7],"texture":"#1"},"west":{"uv":[0,7.5,0.25,8],"texture":"#1"},"up":{"uv":[7.75,0.75,6.875,0.5],"texture":"#1"},"down":{"uv":[7.75,4.5,6.875,4.75],"texture":"#1"}}},{"from":[4.07056,17.9914,7.33991],"to":[9.07056,20.9914,8.83991],"rotation":{"angle":22.5,"axis":"z","origin":[-1,8.25,8]},"faces":{"north":{"uv":[6.75,7,7.375,7.375],"texture":"#1"},"east":{"uv":[3.75,7.5,4,7.875],"texture":"#1"},"south":{"uv":[0.5,7.125,1.125,7.5],"texture":"#1"},"west":{"uv":[4,7.5,4.25,7.875],"texture":"#1"},"up":{"uv":[7.625,7,7,6.75],"texture":"#1"},"down":{"uv":[7.875,4.75,7.25,5],"texture":"#1"}}},{"from":[0.5,-3,6.08991],"to":[2.5,1,10.08991],"rotation":{"angle":0,"axis":"y","origin":[-1,8.25,8]},"faces":{"north":{"uv":[7.5,0,7.75,0.5],"texture":"#1"},"east":{"uv":[6.875,5.25,7.375,5.75],"texture":"#1"},"south":{"uv":[0.25,7.5,0.5,8],"texture":"#1"},"west":{"uv":[0,7,0.5,7.5],"texture":"#1"},"up":{"uv":[0.75,8,0.5,7.5],"texture":"#1"},"down":{"uv":[1,7.5,0.75,8],"texture":"#1"}}},{"from":[-7.70316,-3.87101,5.58991],"to":[-2.70316,2.12899,10.58991],"rotation":{"angle":22.5,"axis":"z","origin":[-1,8.25,8]},"faces":{"north":{"uv":[6.25,4,6.875,4.75],"texture":"#1"},"east":{"uv":[0.875,6.375,1.5,7.125],"texture":"#1"},"south":{"uv":[1.5,6.375,2.125,7.125],"texture":"#1"},"west":{"uv":[2.125,6.375,2.75,7.125],"texture":"#1"},"up":{"uv":[4.25,7.125,3.625,6.5],"texture":"#1"},"down":{"uv":[4.875,6.5,4.25,7.125],"texture":"#1"}}},{"name":"cube inverted","from":[1.5,24.63922,24.16282],"to":[-3.5,22.13922,21.66282],"rotation":{"angle":-45,"axis":"x","origin":[-1,8.25,8]},"faces":{"north":{"uv":[1.125,7.125,1.75,7.5],"texture":"#1"},"east":{"uv":[7.375,5.25,7.75,5.625],"texture":"#1"},"south":{"uv":[1.75,7.125,2.375,7.5],"texture":"#1"},"west":{"uv":[5.375,7.375,5.75,7.75],"texture":"#1"},"up":{"uv":[4,7.5,3.375,7.125],"texture":"#1"},"down":{"uv":[4.625,7.125,4,7.5],"texture":"#1"}}}],"gui_light":"front","display":{"thirdperson_righthand":{"rotation":[41,0,0],"translation":[2,1.5,0.75],"scale":[0.22,0.22,0.22]},"thirdperson_lefthand":{"rotation":[41,0,0],"translation":[-2,1.5,0.25],"scale":[0.22,0.22,0.22]},"firstperson_righthand":{"rotation":[-180,66,-180],"translation":[0,5.25,-0.25],"scale":[0.21,0.21,0.21]},"firstperson_lefthand":{"rotation":[-180,66,-180],"translation":[0,5.25,4],"scale":[0.21,0.21,0.21]},"ground":{"translation":[2,4.5,0],"scale":[0.25,0.25,0.25]},"gui":{"rotation":[18.25,158,0],"translation":[-3,0.25,0],"scale":[0.31,0.31,0.31]},"head":{"translation":[0,-7.25,0],"scale":[0,0,0]},"fixed":{"rotation":[-90,0,0],"translation":[0,0,-44],"scale":[2,2,2]}},"groups":[{"name":"group","origin":[15.5,-1,-0.41009],"color":0,"children":[0,1,2,3,4,5,6,7,{"name":"group","origin":[36.1875,28,8.08991],"color":0,"children":[8,9,10,11,12,13,14,15,16,17,18,19,20,21]},{"name":"group","origin":[36.1875,28,8.08991],"color":0,"children":[]},{"name":"group","origin":[36.1875,28,8.08991],"color":0,"children":[]},{"name":"group","origin":[36.1875,28,8.08991],"color":0,"children":[]},{"name":"group","origin":[36.1875,28,8.08991],"color":0,"children":[]},22]}],"mcmodels":"5c8ccaa32eb1e393b04a8fe53751577c"}