{"credit":"Created by Workshop Six","texture_size":[128,128],"textures":{"19":"workshop_six:fishing_furniture/fish_station"},"elements":[{"from":[1,0,4.5],"to":[15,5,11.5],"rotation":{"angle":0,"axis":"y","origin":[8,4.5,6.5]},"faces":{"north":{"uv":[4.246,8.504,2.504,9.121],"texture":"#19"},"east":{"uv":[11.496,2.004,10.629,2.621],"texture":"#19"},"south":{"uv":[4.246,7.879,2.504,8.496],"texture":"#19"},"west":{"uv":[11.496,2.629,10.629,3.246],"texture":"#19"},"up":{"uv":[8.621,7.504,6.879,8.371],"texture":"#19"},"down":{"uv":[2.496,8.746,0.754,7.879],"texture":"#19"}}},{"from":[6.5,1.5,4],"to":[9.5,3.5,6],"rotation":{"angle":0,"axis":"y","origin":[8,4.5,6.5]},"faces":{"north":{"uv":[13.496,2.879,13.129,3.121],"texture":"#19"},"east":{"uv":[13.496,7.254,13.254,7.496],"texture":"#19"},"south":{"uv":[13.496,2.629,13.129,2.871],"texture":"#19"},"west":{"uv":[7.871,13.254,7.629,13.496],"texture":"#19"},"up":{"uv":[13.496,3.129,13.129,3.371],"texture":"#19"},"down":{"uv":[13.496,3.621,13.129,3.379],"texture":"#19"}}},{"from":[5,6,7.5],"to":[11,7,8.5],"rotation":{"angle":0,"axis":"y","origin":[8,4.5,6.5]},"faces":{"north":{"uv":[13.871,3.629,13.129,3.746],"texture":"#19"},"east":{"uv":[13.621,8.629,13.504,8.746],"texture":"#19"},"south":{"uv":[13.746,5.629,13.004,5.746],"texture":"#19"},"west":{"uv":[8.871,13.504,8.754,13.621],"texture":"#19"},"up":{"uv":[13.871,3.754,13.129,3.871],"texture":"#19"},"down":{"uv":[13.871,3.996,13.129,3.879],"texture":"#19"}}},{"from":[5,5,7.5],"to":[6,6,8.5],"rotation":{"angle":0,"axis":"y","origin":[8,4.5,6.5]},"faces":{"north":{"uv":[13.621,8.879,13.504,8.996],"texture":"#19"},"east":{"uv":[8.996,13.504,8.879,13.621],"texture":"#19"},"south":{"uv":[13.621,8.754,13.504,8.871],"texture":"#19"},"west":{"uv":[9.121,13.504,9.004,13.621],"texture":"#19"},"up":{"uv":[13.621,9.004,13.504,9.121],"texture":"#19"},"down":{"uv":[9.246,13.621,9.129,13.504],"texture":"#19"}}},{"from":[10,5,7.5],"to":[11,6,8.5],"rotation":{"angle":0,"axis":"y","origin":[8,4.5,6.5]},"faces":{"north":{"uv":[13.621,9.254,13.504,9.371],"texture":"#19"},"east":{"uv":[9.371,13.504,9.254,13.621],"texture":"#19"},"south":{"uv":[13.621,9.129,13.504,9.246],"texture":"#19"},"west":{"uv":[9.496,13.504,9.379,13.621],"texture":"#19"},"up":{"uv":[13.621,9.379,13.504,9.496],"texture":"#19"},"down":{"uv":[9.621,13.621,9.504,13.504],"texture":"#19"}}}],"gui_light":"front","display":{"thirdperson_righthand":{"rotation":[49,0,0],"translation":[0,1.5,0.75],"scale":[0.45,0.45,0.45]},"thirdperson_lefthand":{"rotation":[49,0,0],"translation":[0,1.5,0.75],"scale":[0.45,0.45,0.45]},"firstperson_righthand":{"rotation":[0,108,0],"translation":[0,4.75,1.5],"scale":[0.39,0.39,0.39]},"firstperson_lefthand":{"rotation":[0,111,0],"translation":[0,4.75,1.5],"scale":[0.39,0.39,0.39]},"ground":{"translation":[0,2.25,0],"scale":[0.4,0.4,0.4]},"gui":{"rotation":[11.75,158,0],"translation":[0,4.5,0],"scale":[0.95,0.95,0.95]},"head":{"scale":[0,0,0]},"fixed":{"rotation":[-90,0,0],"translation":[0,0,-16],"scale":[2,2,2]}},"groups":[{"name":"group","origin":[10.33497,23.5,8.45071],"color":0,"children":[0,1,2,3,4]}],"mcmodels":"5c8ccaa32eb1e393b04a8fe53751577c"}