{"credit":"73079 / 9071534RNRU5FL73FAA","texture_size":[32,32],"textures":{"1":"workshop_six:fishing_furniture/tackle_box_blue","particle":"workshop_six:fishing_furniture/tackle_box_blue"},"elements":[{"from":[2,0,4.5],"to":[14,6,11.5],"rotation":{"angle":0,"axis":"y","origin":[8,4.5,6.5]},"faces":{"north":{"uv":[6,0,12,3],"texture":"#1"},"east":{"uv":[6,6,9.5,9],"texture":"#1"},"south":{"uv":[6,3,12,6],"texture":"#1"},"west":{"uv":[0,7,3.5,10],"texture":"#1"},"up":{"uv":[6,3.5,0,0],"texture":"#1"},"down":{"uv":[6,3.5,0,7],"texture":"#1"}}},{"from":[6.5,2.5,4],"to":[9.5,4.5,6],"rotation":{"angle":0,"axis":"y","origin":[8,5.5,6.5]},"faces":{"north":{"uv":[3.5,7,5,8],"texture":"#1"},"east":{"uv":[5,7,6,8],"texture":"#1"},"south":{"uv":[3.5,8,5,9],"texture":"#1"},"west":{"uv":[5,8,6,9],"texture":"#1"},"up":{"uv":[5,10,3.5,9],"texture":"#1"},"down":{"uv":[6.5,9,5,10],"texture":"#1"}}},{"from":[5,7,7.5],"to":[11,8,8.5],"rotation":{"angle":0,"axis":"y","origin":[8,5.5,6.5]},"faces":{"north":{"uv":[6.5,9,9.5,9.5],"texture":"#1"},"east":{"uv":[9.5,7,10,7.5],"texture":"#1"},"south":{"uv":[9.5,6,12.5,6.5],"texture":"#1"},"west":{"uv":[9.5,7.5,10,8],"texture":"#1"},"up":{"uv":[9.5,10,6.5,9.5],"texture":"#1"},"down":{"uv":[12.5,6.5,9.5,7],"texture":"#1"}}},{"from":[5,6,7.5],"to":[6,7,8.5],"rotation":{"angle":0,"axis":"y","origin":[8,5.5,6.5]},"faces":{"north":{"uv":[9.5,8,10,8.5],"texture":"#1"},"east":{"uv":[9.5,8.5,10,9],"texture":"#1"},"south":{"uv":[9.5,9,10,9.5],"texture":"#1"},"west":{"uv":[9.5,9.5,10,10],"texture":"#1"},"up":{"uv":[0.5,10.5,0,10],"texture":"#1"},"down":{"uv":[1,10,0.5,10.5],"texture":"#1"}}},{"from":[10,6,7.5],"to":[11,7,8.5],"rotation":{"angle":0,"axis":"y","origin":[8,5.5,6.5]},"faces":{"north":{"uv":[1,10,1.5,10.5],"texture":"#1"},"east":{"uv":[1.5,10,2,10.5],"texture":"#1"},"south":{"uv":[2,10,2.5,10.5],"texture":"#1"},"west":{"uv":[2.5,10,3,10.5],"texture":"#1"},"up":{"uv":[3.5,10.5,3,10],"texture":"#1"},"down":{"uv":[4,10,3.5,10.5],"texture":"#1"}}}],"gui_light":"front","display":{"thirdperson_righthand":{"rotation":[49,0,0],"translation":[0,0,-0.5],"scale":[0.27,0.27,0.27]},"thirdperson_lefthand":{"rotation":[49,0,0],"translation":[0,0,-0.5],"scale":[0.27,0.27,0.27]},"firstperson_righthand":{"rotation":[0,109,0],"translation":[0,4.75,1.5],"scale":[0.39,0.39,0.39]},"firstperson_lefthand":{"rotation":[0,112,0],"translation":[0,4.75,1.5],"scale":[0.39,0.39,0.39]},"ground":{"translation":[0,2.25,0],"scale":[0.4,0.4,0.4]},"gui":{"rotation":[11.75,158,0],"translation":[0,4.25,0],"scale":[1.03,1.03,1.03]},"head":{"scale":[0,0,0]},"fixed":{"rotation":[-90,0,0],"translation":[0,0,-16],"scale":[2,2,2]}},"groups":[{"name":"group","origin":[10.33497,23.5,8.45071],"color":0,"children":[0,1,2,3,4]}],"mcmodels":"5c8ccaa32eb1e393b04a8fe53751577c"}