{"credit":"Created by Workshop Six","texture_size":[64,64],"textures":{"2":"workshop_six:vanilla_outdoor_furniture/barrel_oak"},"elements":[{"from":[1,1,1],"to":[15,17,15],"faces":{"north":{"uv":[0,7.5,3.5,11.5],"texture":"#2"},"east":{"uv":[7.5,0,11,4],"texture":"#2"},"south":{"uv":[0,7.5,3.5,11.5],"texture":"#2"},"west":{"uv":[7.5,0,11,4],"texture":"#2"},"up":{"uv":[7,11,3.5,7.5],"texture":"#2"},"down":{"uv":[11,4,7.5,7.5],"texture":"#2"}}},{"from":[2,0,2],"to":[14,1,14],"faces":{"north":{"uv":[11,3,14,3.25],"texture":"#2"},"east":{"uv":[11,3.25,14,3.5],"texture":"#2"},"south":{"uv":[3.5,11,6.5,11.25],"texture":"#2"},"west":{"uv":[11,3.5,14,3.75],"texture":"#2"},"up":{"uv":[10,10.5,7,7.5],"texture":"#2"},"down":{"uv":[13,7.5,10,10.5],"texture":"#2"}}},{"from":[0.5,3,0.5],"to":[15.5,5,15.5],"faces":{"north":{"uv":[7,10.5,10.75,11],"texture":"#2"},"east":{"uv":[10.75,10.5,14.5,11],"texture":"#2"},"south":{"uv":[11,0,14.75,0.5],"texture":"#2"},"west":{"uv":[11,0.5,14.75,1],"texture":"#2"},"up":{"uv":[3.75,3.75,0,0],"texture":"#2"},"down":{"uv":[3.75,3.75,0,7.5],"texture":"#2"}}},{"from":[0.5,13,0.5],"to":[15.5,15,15.5],"faces":{"north":{"uv":[11,1,14.75,1.5],"texture":"#2"},"east":{"uv":[11,1.5,14.75,2],"texture":"#2"},"south":{"uv":[11,2,14.75,2.5],"texture":"#2"},"west":{"uv":[11,2.5,14.75,3],"texture":"#2"},"up":{"uv":[7.5,3.75,3.75,0],"texture":"#2"},"down":{"uv":[7.5,3.75,3.75,7.5],"texture":"#2"}}},{"from":[2,17,2],"to":[14,18,3],"faces":{"north":{"uv":[11,3.75,14,4],"texture":"#2"},"east":{"uv":[11,6.75,11.25,7],"texture":"#2"},"south":{"uv":[11,4,14,4.25],"texture":"#2"},"west":{"uv":[11,7,11.25,7.25],"texture":"#2"},"up":{"uv":[14,4.5,11,4.25],"texture":"#2"},"down":{"uv":[14,4.5,11,4.75],"texture":"#2"}}},{"from":[2,17,13],"to":[14,18,14],"faces":{"north":{"uv":[11,4.75,14,5],"texture":"#2"},"east":{"uv":[11,7.25,11.25,7.5],"texture":"#2"},"south":{"uv":[11,5,14,5.25],"texture":"#2"},"west":{"uv":[7.5,11,7.75,11.25],"texture":"#2"},"up":{"uv":[14,5.5,11,5.25],"texture":"#2"},"down":{"uv":[14,5.5,11,5.75],"texture":"#2"}}},{"from":[2,17,3],"to":[3,18,13],"rotation":{"angle":0,"axis":"y","origin":[8,17.5,8]},"faces":{"north":{"uv":[7.75,11,8,11.25],"texture":"#2"},"east":{"uv":[11,5.75,13.5,6],"texture":"#2"},"south":{"uv":[8,11,8.25,11.25],"texture":"#2"},"west":{"uv":[11,6,13.5,6.25],"texture":"#2"},"up":{"uv":[6.75,13.5,6.5,11],"texture":"#2"},"down":{"uv":[7,11,6.75,13.5],"texture":"#2"}}},{"from":[13,17,3],"to":[14,18,13],"rotation":{"angle":0,"axis":"y","origin":[8,17.5,8]},"faces":{"north":{"uv":[8.25,11,8.5,11.25],"texture":"#2"},"east":{"uv":[11,6.25,13.5,6.5],"texture":"#2"},"south":{"uv":[8.5,11,8.75,11.25],"texture":"#2"},"west":{"uv":[11,6.5,13.5,6.75],"texture":"#2"},"up":{"uv":[7.25,13.5,7,11],"texture":"#2"},"down":{"uv":[7.5,11,7.25,13.5],"texture":"#2"}}}],"gui_light":"front","display":{"thirdperson_righthand":{"rotation":[49,0,0],"translation":[-1,0,-0.5],"scale":[0.27,0.27,0.27]},"thirdperson_lefthand":{"rotation":[49,0,0],"translation":[-1,0,-0.5],"scale":[0.27,0.27,0.27]},"firstperson_righthand":{"translation":[0,4.75,1.5],"scale":[0.39,0.39,0.39]},"firstperson_lefthand":{"translation":[0,4.75,1.5],"scale":[0.39,0.39,0.39]},"ground":{"translation":[0,2.25,0],"scale":[0.4,0.4,0.4]},"gui":{"rotation":[11.75,0,0],"translation":[0,-0.75,0],"scale":[0.64,0.64,0.64]},"head":{"scale":[0,0,0]},"fixed":{"rotation":[-90,0,0],"translation":[0,0,-16],"scale":[2,2,2]}},"groups":[{"name":"group","origin":[8,17.5,8],"color":0,"children":[0,1,2,3,4,5,6,7]}],"mcmodels":"2001bf3a6a296acef32bcc300e868e72"}