{"credit":"Created by Workshop Six","texture_size":[64,64],"textures":{"1":"workshop_six:vanilla_outdoor_furniture/barrel_stack_crimson","particle":"workshop_six:vanilla_outdoor_furniture/barrel_stack_crimson"},"elements":[{"from":[10,-3,1],"to":[24,13,15],"faces":{"north":{"uv":[0,7.5,3.5,11.5],"texture":"#1"},"east":{"uv":[7.5,0,11,4],"texture":"#1"},"south":{"uv":[0,7.5,3.5,11.5],"texture":"#1"},"west":{"uv":[7.5,0,11,4],"texture":"#1"},"up":{"uv":[7,11,3.5,7.5],"texture":"#1"},"down":{"uv":[11,4,7.5,7.5],"texture":"#1"}}},{"from":[11,-4,2],"to":[23,-3,14],"faces":{"north":{"uv":[11,3,14,3.25],"texture":"#1"},"east":{"uv":[11,3.25,14,3.5],"texture":"#1"},"south":{"uv":[3.5,11,6.5,11.25],"texture":"#1"},"west":{"uv":[11,3.5,14,3.75],"texture":"#1"},"up":{"uv":[10,10.5,7,7.5],"texture":"#1"},"down":{"uv":[13,7.5,10,10.5],"texture":"#1"}}},{"from":[9.5,-1,0.5],"to":[24.5,1,15.5],"faces":{"north":{"uv":[7,10.5,10.75,11],"texture":"#1"},"east":{"uv":[10.75,10.5,14.5,11],"texture":"#1"},"south":{"uv":[11,0,14.75,0.5],"texture":"#1"},"west":{"uv":[11,0.5,14.75,1],"texture":"#1"},"up":{"uv":[3.75,3.75,0,0],"texture":"#1"},"down":{"uv":[3.75,3.75,0,7.5],"texture":"#1"}}},{"from":[9.5,9,0.5],"to":[24.5,11,15.5],"faces":{"north":{"uv":[11,1,14.75,1.5],"texture":"#1"},"east":{"uv":[11,1.5,14.75,2],"texture":"#1"},"south":{"uv":[11,2,14.75,2.5],"texture":"#1"},"west":{"uv":[11,2.5,14.75,3],"texture":"#1"},"up":{"uv":[7.5,3.75,3.75,0],"texture":"#1"},"down":{"uv":[7.5,3.75,3.75,7.5],"texture":"#1"}}},{"from":[11,13,2],"to":[23,14,3],"faces":{"north":{"uv":[11,3.75,14,4],"texture":"#1"},"east":{"uv":[11,6.75,11.25,7],"texture":"#1"},"south":{"uv":[11,4,14,4.25],"texture":"#1"},"west":{"uv":[11,7,11.25,7.25],"texture":"#1"},"up":{"uv":[14,4.5,11,4.25],"texture":"#1"},"down":{"uv":[14,4.5,11,4.75],"texture":"#1"}}},{"from":[11,13,13],"to":[23,14,14],"faces":{"north":{"uv":[11,4.75,14,5],"texture":"#1"},"east":{"uv":[11,7.25,11.25,7.5],"texture":"#1"},"south":{"uv":[11,5,14,5.25],"texture":"#1"},"west":{"uv":[7.5,11,7.75,11.25],"texture":"#1"},"up":{"uv":[14,5.5,11,5.25],"texture":"#1"},"down":{"uv":[14,5.5,11,5.75],"texture":"#1"}}},{"from":[11,13,3],"to":[12,14,13],"rotation":{"angle":0,"axis":"y","origin":[8,17.5,8]},"faces":{"north":{"uv":[7.75,11,8,11.25],"texture":"#1"},"east":{"uv":[11,5.75,13.5,6],"texture":"#1"},"south":{"uv":[8,11,8.25,11.25],"texture":"#1"},"west":{"uv":[11,6,13.5,6.25],"texture":"#1"},"up":{"uv":[6.75,13.5,6.5,11],"texture":"#1"},"down":{"uv":[7,11,6.75,13.5],"texture":"#1"}}},{"from":[22,13,3],"to":[23,14,13],"rotation":{"angle":0,"axis":"y","origin":[8,17.5,8]},"faces":{"north":{"uv":[8.25,11,8.5,11.25],"texture":"#1"},"east":{"uv":[11,6.25,13.5,6.5],"texture":"#1"},"south":{"uv":[8.5,11,8.75,11.25],"texture":"#1"},"west":{"uv":[11,6.5,13.5,6.75],"texture":"#1"},"up":{"uv":[7.25,13.5,7,11],"texture":"#1"},"down":{"uv":[7.5,11,7.25,13.5],"texture":"#1"}}},{"from":[-7.9,-3,0.4],"to":[6.1,13,14.4],"rotation":{"angle":22.5,"axis":"y","origin":[0,5,8]},"faces":{"north":{"uv":[0,7.5,3.5,11.5],"texture":"#1"},"east":{"uv":[7.5,0,11,4],"texture":"#1"},"south":{"uv":[0,7.5,3.5,11.5],"texture":"#1"},"west":{"uv":[7.5,0,11,4],"texture":"#1"},"up":{"uv":[7,11,3.5,7.5],"texture":"#1"},"down":{"uv":[11,4,7.5,7.5],"texture":"#1"}}},{"from":[-8.4,-1,-0.1],"to":[6.6,1,14.9],"rotation":{"angle":22.5,"axis":"y","origin":[0,5,8]},"faces":{"north":{"uv":[7,10.5,10.75,11],"texture":"#1"},"east":{"uv":[10.75,10.5,14.5,11],"texture":"#1"},"south":{"uv":[11,0,14.75,0.5],"texture":"#1"},"west":{"uv":[11,0.5,14.75,1],"texture":"#1"},"up":{"uv":[3.75,3.75,0,0],"texture":"#1"},"down":{"uv":[3.75,3.75,0,7.5],"texture":"#1"}}},{"from":[-8.4,9,-0.1],"to":[6.6,11,14.9],"rotation":{"angle":22.5,"axis":"y","origin":[0,5,8]},"faces":{"north":{"uv":[11,1,14.75,1.5],"texture":"#1"},"east":{"uv":[11,1.5,14.75,2],"texture":"#1"},"south":{"uv":[11,2,14.75,2.5],"texture":"#1"},"west":{"uv":[11,2.5,14.75,3],"texture":"#1"},"up":{"uv":[7.5,3.75,3.75,0],"texture":"#1"},"down":{"uv":[7.5,3.75,3.75,7.5],"texture":"#1"}}},{"from":[-6.9,13,1.4],"to":[5.1,14,2.4],"rotation":{"angle":22.5,"axis":"y","origin":[0,5,8]},"faces":{"north":{"uv":[11,3.75,14,4],"texture":"#1"},"east":{"uv":[11,6.75,11.25,7],"texture":"#1"},"south":{"uv":[11,4,14,4.25],"texture":"#1"},"west":{"uv":[11,7,11.25,7.25],"texture":"#1"},"up":{"uv":[14,4.5,11,4.25],"texture":"#1"},"down":{"uv":[14,4.5,11,4.75],"texture":"#1"}}},{"from":[-6.9,13,12.4],"to":[5.1,14,13.4],"rotation":{"angle":22.5,"axis":"y","origin":[0,5,8]},"faces":{"north":{"uv":[11,4.75,14,5],"texture":"#1"},"east":{"uv":[11,7.25,11.25,7.5],"texture":"#1"},"south":{"uv":[11,5,14,5.25],"texture":"#1"},"west":{"uv":[7.5,11,7.75,11.25],"texture":"#1"},"up":{"uv":[14,5.5,11,5.25],"texture":"#1"},"down":{"uv":[14,5.5,11,5.75],"texture":"#1"}}},{"from":[4.1,13,2.4],"to":[5.1,14,12.4],"rotation":{"angle":22.5,"axis":"y","origin":[0,5,8]},"faces":{"north":{"uv":[8.25,11,8.5,11.25],"texture":"#1"},"east":{"uv":[11,6.25,13.5,6.5],"texture":"#1"},"south":{"uv":[8.5,11,8.75,11.25],"texture":"#1"},"west":{"uv":[11,6.5,13.5,6.75],"texture":"#1"},"up":{"uv":[7.25,13.5,7,11],"texture":"#1"},"down":{"uv":[7.5,11,7.25,13.5],"texture":"#1"}}},{"from":[-6.9,13,2.4],"to":[-5.9,14,12.4],"rotation":{"angle":22.5,"axis":"y","origin":[0,5,8]},"faces":{"north":{"uv":[7.75,11,8,11.25],"texture":"#1"},"east":{"uv":[11,5.75,13.5,6],"texture":"#1"},"south":{"uv":[8,11,8.25,11.25],"texture":"#1"},"west":{"uv":[11,6,13.5,6.25],"texture":"#1"},"up":{"uv":[6.75,13.5,6.5,11],"texture":"#1"},"down":{"uv":[7,11,6.75,13.5],"texture":"#1"}}},{"from":[-6.9,-4,1.4],"to":[5.1,-3,13.4],"rotation":{"angle":22.5,"axis":"y","origin":[0,5,8]},"faces":{"north":{"uv":[11,3,14,3.25],"texture":"#1"},"east":{"uv":[11,3.25,14,3.5],"texture":"#1"},"south":{"uv":[3.5,11,6.5,11.25],"texture":"#1"},"west":{"uv":[11,3.5,14,3.75],"texture":"#1"},"up":{"uv":[10,10.5,7,7.5],"texture":"#1"},"down":{"uv":[13,7.5,10,10.5],"texture":"#1"}}},{"from":[1,15,0.5],"to":[15,31,14.5],"rotation":{"angle":-22.5,"axis":"y","origin":[8,23,8]},"faces":{"north":{"uv":[0,7.5,3.5,11.5],"texture":"#1"},"east":{"uv":[7.5,0,11,4],"texture":"#1"},"south":{"uv":[0,7.5,3.5,11.5],"texture":"#1"},"west":{"uv":[7.5,0,11,4],"texture":"#1"},"up":{"uv":[7,11,3.5,7.5],"texture":"#1"},"down":{"uv":[11,4,7.5,7.5],"texture":"#1"}}},{"from":[0.5,17,0],"to":[15.5,19,15],"rotation":{"angle":-22.5,"axis":"y","origin":[8,23,8]},"faces":{"north":{"uv":[7,10.5,10.75,11],"texture":"#1"},"east":{"uv":[10.75,10.5,14.5,11],"texture":"#1"},"south":{"uv":[11,0,14.75,0.5],"texture":"#1"},"west":{"uv":[11,0.5,14.75,1],"texture":"#1"},"up":{"uv":[3.75,3.75,0,0],"texture":"#1"},"down":{"uv":[3.75,3.75,0,7.5],"texture":"#1"}}},{"from":[0.5,27,0],"to":[15.5,29,15],"rotation":{"angle":-22.5,"axis":"y","origin":[8,23,8]},"faces":{"north":{"uv":[11,1,14.75,1.5],"texture":"#1"},"east":{"uv":[11,1.5,14.75,2],"texture":"#1"},"south":{"uv":[11,2,14.75,2.5],"texture":"#1"},"west":{"uv":[11,2.5,14.75,3],"texture":"#1"},"up":{"uv":[7.5,3.75,3.75,0],"texture":"#1"},"down":{"uv":[7.5,3.75,3.75,7.5],"texture":"#1"}}},{"from":[2,31,1.5],"to":[14,32,2.5],"rotation":{"angle":-22.5,"axis":"y","origin":[8,23,8]},"faces":{"north":{"uv":[11,3.75,14,4],"texture":"#1"},"east":{"uv":[11,6.75,11.25,7],"texture":"#1"},"south":{"uv":[11,4,14,4.25],"texture":"#1"},"west":{"uv":[11,7,11.25,7.25],"texture":"#1"},"up":{"uv":[14,4.5,11,4.25],"texture":"#1"},"down":{"uv":[14,4.5,11,4.75],"texture":"#1"}}},{"from":[2,31,12.5],"to":[14,32,13.5],"rotation":{"angle":-22.5,"axis":"y","origin":[8,23,8]},"faces":{"north":{"uv":[11,4.75,14,5],"texture":"#1"},"east":{"uv":[11,7.25,11.25,7.5],"texture":"#1"},"south":{"uv":[11,5,14,5.25],"texture":"#1"},"west":{"uv":[7.5,11,7.75,11.25],"texture":"#1"},"up":{"uv":[14,5.5,11,5.25],"texture":"#1"},"down":{"uv":[14,5.5,11,5.75],"texture":"#1"}}},{"from":[13,31,2.5],"to":[14,32,12.5],"rotation":{"angle":-22.5,"axis":"y","origin":[8,23,8]},"faces":{"north":{"uv":[8.25,11,8.5,11.25],"texture":"#1"},"east":{"uv":[11,6.25,13.5,6.5],"texture":"#1"},"south":{"uv":[8.5,11,8.75,11.25],"texture":"#1"},"west":{"uv":[11,6.5,13.5,6.75],"texture":"#1"},"up":{"uv":[7.25,13.5,7,11],"texture":"#1"},"down":{"uv":[7.5,11,7.25,13.5],"texture":"#1"}}},{"from":[2,31,2.5],"to":[3,32,12.5],"rotation":{"angle":-22.5,"axis":"y","origin":[8,23,8]},"faces":{"north":{"uv":[7.75,11,8,11.25],"texture":"#1"},"east":{"uv":[11,5.75,13.5,6],"texture":"#1"},"south":{"uv":[8,11,8.25,11.25],"texture":"#1"},"west":{"uv":[11,6,13.5,6.25],"texture":"#1"},"up":{"uv":[6.75,13.5,6.5,11],"texture":"#1"},"down":{"uv":[7,11,6.75,13.5],"texture":"#1"}}},{"from":[2,14,1.5],"to":[14,15,13.5],"rotation":{"angle":-22.5,"axis":"y","origin":[8,23,8]},"faces":{"north":{"uv":[11,3,14,3.25],"texture":"#1"},"east":{"uv":[11,3.25,14,3.5],"texture":"#1"},"south":{"uv":[3.5,11,6.5,11.25],"texture":"#1"},"west":{"uv":[11,3.5,14,3.75],"texture":"#1"},"up":{"uv":[10,10.5,7,7.5],"texture":"#1"},"down":{"uv":[13,7.5,10,10.5],"texture":"#1"}}}],"gui_light":"front","display":{"thirdperson_righthand":{"rotation":[49,0,0],"translation":[-0.5,0,-0.5],"scale":[0.27,0.27,0.27]},"thirdperson_lefthand":{"rotation":[49,0,0],"translation":[-1,0,-0.5],"scale":[0.27,0.27,0.27]},"firstperson_righthand":{"translation":[1,4.75,2.25],"scale":[0.33,0.33,0.33]},"firstperson_lefthand":{"translation":[1,4.75,2.25],"scale":[0.33,0.33,0.33]},"ground":{"translation":[0,2.75,0],"scale":[0.29,0.29,0.29]},"gui":{"rotation":[11.75,0,0],"translation":[0,-1.5,0],"scale":[0.35,0.35,0.35]},"head":{"scale":[0,0,0]},"fixed":{"rotation":[-90,0,0],"translation":[0,0,-24],"scale":[2,2,2]}},"groups":[{"name":"group","origin":[8,23,8],"color":0,"children":[0,1,2,3,4,5,6,7,8,9,10,11,12,13,14,15,16,17,18,19,20,21,22,23]}],"mcmodels":"2001bf3a6a296acef32bcc300e868e72"}