{"credit":"Created by Workshop Six","texture_size":[128,128],"textures":{"1":"workshop_six:vanilla_outdoor_furniture/bench_bamboo","particle":"workshop_six:vanilla_outdoor_furniture/bench_bamboo"},"elements":[{"from":[21.5,0,0.75],"to":[24.5,6,3.75],"rotation":{"angle":0,"axis":"y","origin":[5.5,7.5,9.25]},"faces":{"north":{"uv":[0.5,5.5,0.875,6.25],"texture":"#1"},"east":{"uv":[0.875,5.5,1.25,6.25],"texture":"#1"},"south":{"uv":[1.25,5.5,1.625,6.25],"texture":"#1"},"west":{"uv":[1.625,5.5,2,6.25],"texture":"#1"},"up":{"uv":[6.125,2.875,5.75,2.5],"texture":"#1"},"down":{"uv":[6.125,2.875,5.75,3.25],"texture":"#1"}}},{"from":[21.5,0,12.75],"to":[24.5,6,15.75],"rotation":{"angle":0,"axis":"y","origin":[5.5,7.5,21.25]},"faces":{"north":{"uv":[0.5,5.5,0.875,6.25],"texture":"#1"},"east":{"uv":[0.875,5.5,1.25,6.25],"texture":"#1"},"south":{"uv":[1.25,5.5,1.625,6.25],"texture":"#1"},"west":{"uv":[1.625,5.5,2,6.25],"texture":"#1"},"up":{"uv":[6.125,2.875,5.75,2.5],"texture":"#1"},"down":{"uv":[6.125,2.875,5.75,3.25],"texture":"#1"}}},{"from":[-8.5,0,0.75],"to":[-5.5,6,3.75],"rotation":{"angle":0,"axis":"y","origin":[10.5,7.5,9.25]},"faces":{"north":{"uv":[2,5.5,2.375,6.25],"texture":"#1"},"east":{"uv":[2.375,5.5,2.75,6.25],"texture":"#1"},"south":{"uv":[2.75,5.5,3.125,6.25],"texture":"#1"},"west":{"uv":[3.125,5.5,3.5,6.25],"texture":"#1"},"up":{"uv":[6.125,3.625,5.75,3.25],"texture":"#1"},"down":{"uv":[6.125,3.625,5.75,4],"texture":"#1"}}},{"from":[-8.5,0,12.75],"to":[-5.5,6,15.75],"rotation":{"angle":0,"axis":"y","origin":[10.5,7.5,21.25]},"faces":{"north":{"uv":[2,5.5,2.375,6.25],"texture":"#1"},"east":{"uv":[2.375,5.5,2.75,6.25],"texture":"#1"},"south":{"uv":[2.75,5.5,3.125,6.25],"texture":"#1"},"west":{"uv":[3.125,5.5,3.5,6.25],"texture":"#1"},"up":{"uv":[6.125,3.625,5.75,3.25],"texture":"#1"},"down":{"uv":[6.125,3.625,5.75,4],"texture":"#1"}}},{"from":[-8.5,6,-0.25],"to":[25.5,8,16.75],"rotation":{"angle":0,"axis":"y","origin":[8.5,9,8.75]},"faces":{"north":{"uv":[4.25,1.25,8.5,1.5],"texture":"#1"},"east":{"uv":[5.25,5,7.375,5.25],"texture":"#1"},"south":{"uv":[4.25,1.5,8.5,1.75],"texture":"#1"},"west":{"uv":[5.25,5.25,7.375,5.5],"texture":"#1"},"up":{"uv":[4.25,2.125,0,0],"texture":"#1"},"down":{"uv":[4.25,2.125,0,4.25],"texture":"#1"}}},{"from":[-8.5,10,15.25],"to":[25.5,20,17.25],"rotation":{"angle":0,"axis":"y","origin":[8.5,9.5,8.75]},"faces":{"north":{"uv":[0,4.25,4.25,5.5],"texture":"#1"},"east":{"uv":[0,5.5,0.25,6.75],"texture":"#1"},"south":{"uv":[4.25,0,8.5,1.25],"texture":"#1"},"west":{"uv":[0.25,5.5,0.5,6.75],"texture":"#1"},"up":{"uv":[8.5,2,4.25,1.75],"texture":"#1"},"down":{"uv":[8.5,2,4.25,2.25],"texture":"#1"}}},{"from":[0,5,17.25],"to":[4,17,18.25],"rotation":{"angle":0,"axis":"y","origin":[0,15,17.25]},"faces":{"north":{"uv":[4.25,2.25,4.75,3.75],"texture":"#1"},"east":{"uv":[3.5,5.5,3.625,7],"texture":"#1"},"south":{"uv":[4.25,3.75,4.75,5.25],"texture":"#1"},"west":{"uv":[3.625,5.5,3.75,7],"texture":"#1"},"up":{"uv":[6.25,4.125,5.75,4],"texture":"#1"},"down":{"uv":[6.25,4.125,5.75,4.25],"texture":"#1"}}},{"from":[0,5,6.25],"to":[4,6,17.25],"rotation":{"angle":0,"axis":"y","origin":[0,15,16.25]},"faces":{"north":{"uv":[5.75,4.25,6.25,4.375],"texture":"#1"},"east":{"uv":[5.25,5.5,6.625,5.625],"texture":"#1"},"south":{"uv":[5.75,4.375,6.25,4.5],"texture":"#1"},"west":{"uv":[5.25,5.625,6.625,5.75],"texture":"#1"},"up":{"uv":[5.75,3.625,5.25,2.25],"texture":"#1"},"down":{"uv":[5.75,3.625,5.25,5],"texture":"#1"}}},{"from":[12,5,17.25],"to":[16,17,18.25],"rotation":{"angle":0,"axis":"y","origin":[16,15,17.25]},"faces":{"north":{"uv":[4.75,2.25,5.25,3.75],"texture":"#1"},"east":{"uv":[3.75,5.5,3.875,7],"texture":"#1"},"south":{"uv":[4.75,3.75,5.25,5.25],"texture":"#1"},"west":{"uv":[3.875,5.5,4,7],"texture":"#1"},"up":{"uv":[6.25,4.625,5.75,4.5],"texture":"#1"},"down":{"uv":[6.25,4.625,5.75,4.75],"texture":"#1"}}},{"from":[12,5,6.25],"to":[16,6,17.25],"rotation":{"angle":0,"axis":"y","origin":[16,15,16.25]},"faces":{"north":{"uv":[5.75,4.75,6.25,4.875],"texture":"#1"},"east":{"uv":[5.75,2.25,7.125,2.375],"texture":"#1"},"south":{"uv":[5.75,4.875,6.25,5],"texture":"#1"},"west":{"uv":[5.75,2.375,7.125,2.5],"texture":"#1"},"up":{"uv":[4.75,6.625,4.25,5.25],"texture":"#1"},"down":{"uv":[5.25,5.25,4.75,6.625],"texture":"#1"}}}],"gui_light":"front","display":{"thirdperson_righthand":{"rotation":[49,0,0],"translation":[-1,1.5,-0.5],"scale":[0.27,0.27,0.27]},"thirdperson_lefthand":{"rotation":[49,0,0],"translation":[-1,1.5,-0.5],"scale":[0.27,0.27,0.27]},"firstperson_righthand":{"rotation":[0,99,0],"translation":[-0.75,4.75,1.5],"scale":[0.39,0.39,0.39]},"firstperson_lefthand":{"rotation":[0,99,0],"translation":[-0.75,4.75,1.5],"scale":[0.39,0.39,0.39]},"ground":{"translation":[0,2.25,0],"scale":[0.4,0.4,0.4]},"gui":{"rotation":[11.75,140,0],"translation":[0,-1,0],"scale":[0.39,0.39,0.39]},"head":{"scale":[0,0,0]},"fixed":{"rotation":[-90,0,0],"translation":[0,0,-16],"scale":[2,2,2]}},"groups":[{"name":"group","origin":[0,9,25.75],"color":0,"children":[0,1,2,3,4,5,6,7,8,9]}],"mcmodels":"2001bf3a6a296acef32bcc300e868e72"}