{"credit":"Created by Workshop Six","texture_size":[128,128],"textures":{"1":"workshop_six:vanilla_outdoor_furniture/bulletin_board_jungle"},"elements":[{"from":[26,-6,7],"to":[28,26,9],"rotation":{"angle":0,"axis":"y","origin":[26,-6,8]},"faces":{"north":{"uv":[6.375,5.625,6.625,9.625],"texture":"#1"},"east":{"uv":[6.625,5.625,6.875,9.625],"texture":"#1"},"south":{"uv":[6.875,5.625,7.125,9.625],"texture":"#1"},"west":{"uv":[0,7,0.25,11],"texture":"#1"},"up":{"uv":[4,8.375,3.75,8.125],"texture":"#1"},"down":{"uv":[4.25,8.125,4,8.375],"texture":"#1"}}},{"from":[-10,24,7],"to":[26,26,9],"rotation":{"angle":0,"axis":"y","origin":[24,-6,8]},"faces":{"north":{"uv":[5.625,0.375,10.125,0.625],"texture":"#1"},"east":{"uv":[8,8.125,8.25,8.375],"texture":"#1"},"south":{"uv":[5.625,0.625,10.125,0.875],"texture":"#1"},"west":{"uv":[4.25,8.25,4.5,8.5],"texture":"#1"},"up":{"uv":[10.125,1.125,5.625,0.875],"texture":"#1"},"down":{"uv":[10.125,1.125,5.625,1.375],"texture":"#1"}}},{"from":[-10,-6,7],"to":[26,-4,9],"rotation":{"angle":0,"axis":"y","origin":[24,-36,8]},"faces":{"north":{"uv":[5.625,1.375,10.125,1.625],"texture":"#1"},"east":{"uv":[7.125,8.25,7.375,8.5],"texture":"#1"},"south":{"uv":[5.625,1.625,10.125,1.875],"texture":"#1"},"west":{"uv":[8.25,7.125,8.5,7.375],"texture":"#1"},"up":{"uv":[10.125,2.125,5.625,1.875],"texture":"#1"},"down":{"uv":[10.125,2.125,5.625,2.375],"texture":"#1"}}},{"from":[-10,-4,7.5],"to":[26,24,8.5],"rotation":{"angle":0,"axis":"y","origin":[24,-34,8.5]},"faces":{"north":{"uv":[0,0,4.5,3.5],"texture":"#1"},"east":{"uv":[1.25,7.75,1.375,11.25],"texture":"#1"},"south":{"uv":[0,3.5,4.5,7],"texture":"#1"},"west":{"uv":[1.375,7.75,1.5,11.25],"texture":"#1"},"up":{"uv":[10.125,5,5.625,4.875],"texture":"#1"},"down":{"uv":[10.125,5,5.625,5.125],"texture":"#1"}}},{"from":[-16,-16,6.5],"to":[-13,26,9.5],"rotation":{"angle":0,"axis":"y","origin":[-14,0,7.5]},"faces":{"north":{"uv":[4.5,0,4.875,5.25],"texture":"#1"},"east":{"uv":[4.875,0,5.25,5.25],"texture":"#1"},"south":{"uv":[5.25,0,5.625,5.25],"texture":"#1"},"west":{"uv":[4.5,5.25,4.875,10.5],"texture":"#1"},"up":{"uv":[8.375,6,8,5.625],"texture":"#1"},"down":{"uv":[8.375,6,8,6.375],"texture":"#1"}}},{"from":[-12,-6,7],"to":[-10,26,9],"rotation":{"angle":0,"axis":"y","origin":[-10,-6,8]},"faces":{"north":{"uv":[0.25,7,0.5,11],"texture":"#1"},"east":{"uv":[0.5,7,0.75,11],"texture":"#1"},"south":{"uv":[0.75,7,1,11],"texture":"#1"},"west":{"uv":[1,7,1.25,11],"texture":"#1"},"up":{"uv":[7.625,8.5,7.375,8.25],"texture":"#1"},"down":{"uv":[8.5,7.375,8.25,7.625],"texture":"#1"}}},{"from":[-14,18,7.5],"to":[-12,22,8.5],"rotation":{"angle":0,"axis":"y","origin":[-12,4,8.5]},"faces":{"north":{"uv":[4.25,7.75,4.5,8.25],"texture":"#1"},"east":{"uv":[7.625,8.25,7.75,8.75],"texture":"#1"},"south":{"uv":[8,7.125,8.25,7.625],"texture":"#1"},"west":{"uv":[8.25,7.625,8.375,8.125],"texture":"#1"},"up":{"uv":[5.875,5.25,5.625,5.125],"texture":"#1"},"down":{"uv":[6.125,5.125,5.875,5.25],"texture":"#1"}}},{"from":[-14,-2,7.5],"to":[-12,2,8.5],"rotation":{"angle":0,"axis":"y","origin":[-12,-16,8.5]},"faces":{"north":{"uv":[8,7.625,8.25,8.125],"texture":"#1"},"east":{"uv":[7.75,8.25,7.875,8.75],"texture":"#1"},"south":{"uv":[2.5,8.125,2.75,8.625],"texture":"#1"},"west":{"uv":[7.875,8.25,8,8.75],"texture":"#1"},"up":{"uv":[6.375,5.25,6.125,5.125],"texture":"#1"},"down":{"uv":[6.625,5.125,6.375,5.25],"texture":"#1"}}},{"from":[-13,-11.5,8],"to":[29,-8.5,9],"rotation":{"angle":0,"axis":"y","origin":[27,-39.5,9]},"faces":{"north":{"uv":[4.875,5.25,10.125,5.625],"texture":"#1"},"east":{"uv":[4,8.375,4.125,8.75],"texture":"#1"},"south":{"uv":[5.625,0,10.875,0.375],"texture":"#1"},"west":{"uv":[8.375,4,8.5,4.375],"texture":"#1"},"up":{"uv":[10.875,4.75,5.625,4.625],"texture":"#1"},"down":{"uv":[10.875,4.75,5.625,4.875],"texture":"#1"}}},{"from":[28,-2,7.5],"to":[30,2,8.5],"rotation":{"angle":0,"axis":"y","origin":[28,-16,8.5]},"faces":{"north":{"uv":[2.75,8.125,3,8.625],"texture":"#1"},"east":{"uv":[8.25,8.125,8.375,8.625],"texture":"#1"},"south":{"uv":[3,8.125,3.25,8.625],"texture":"#1"},"west":{"uv":[8.375,3.5,8.5,4],"texture":"#1"},"up":{"uv":[6.875,5.25,6.625,5.125],"texture":"#1"},"down":{"uv":[7.125,5.125,6.875,5.25],"texture":"#1"}}},{"from":[28,18,7.5],"to":[30,22,8.5],"rotation":{"angle":0,"axis":"y","origin":[28,4,8.5]},"faces":{"north":{"uv":[3.25,8.125,3.5,8.625],"texture":"#1"},"east":{"uv":[3.75,8.375,3.875,8.875],"texture":"#1"},"south":{"uv":[3.5,8.125,3.75,8.625],"texture":"#1"},"west":{"uv":[3.875,8.375,4,8.875],"texture":"#1"},"up":{"uv":[7.375,5.25,7.125,5.125],"texture":"#1"},"down":{"uv":[7.625,5.125,7.375,5.25],"texture":"#1"}}},{"from":[29,-16,6.5],"to":[32,26,9.5],"rotation":{"angle":0,"axis":"y","origin":[30,0,7.5]},"faces":{"north":{"uv":[4.875,5.625,5.25,10.875],"texture":"#1"},"east":{"uv":[5.25,5.625,5.625,10.875],"texture":"#1"},"south":{"uv":[5.625,5.625,6,10.875],"texture":"#1"},"west":{"uv":[6,5.625,6.375,10.875],"texture":"#1"},"up":{"uv":[8.375,6.75,8,6.375],"texture":"#1"},"down":{"uv":[8.375,6.75,8,7.125],"texture":"#1"}}},{"from":[-8,16,7],"to":[-1,22,7],"rotation":{"angle":0,"axis":"y","origin":[-3,20,7]},"faces":{"north":{"uv":[1.25,7,2.125,7.75],"texture":"#1"},"east":{"uv":[0,0,0,0.75],"texture":"#1"},"south":{"uv":[2.125,7,3,7.75],"texture":"#1"},"west":{"uv":[0,0,0,0.75],"texture":"#1"},"up":{"uv":[0.875,0,0,0],"texture":"#1"},"down":{"uv":[0.875,0,0,0],"texture":"#1"}}},{"from":[-8,13,7],"to":[-1,16,7],"rotation":{"angle":22.5,"axis":"x","origin":[-4.5,16,7]},"faces":{"north":{"uv":[2.5,7.75,3.375,8.125],"texture":"#1"},"east":{"uv":[0,0,0,0.375],"texture":"#1"},"south":{"uv":[3.375,7.75,4.25,8.125],"texture":"#1"},"west":{"uv":[0,0,0,0.375],"texture":"#1"},"up":{"uv":[0.875,0,0,0],"texture":"#1"},"down":{"uv":[0.875,0,0,0],"texture":"#1"}}},{"from":[14,0,7],"to":[21,6,7],"rotation":{"angle":0,"axis":"y","origin":[19,4,7]},"faces":{"north":{"uv":[3,7,3.875,7.75],"texture":"#1"},"east":{"uv":[0,0,0,0.75],"texture":"#1"},"south":{"uv":[7.125,5.625,8,6.375],"texture":"#1"},"west":{"uv":[0,0,0,0.75],"texture":"#1"},"up":{"uv":[0.875,0,0,0],"texture":"#1"},"down":{"uv":[0.875,0,0,0],"texture":"#1"}}},{"from":[14,-3,7],"to":[21,0,7],"rotation":{"angle":22.5,"axis":"x","origin":[17.5,0,7]},"faces":{"north":{"uv":[7.125,7.875,8,8.25],"texture":"#1"},"east":{"uv":[0,0,0,0.375],"texture":"#1"},"south":{"uv":[8,2.375,8.875,2.75],"texture":"#1"},"west":{"uv":[0,0,0,0.375],"texture":"#1"},"up":{"uv":[0.875,0,0,0],"texture":"#1"},"down":{"uv":[0.875,0,0,0],"texture":"#1"}}},{"from":[6,14,7],"to":[13,20,7],"rotation":{"angle":0,"axis":"y","origin":[11,18,7]},"faces":{"north":{"uv":[7.125,6.375,8,7.125],"texture":"#1"},"east":{"uv":[0,0,0,0.75],"texture":"#1"},"south":{"uv":[7.125,7.125,8,7.875],"texture":"#1"},"west":{"uv":[0,0,0,0.75],"texture":"#1"},"up":{"uv":[0.875,0,0,0],"texture":"#1"},"down":{"uv":[0.875,0,0,0],"texture":"#1"}}},{"from":[6,11,7],"to":[13,14,7],"rotation":{"angle":22.5,"axis":"x","origin":[9.5,14,7]},"faces":{"north":{"uv":[8,2.75,8.875,3.125],"texture":"#1"},"east":{"uv":[0,0,0,0.375],"texture":"#1"},"south":{"uv":[8,3.125,8.875,3.5],"texture":"#1"},"west":{"uv":[0,0,0,0.375],"texture":"#1"},"up":{"uv":[0.875,0,0,0],"texture":"#1"},"down":{"uv":[0.875,0,0,0],"texture":"#1"}}},{"from":[-6,0,7],"to":[1,9,7],"rotation":{"angle":-22.5,"axis":"z","origin":[-2.5,4.5,7]},"faces":{"north":{"uv":[5.625,2.375,6.5,3.5],"texture":"#1"},"east":{"uv":[0,0,0,1.125],"texture":"#1"},"south":{"uv":[5.625,3.5,6.5,4.625],"texture":"#1"},"west":{"uv":[0,0,0,1.125],"texture":"#1"},"up":{"uv":[0.875,0,0,0],"texture":"#1"},"down":{"uv":[0.875,0,0,0],"texture":"#1"}}},{"from":[16.25,8,7],"to":[23.25,17,7],"rotation":{"angle":22.5,"axis":"z","origin":[19.75,12.5,7]},"faces":{"north":{"uv":[6.5,2.375,7.375,3.5],"texture":"#1"},"east":{"uv":[0,0,0,1.125],"texture":"#1"},"south":{"uv":[6.5,3.5,7.375,4.625],"texture":"#1"},"west":{"uv":[0,0,0,1.125],"texture":"#1"},"up":{"uv":[0.875,0,0,0],"texture":"#1"},"down":{"uv":[0.875,0,0,0],"texture":"#1"}}},{"from":[8,3,7],"to":[13,9,7],"rotation":{"angle":0,"axis":"y","origin":[11,7,7]},"faces":{"north":{"uv":[3.875,7,4.5,7.75],"texture":"#1"},"east":{"uv":[0,0,0,0.75],"texture":"#1"},"south":{"uv":[7.375,2.375,8,3.125],"texture":"#1"},"west":{"uv":[0,0,0,0.75],"texture":"#1"},"up":{"uv":[0.625,0,0,0],"texture":"#1"},"down":{"uv":[0.625,0,0,0],"texture":"#1"}}},{"from":[0,10,7],"to":[5,16,7],"rotation":{"angle":0,"axis":"y","origin":[3,14,7]},"faces":{"north":{"uv":[7.375,3.125,8,3.875],"texture":"#1"},"east":{"uv":[0,0,0,0.75],"texture":"#1"},"south":{"uv":[7.375,3.875,8,4.625],"texture":"#1"},"west":{"uv":[0,0,0,0.75],"texture":"#1"},"up":{"uv":[0.625,0,0,0],"texture":"#1"},"down":{"uv":[0.625,0,0,0],"texture":"#1"}}},{"from":[3,-0.5,7],"to":[7,5.5,7],"rotation":{"angle":0,"axis":"y","origin":[5,3.5,7]},"faces":{"north":{"uv":[1.5,7.75,2,8.5],"texture":"#1"},"east":{"uv":[0,0,0,0.75],"texture":"#1"},"south":{"uv":[2,7.75,2.5,8.5],"texture":"#1"},"west":{"uv":[0,0,0,0.75],"texture":"#1"},"up":{"uv":[0.5,0,0,0],"texture":"#1"},"down":{"uv":[0.5,0,0,0],"texture":"#1"}}},{"from":[15.75,17.5,7],"to":[18.75,21.5,7],"rotation":{"angle":-22.5,"axis":"z","origin":[16.75,21.5,7]},"faces":{"north":{"uv":[8,3.5,8.375,4],"texture":"#1"},"east":{"uv":[0,0,0,0.5],"texture":"#1"},"south":{"uv":[8,4,8.375,4.5],"texture":"#1"},"west":{"uv":[0,0,0,0.5],"texture":"#1"},"up":{"uv":[0.375,0,0,0],"texture":"#1"},"down":{"uv":[0.375,0,0,0],"texture":"#1"}}}],"gui_light":"front","display":{"thirdperson_righthand":{"rotation":[49,0,0],"translation":[-1,0,-0.5],"scale":[0.27,0.27,0.27]},"thirdperson_lefthand":{"rotation":[49,0,0],"translation":[-1,0,-0.5],"scale":[0.27,0.27,0.27]},"firstperson_righthand":{"rotation":[0,78,0],"translation":[0.75,4.75,2.5],"scale":[0.19,0.19,0.19]},"firstperson_lefthand":{"rotation":[0,78,0],"translation":[0.75,4.75,2.5],"scale":[0.19,0.19,0.19]},"ground":{"translation":[0,7.25,0],"scale":[0.26,0.26,0.26]},"gui":{"rotation":[11.75,180,0],"translation":[0,0.5,0],"scale":[0.27,0.27,0.27]},"head":{"scale":[0,0,0]},"fixed":{"rotation":[-90,0,0],"translation":[0,0,-48],"scale":[2,2,2]}},"groups":[{"name":"group","origin":[16.75,21.5,7],"color":0,"children":[0,1,2,3,4,5,6,7,8,9,10,11,12,13,14,15,16,17,18,19,20,21,22,23]}],"mcmodels":"2001bf3a6a296acef32bcc300e868e72"}