{"credit":"Created by Workshop Six","texture_size":[64,64],"textures":{"1":"workshop_six:vanilla_outdoor_furniture/crate_bamboo"},"elements":[{"from":[3,1,3],"to":[13,10,13],"rotation":{"angle":0,"axis":"y","origin":[1,0,0]},"faces":{"north":{"uv":[6,2.5,8.5,4.75],"texture":"#1"},"east":{"uv":[6,2.5,8.5,4.75],"texture":"#1"},"south":{"uv":[6,2.5,8.5,4.75],"texture":"#1"},"west":{"uv":[6,2.5,8.5,4.75],"texture":"#1"},"up":{"uv":[7.5,8.5,5,6],"texture":"#1"},"down":{"uv":[10,5,7.5,7.5],"texture":"#1"}}},{"from":[2,0,2],"to":[14,2,14],"rotation":{"angle":0,"axis":"y","origin":[1,0,0]},"faces":{"north":{"uv":[7.5,7.5,10.5,8],"texture":"#1"},"east":{"uv":[7.5,8,10.5,8.5],"texture":"#1"},"south":{"uv":[0,8.5,3,9],"texture":"#1"},"west":{"uv":[8.5,0,11.5,0.5],"texture":"#1"},"up":{"uv":[3,3,0,0],"texture":"#1"},"down":{"uv":[3,3,0,6],"texture":"#1"}}},{"from":[2,9,2],"to":[14,11,14],"rotation":{"angle":0,"axis":"y","origin":[1,0,0]},"faces":{"north":{"uv":[8.5,0.5,11.5,1],"texture":"#1"},"east":{"uv":[8.5,1,11.5,1.5],"texture":"#1"},"south":{"uv":[8.5,1.5,11.5,2],"texture":"#1"},"west":{"uv":[8.5,2,11.5,2.5],"texture":"#1"},"up":{"uv":[6,3,3,0],"texture":"#1"},"down":{"uv":[6,3,3,6],"texture":"#1"}}},{"from":[2.25,1,2.25],"to":[4.25,10,4.25],"rotation":{"angle":0,"axis":"y","origin":[16,0,0]},"faces":{"north":{"uv":[4.5,8.5,5,10.75],"texture":"#1"},"east":{"uv":[5,8.5,5.5,10.75],"texture":"#1"},"south":{"uv":[5.5,8.5,6,10.75],"texture":"#1"},"west":{"uv":[6,8.5,6.5,10.75],"texture":"#1"},"up":{"uv":[7,5.5,6.5,5],"texture":"#1"},"down":{"uv":[7,5.5,6.5,6],"texture":"#1"}}},{"from":[11.75,1,2.25],"to":[13.75,10,4.25],"faces":{"north":{"uv":[5,8.5,4.5,10.75],"texture":"#1"},"east":{"uv":[6.5,8.5,6,10.75],"texture":"#1"},"south":{"uv":[6,8.5,5.5,10.75],"texture":"#1"},"west":{"uv":[5.5,8.5,5,10.75],"texture":"#1"},"up":{"uv":[6.5,5.5,7,5],"texture":"#1"},"down":{"uv":[6.5,5.5,7,6],"texture":"#1"}}},{"from":[11.75,1,11.75],"to":[13.75,10,13.75],"rotation":{"angle":0,"axis":"y","origin":[0,0,16]},"faces":{"north":{"uv":[5.5,8.5,6,10.75],"texture":"#1"},"east":{"uv":[6,8.5,6.5,10.75],"texture":"#1"},"south":{"uv":[4.5,8.5,5,10.75],"texture":"#1"},"west":{"uv":[5,8.5,5.5,10.75],"texture":"#1"},"up":{"uv":[6.5,5,7,5.5],"texture":"#1"},"down":{"uv":[6.5,6,7,5.5],"texture":"#1"}}},{"from":[2.25,1,11.75],"to":[4.25,10,13.75],"rotation":{"angle":0,"axis":"y","origin":[16,0,16]},"faces":{"north":{"uv":[6,8.5,5.5,10.75],"texture":"#1"},"east":{"uv":[5.5,8.5,5,10.75],"texture":"#1"},"south":{"uv":[5,8.5,4.5,10.75],"texture":"#1"},"west":{"uv":[6.5,8.5,6,10.75],"texture":"#1"},"up":{"uv":[7,5,6.5,5.5],"texture":"#1"},"down":{"uv":[7,6,6.5,5.5],"texture":"#1"}}}],"gui_light":"front","display":{"thirdperson_righthand":{"rotation":[49,0,0],"translation":[-1,0,-0.5],"scale":[0.27,0.27,0.27]},"thirdperson_lefthand":{"rotation":[49,0,0],"translation":[-1,0,-0.5],"scale":[0.27,0.27,0.27]},"firstperson_righthand":{"translation":[0,4.75,1.5],"scale":[0.39,0.39,0.39]},"firstperson_lefthand":{"translation":[0,4.75,1.5],"scale":[0.39,0.39,0.39]},"ground":{"translation":[0,2.25,0],"scale":[0.4,0.4,0.4]},"gui":{"rotation":[11.75,0,0],"translation":[0,1.5,0],"scale":[0.64,0.64,0.64]},"head":{"scale":[0,0,0]},"fixed":{"rotation":[-90,0,0],"translation":[0,0,-16],"scale":[2,2,2]}},"groups":[{"name":"group","origin":[16,0,16],"color":0,"children":[0,1,2,3,4,5,6]}],"mcmodels":"2001bf3a6a296acef32bcc300e868e72"}