{"credit":"Created by Workshop Six","texture_size":[64,64],"textures":{"2":"workshop_six:vanilla_outdoor_furniture/crate_stack_oak","particle":"workshop_six:vanilla_outdoor_furniture/crate_stack_oak"},"elements":[{"from":[-4,1,3],"to":[6,10,13],"rotation":{"angle":0,"axis":"y","origin":[1,0,0]},"faces":{"north":{"uv":[2.5,6,5,8.25],"texture":"#2"},"east":{"uv":[2.5,6,5,8.25],"texture":"#2"},"south":{"uv":[2.5,6,5,8.25],"texture":"#2"},"west":{"uv":[2.5,6,5,8.25],"texture":"#2"},"up":{"uv":[2.5,8.5,0,6],"texture":"#2"},"down":{"uv":[8.5,0,6,2.5],"texture":"#2"}}},{"from":[-5,0,2],"to":[7,2,14],"rotation":{"angle":0,"axis":"y","origin":[1,0,0]},"faces":{"north":{"uv":[6,2.5,9,3],"texture":"#2"},"east":{"uv":[6,3,9,3.5],"texture":"#2"},"south":{"uv":[6,3.5,9,4],"texture":"#2"},"west":{"uv":[6,4,9,4.5],"texture":"#2"},"up":{"uv":[3,3,0,0],"texture":"#2"},"down":{"uv":[3,3,0,6],"texture":"#2"}}},{"from":[-5,9,2],"to":[7,11,14],"rotation":{"angle":0,"axis":"y","origin":[1,0,0]},"faces":{"north":{"uv":[6,4.5,9,5],"texture":"#2"},"east":{"uv":[5,6,8,6.5],"texture":"#2"},"south":{"uv":[6,5,9,5.5],"texture":"#2"},"west":{"uv":[6,5.5,9,6],"texture":"#2"},"up":{"uv":[6,3,3,0],"texture":"#2"},"down":{"uv":[6,3,3,6],"texture":"#2"}}},{"from":[-4.75,1,2.25],"to":[-2.75,10,4.25],"rotation":{"angle":0,"axis":"y","origin":[16,0,0]},"faces":{"north":{"uv":[5,6.5,5.5,8.75],"texture":"#2"},"east":{"uv":[5.5,6.5,6,8.75],"texture":"#2"},"south":{"uv":[6,6.5,6.5,8.75],"texture":"#2"},"west":{"uv":[6.5,6.5,7,8.75],"texture":"#2"},"up":{"uv":[3.5,8.75,3,8.25],"texture":"#2"},"down":{"uv":[4,8.25,3.5,8.75],"texture":"#2"}}},{"from":[4.75,1,2.25],"to":[6.75,10,4.25],"faces":{"north":{"uv":[7,6.5,7.5,8.75],"texture":"#2"},"east":{"uv":[7.5,6.5,8,8.75],"texture":"#2"},"south":{"uv":[8,6,8.5,8.25],"texture":"#2"},"west":{"uv":[2.5,8.25,3,10.5],"texture":"#2"},"up":{"uv":[4.5,8.75,4,8.25],"texture":"#2"},"down":{"uv":[5,8.25,4.5,8.75],"texture":"#2"}}},{"from":[4.75,1,11.75],"to":[6.75,10,13.75],"rotation":{"angle":0,"axis":"y","origin":[0,0,16]},"faces":{"north":{"uv":[6,6.5,6.5,8.75],"texture":"#2"},"east":{"uv":[6.5,6.5,7,8.75],"texture":"#2"},"south":{"uv":[5,6.5,5.5,8.75],"texture":"#2"},"west":{"uv":[5.5,6.5,6,8.75],"texture":"#2"},"up":{"uv":[8.5,8.75,8,8.25],"texture":"#2"},"down":{"uv":[0.5,8.5,0,9],"texture":"#2"}}},{"from":[-4.75,1,11.75],"to":[-2.75,10,13.75],"rotation":{"angle":0,"axis":"y","origin":[16,0,16]},"faces":{"north":{"uv":[8,6,8.5,8.25],"texture":"#2"},"east":{"uv":[2.5,8.25,3,10.5],"texture":"#2"},"south":{"uv":[7,6.5,7.5,8.75],"texture":"#2"},"west":{"uv":[7.5,6.5,8,8.75],"texture":"#2"},"up":{"uv":[9,0.5,8.5,0],"texture":"#2"},"down":{"uv":[1,8.5,0.5,9],"texture":"#2"}}},{"from":[4,12,3],"to":[14,21,13],"rotation":{"angle":22.5,"axis":"y","origin":[9,16.5,8]},"faces":{"north":{"uv":[2.5,6,5,8.25],"texture":"#2"},"east":{"uv":[2.5,6,5,8.25],"texture":"#2"},"south":{"uv":[2.5,6,5,8.25],"texture":"#2"},"west":{"uv":[2.5,6,5,8.25],"texture":"#2"},"up":{"uv":[2.5,8.5,0,6],"texture":"#2"},"down":{"uv":[8.5,0,6,2.5],"texture":"#2"}}},{"from":[3,11,2],"to":[15,13,14],"rotation":{"angle":22.5,"axis":"y","origin":[9,16.5,8]},"faces":{"north":{"uv":[6,2.5,9,3],"texture":"#2"},"east":{"uv":[6,3,9,3.5],"texture":"#2"},"south":{"uv":[6,3.5,9,4],"texture":"#2"},"west":{"uv":[6,4,9,4.5],"texture":"#2"},"up":{"uv":[3,3,0,0],"texture":"#2"},"down":{"uv":[3,3,0,6],"texture":"#2"}}},{"from":[3,20,2],"to":[15,22,14],"rotation":{"angle":22.5,"axis":"y","origin":[9,16.5,8]},"faces":{"north":{"uv":[6,4.5,9,5],"texture":"#2"},"east":{"uv":[5,6,8,6.5],"texture":"#2"},"south":{"uv":[6,5,9,5.5],"texture":"#2"},"west":{"uv":[6,5.5,9,6],"texture":"#2"},"up":{"uv":[6,3,3,0],"texture":"#2"},"down":{"uv":[6,3,3,6],"texture":"#2"}}},{"from":[3.25,12,2.25],"to":[5.25,21,4.25],"rotation":{"angle":22.5,"axis":"y","origin":[9,16.5,8]},"faces":{"north":{"uv":[5,6.5,5.5,8.75],"texture":"#2"},"east":{"uv":[5.5,6.5,6,8.75],"texture":"#2"},"south":{"uv":[6,6.5,6.5,8.75],"texture":"#2"},"west":{"uv":[6.5,6.5,7,8.75],"texture":"#2"},"up":{"uv":[3.5,8.75,3,8.25],"texture":"#2"},"down":{"uv":[4,8.25,3.5,8.75],"texture":"#2"}}},{"from":[12.75,12,2.25],"to":[14.75,21,4.25],"rotation":{"angle":22.5,"axis":"y","origin":[9,16.5,8]},"faces":{"north":{"uv":[7,6.5,7.5,8.75],"texture":"#2"},"east":{"uv":[7.5,6.5,8,8.75],"texture":"#2"},"south":{"uv":[8,6,8.5,8.25],"texture":"#2"},"west":{"uv":[2.5,8.25,3,10.5],"texture":"#2"},"up":{"uv":[4.5,8.75,4,8.25],"texture":"#2"},"down":{"uv":[5,8.25,4.5,8.75],"texture":"#2"}}},{"from":[12.75,12,11.75],"to":[14.75,21,13.75],"rotation":{"angle":22.5,"axis":"y","origin":[9,16.5,8]},"faces":{"north":{"uv":[6,6.5,6.5,8.75],"texture":"#2"},"east":{"uv":[6.5,6.5,7,8.75],"texture":"#2"},"south":{"uv":[5,6.5,5.5,8.75],"texture":"#2"},"west":{"uv":[5.5,6.5,6,8.75],"texture":"#2"},"up":{"uv":[8.5,8.75,8,8.25],"texture":"#2"},"down":{"uv":[0.5,8.5,0,9],"texture":"#2"}}},{"from":[3.25,12,11.75],"to":[5.25,21,13.75],"rotation":{"angle":22.5,"axis":"y","origin":[9,16.5,8]},"faces":{"north":{"uv":[8,6,8.5,8.25],"texture":"#2"},"east":{"uv":[2.5,8.25,3,10.5],"texture":"#2"},"south":{"uv":[7,6.5,7.5,8.75],"texture":"#2"},"west":{"uv":[7.5,6.5,8,8.75],"texture":"#2"},"up":{"uv":[9,0.5,8.5,0],"texture":"#2"},"down":{"uv":[1,8.5,0.5,9],"texture":"#2"}}},{"from":[11.25,1,2],"to":[21.25,10,12],"rotation":{"angle":-22.5,"axis":"y","origin":[14,5.5,7]},"faces":{"north":{"uv":[2.5,6,5,8.25],"texture":"#2"},"east":{"uv":[2.5,6,5,8.25],"texture":"#2"},"south":{"uv":[2.5,6,5,8.25],"texture":"#2"},"west":{"uv":[2.5,6,5,8.25],"texture":"#2"},"up":{"uv":[2.5,8.5,0,6],"texture":"#2"},"down":{"uv":[8.5,0,6,2.5],"texture":"#2"}}},{"from":[10.25,0,1],"to":[22.25,2,13],"rotation":{"angle":-22.5,"axis":"y","origin":[14,5.5,7]},"faces":{"north":{"uv":[6,2.5,9,3],"texture":"#2"},"east":{"uv":[6,3,9,3.5],"texture":"#2"},"south":{"uv":[6,3.5,9,4],"texture":"#2"},"west":{"uv":[6,4,9,4.5],"texture":"#2"},"up":{"uv":[3,3,0,0],"texture":"#2"},"down":{"uv":[3,3,0,6],"texture":"#2"}}},{"from":[10.25,9,1],"to":[22.25,11,13],"rotation":{"angle":-22.5,"axis":"y","origin":[14,5.5,7]},"faces":{"north":{"uv":[6,4.5,9,5],"texture":"#2"},"east":{"uv":[5,6,8,6.5],"texture":"#2"},"south":{"uv":[6,5,9,5.5],"texture":"#2"},"west":{"uv":[6,5.5,9,6],"texture":"#2"},"up":{"uv":[6,3,3,0],"texture":"#2"},"down":{"uv":[6,3,3,6],"texture":"#2"}}},{"from":[10.5,1,1.25],"to":[12.5,10,3.25],"rotation":{"angle":-22.5,"axis":"y","origin":[14,5.5,7]},"faces":{"north":{"uv":[5,6.5,5.5,8.75],"texture":"#2"},"east":{"uv":[5.5,6.5,6,8.75],"texture":"#2"},"south":{"uv":[6,6.5,6.5,8.75],"texture":"#2"},"west":{"uv":[6.5,6.5,7,8.75],"texture":"#2"},"up":{"uv":[3.5,8.75,3,8.25],"texture":"#2"},"down":{"uv":[4,8.25,3.5,8.75],"texture":"#2"}}},{"from":[20,1,1.25],"to":[22,10,3.25],"rotation":{"angle":-22.5,"axis":"y","origin":[14,5.5,7]},"faces":{"north":{"uv":[7,6.5,7.5,8.75],"texture":"#2"},"east":{"uv":[7.5,6.5,8,8.75],"texture":"#2"},"south":{"uv":[8,6,8.5,8.25],"texture":"#2"},"west":{"uv":[2.5,8.25,3,10.5],"texture":"#2"},"up":{"uv":[4.5,8.75,4,8.25],"texture":"#2"},"down":{"uv":[5,8.25,4.5,8.75],"texture":"#2"}}},{"from":[10.5,1,10.75],"to":[12.5,10,12.75],"rotation":{"angle":-22.5,"axis":"y","origin":[14,5.5,7]},"faces":{"north":{"uv":[8,6,8.5,8.25],"texture":"#2"},"east":{"uv":[2.5,8.25,3,10.5],"texture":"#2"},"south":{"uv":[7,6.5,7.5,8.75],"texture":"#2"},"west":{"uv":[7.5,6.5,8,8.75],"texture":"#2"},"up":{"uv":[9,0.5,8.5,0],"texture":"#2"},"down":{"uv":[1,8.5,0.5,9],"texture":"#2"}}},{"from":[20,1,10.75],"to":[22,10,12.75],"rotation":{"angle":-22.5,"axis":"y","origin":[14,5.5,7]},"faces":{"north":{"uv":[6,6.5,6.5,8.75],"texture":"#2"},"east":{"uv":[6.5,6.5,7,8.75],"texture":"#2"},"south":{"uv":[5,6.5,5.5,8.75],"texture":"#2"},"west":{"uv":[5.5,6.5,6,8.75],"texture":"#2"},"up":{"uv":[8.5,8.75,8,8.25],"texture":"#2"},"down":{"uv":[0.5,8.5,0,9],"texture":"#2"}}}],"gui_light":"front","display":{"thirdperson_righthand":{"rotation":[49,0,0],"translation":[-1,0,-0.5],"scale":[0.27,0.27,0.27]},"thirdperson_lefthand":{"rotation":[49,0,0],"translation":[-1,0,-0.5],"scale":[0.27,0.27,0.27]},"firstperson_righthand":{"translation":[0,4.75,1.5],"scale":[0.39,0.39,0.39]},"firstperson_lefthand":{"translation":[0,4.75,1.5],"scale":[0.39,0.39,0.39]},"ground":{"translation":[0,2.25,0],"scale":[0.4,0.4,0.4]},"gui":{"rotation":[11.75,0,0],"translation":[-0.75,-1,0],"scale":[0.51,0.51,0.51]},"head":{"scale":[0,0,0]},"fixed":{"rotation":[-90,0,0],"translation":[0,0,-16],"scale":[2,2,2]}},"groups":[{"name":"group","origin":[16,0,16],"color":0,"children":[0,1,2,3,4,5,6,7,8,9,10,11,12,13,14,15,16,17,18,19,20]}],"mcmodels":"2001bf3a6a296acef32bcc300e868e72"}