{"credit":"Created by Workshop Six","texture_size":[64,64],"textures":{"0":"workshop_six:vanilla_outdoor_furniture/lamppost_oak","particle":"workshop_six:vanilla_outdoor_furniture/lamppost_oak"},"elements":[{"from":[6.5,-14,6.5],"to":[9.5,32,9.5],"rotation":{"angle":0,"axis":"y","origin":[7.5,1,6.5]},"faces":{"north":{"uv":[0,0,0.75,11.5],"texture":"#0"},"east":{"uv":[3,0,2.25,11.5],"texture":"#0"},"south":{"uv":[1.5,0,2.25,11.5],"texture":"#0"},"west":{"uv":[2.25,0,3,11.5],"texture":"#0"},"up":{"uv":[8,5.25,7.25,4.5],"texture":"#0"},"down":{"uv":[4.75,7.5,4,8.25],"texture":"#0"}}},{"from":[6,-16,6],"to":[10,-14,10],"rotation":{"angle":0,"axis":"y","origin":[8,0,6]},"faces":{"north":{"uv":[8,6.75,9,7.25],"texture":"#0"},"east":{"uv":[8,7.25,9,7.75],"texture":"#0"},"south":{"uv":[8,7.75,9,8.25],"texture":"#0"},"west":{"uv":[8.25,2.5,9.25,3],"texture":"#0"},"up":{"uv":[7,7.25,6,6.25],"texture":"#0"},"down":{"uv":[7.5,1.5,6.5,2.5],"texture":"#0"}}},{"from":[6,-1,6],"to":[10,1,10],"rotation":{"angle":0,"axis":"y","origin":[8,15,6]},"faces":{"north":{"uv":[8,6.75,9,7.25],"texture":"#0"},"east":{"uv":[8,7.25,9,7.75],"texture":"#0"},"south":{"uv":[8,7.75,9,8.25],"texture":"#0"},"west":{"uv":[8.25,2.5,9.25,3],"texture":"#0"},"up":{"uv":[7,7.25,6,6.25],"texture":"#0"},"down":{"uv":[7.5,1.5,6.5,2.5],"texture":"#0"}}},{"from":[6,26.5,6],"to":[10,30.5,10],"rotation":{"angle":0,"axis":"y","origin":[8.5,43,6.5]},"faces":{"north":{"uv":[3,6.5,4,7.5],"texture":"#0"},"east":{"uv":[4,6.5,5,7.5],"texture":"#0"},"south":{"uv":[5,6.5,6,7.5],"texture":"#0"},"west":{"uv":[7,6.25,8,7.25],"texture":"#0"},"up":{"uv":[8.25,3.5,7.25,2.5],"texture":"#0"},"down":{"uv":[8.25,3.5,7.25,4.5],"texture":"#0"}}},{"from":[7,27,-8],"to":[9,30,12],"rotation":{"angle":0,"axis":"y","origin":[7,27.5,6]},"faces":{"north":{"uv":[5.25,8.25,5.75,9],"texture":"#0"},"east":{"uv":[8,0.75,3,1.5],"texture":"#0"},"south":{"uv":[8.25,5.5,8.75,6.25],"texture":"#0"},"west":{"uv":[3,0.75,8,1.5],"texture":"#0"},"up":{"uv":[3.5,6.5,3,1.5],"texture":"#0"},"down":{"uv":[4,1.5,3.5,6.5],"texture":"#0"}}},{"from":[6,26.5,-6.5],"to":[10,30.5,-4.5],"rotation":{"angle":0,"axis":"y","origin":[8.5,43,-6]},"faces":{"north":{"uv":[6,7.25,7,8.25],"texture":"#0"},"east":{"uv":[8.25,3,8.75,4],"texture":"#0"},"south":{"uv":[7,7.25,8,8.25],"texture":"#0"},"west":{"uv":[4,8.25,4.5,9.25],"texture":"#0"},"up":{"uv":[9.25,4.5,8.25,4],"texture":"#0"},"down":{"uv":[9.25,5,8.25,5.5],"texture":"#0"}}},{"from":[7.5,20.5,-1],"to":[8.5,22.5,8],"rotation":{"angle":45,"axis":"x","origin":[8,21.5,8]},"faces":{"north":{"uv":[8.75,5.5,9,6],"texture":"#0"},"east":{"uv":[6,5.25,8.25,5.75],"texture":"#0"},"south":{"uv":[8.75,8.5,9,9],"texture":"#0"},"west":{"uv":[6,5.75,8.25,6.25],"texture":"#0"},"up":{"uv":[5,9.75,4.75,7.5],"texture":"#0"},"down":{"uv":[5.25,7.5,5,9.75],"texture":"#0"}}},{"from":[8,23.5,-6],"to":[8,26.5,-5],"rotation":{"angle":0,"axis":"y","origin":[7,24.5,-6.5]},"faces":{"north":{"uv":[0,0,0,0.75],"texture":"#0"},"east":{"uv":[8.5,8.5,8.75,9.25],"texture":"#0"},"south":{"uv":[0,0,0,0.75],"texture":"#0"},"west":{"uv":[8.75,0,9,0.75],"texture":"#0"},"up":{"uv":[0,0.25,0,0],"texture":"#0"},"down":{"uv":[0,0,0,0.25],"texture":"#0"}}},{"from":[7,22.5,-6],"to":[9,23.5,-5],"rotation":{"angle":0,"axis":"y","origin":[7.5,21.5,-6.5]},"faces":{"north":{"uv":[8.75,3.75,9.25,4],"texture":"#0"},"east":{"uv":[8,5,8.25,5.25],"texture":"#0"},"south":{"uv":[8.75,6,9.25,6.25],"texture":"#0"},"west":{"uv":[9,0.5,9.25,0.75],"texture":"#0"},"up":{"uv":[9.5,0.25,9,0],"texture":"#0"},"down":{"uv":[9.5,0.25,9,0.5],"texture":"#0"}}},{"from":[6.5,22,-7],"to":[9.5,23,-4],"rotation":{"angle":0,"axis":"y","origin":[6,21,-7.5]},"faces":{"north":{"uv":[6.5,2.5,7.25,2.75],"texture":"#0"},"east":{"uv":[8.75,3,9.5,3.25],"texture":"#0"},"south":{"uv":[8.75,3.25,9.5,3.5],"texture":"#0"},"west":{"uv":[8.75,3.5,9.5,3.75],"texture":"#0"},"up":{"uv":[6,8.25,5.25,7.5],"texture":"#0"},"down":{"uv":[8.75,0,8,0.75],"texture":"#0"}}},{"from":[5.5,21,-8],"to":[10.5,22,-3],"rotation":{"angle":0,"axis":"y","origin":[7,20,-6.5]},"faces":{"north":{"uv":[8,1.25,9.25,1.5],"texture":"#0"},"east":{"uv":[5.75,8.25,7,8.5],"texture":"#0"},"south":{"uv":[7,8.25,8.25,8.5],"texture":"#0"},"west":{"uv":[8.25,8.25,9.5,8.5],"texture":"#0"},"up":{"uv":[5.25,2.75,4,1.5],"texture":"#0"},"down":{"uv":[5.25,2.75,4,4],"texture":"#0"}}},{"from":[5.5,15,-8],"to":[10.5,16,-3],"rotation":{"angle":0,"axis":"y","origin":[7,14,-6.5]},"faces":{"north":{"uv":[8.5,1.5,9.75,1.75],"texture":"#0"},"east":{"uv":[8.5,1.75,9.75,2],"texture":"#0"},"south":{"uv":[8.5,2,9.75,2.25],"texture":"#0"},"west":{"uv":[8.5,2.25,9.75,2.5],"texture":"#0"},"up":{"uv":[5.25,5.25,4,4],"texture":"#0"},"down":{"uv":[6.5,1.5,5.25,2.75],"texture":"#0"}}},{"from":[9.25,16,-7.75],"to":[10.25,21,-6.75],"rotation":{"angle":0,"axis":"y","origin":[6.75,19,-6.25]},"faces":{"north":{"uv":[4.5,8.25,4.75,9.5],"texture":"#0"},"east":{"uv":[3,8.5,3.25,9.75],"texture":"#0"},"south":{"uv":[3.25,8.5,3.5,9.75],"texture":"#0"},"west":{"uv":[3.5,8.5,3.75,9.75],"texture":"#0"},"up":{"uv":[9.25,1,9,0.75],"texture":"#0"},"down":{"uv":[9.25,1,9,1.25],"texture":"#0"}}},{"from":[5.75,16,-7.75],"to":[6.75,21,-6.75],"rotation":{"angle":0,"axis":"y","origin":[3.25,19,-6.25]},"faces":{"north":{"uv":[3.75,8.5,4,9.75],"texture":"#0"},"east":{"uv":[5.75,8.5,6,9.75],"texture":"#0"},"south":{"uv":[6,8.5,6.25,9.75],"texture":"#0"},"west":{"uv":[6.25,8.5,6.5,9.75],"texture":"#0"},"up":{"uv":[9.25,4.75,9,4.5],"texture":"#0"},"down":{"uv":[9.25,4.75,9,5],"texture":"#0"}}},{"from":[9.25,16,-4.25],"to":[10.25,21,-3.25],"rotation":{"angle":0,"axis":"y","origin":[6.75,19,-2.75]},"faces":{"north":{"uv":[6.5,8.5,6.75,9.75],"texture":"#0"},"east":{"uv":[6.75,8.5,7,9.75],"texture":"#0"},"south":{"uv":[7,8.5,7.25,9.75],"texture":"#0"},"west":{"uv":[7.25,8.5,7.5,9.75],"texture":"#0"},"up":{"uv":[5.5,9.25,5.25,9],"texture":"#0"},"down":{"uv":[5.75,9,5.5,9.25],"texture":"#0"}}},{"from":[5.75,16,-4.25],"to":[6.75,21,-3.25],"rotation":{"angle":0,"axis":"y","origin":[3.25,19,-2.75]},"faces":{"north":{"uv":[7.5,8.5,7.75,9.75],"texture":"#0"},"east":{"uv":[7.75,8.5,8,9.75],"texture":"#0"},"south":{"uv":[8,8.5,8.25,9.75],"texture":"#0"},"west":{"uv":[8.25,8.5,8.5,9.75],"texture":"#0"},"up":{"uv":[9.25,5.75,9,5.5],"texture":"#0"},"down":{"uv":[9.25,5.75,9,6],"texture":"#0"}}},{"from":[6,16,-7.5],"to":[10,21,-3.5],"rotation":{"angle":0,"axis":"y","origin":[6.5,15,-7]},"faces":{"north":{"uv":[4,5.25,5,6.5],"texture":"#0"},"east":{"uv":[4,5.25,5,6.5],"texture":"#0"},"south":{"uv":[4,5.25,5,6.5],"texture":"#0"},"west":{"uv":[4,5.25,5,6.5],"texture":"#0"},"up":{"uv":[8.5,2.5,7.5,1.5],"texture":"#0"},"down":{"uv":[4,7.5,3,8.5],"texture":"#0"}}}],"gui_light":"front","display":{"thirdperson_righthand":{"rotation":[49,0,0],"translation":[-1,0,-0.5],"scale":[0.27,0.27,0.27]},"thirdperson_lefthand":{"rotation":[49,0,0],"translation":[-1,0,-0.5],"scale":[0.27,0.27,0.27]},"firstperson_righthand":{"translation":[0,4.75,1.5],"scale":[0.39,0.39,0.39]},"firstperson_lefthand":{"translation":[0,4.75,1.5],"scale":[0.39,0.39,0.39]},"ground":{"translation":[0,10.5,0],"scale":[0.4,0.4,0.4]},"gui":{"rotation":[11.75,-90,0],"translation":[-1.5,0,0],"scale":[0.32,0.32,0.32]},"head":{"scale":[0,0,0]},"fixed":{"rotation":[-90,0,0],"translation":[0,0,-48],"scale":[2,2,2]}},"groups":[{"name":"group","origin":[6.5,15,-7],"color":0,"children":[0,1,2,3,4,5,6,7,8,9,10,11,12,13,14,15,16]}],"mcmodels":"2001bf3a6a296acef32bcc300e868e72"}