{"credit":"Created by Workshop Six","texture_size":[32,32],"textures":{"2":"workshop_six:vanilla_outdoor_furniture/lantern_post_cherry","particle":"workshop_six:vanilla_outdoor_furniture/lantern_post_cherry"},"elements":[{"from":[7,27.5,7.5],"to":[9,28.5,8.5],"rotation":{"angle":0,"axis":"y","origin":[8,20.75,8]},"faces":{"north":{"uv":[11,1,12,1.5],"texture":"#2"},"east":{"uv":[6,7.5,6.5,8],"texture":"#2"},"south":{"uv":[11,1.5,12,2],"texture":"#2"},"west":{"uv":[6,8,6.5,8.5],"texture":"#2"},"up":{"uv":[7,11.5,6,11],"texture":"#2"},"down":{"uv":[8,11,7,11.5],"texture":"#2"}}},{"from":[6.5,27,6.5],"to":[9.5,28,9.5],"rotation":{"angle":0,"axis":"y","origin":[8,20.75,8]},"faces":{"north":{"uv":[6,10.5,7.5,11],"texture":"#2"},"east":{"uv":[10.5,6.5,12,7],"texture":"#2"},"south":{"uv":[10.5,7,12,7.5],"texture":"#2"},"west":{"uv":[10.5,7.5,12,8],"texture":"#2"},"up":{"uv":[3.5,10,2,8.5],"texture":"#2"},"down":{"uv":[10,2.5,8.5,4],"texture":"#2"}}},{"from":[5.5,26,5.5],"to":[10.5,27,10.5],"rotation":{"angle":0,"axis":"y","origin":[8,20.75,8]},"faces":{"north":{"uv":[9,2,11.5,2.5],"texture":"#2"},"east":{"uv":[10,2.5,12.5,3],"texture":"#2"},"south":{"uv":[10,3,12.5,3.5],"texture":"#2"},"west":{"uv":[10,3.5,12.5,4],"texture":"#2"},"up":{"uv":[6.5,2.5,4,0],"texture":"#2"},"down":{"uv":[6.5,2.5,4,5],"texture":"#2"}}},{"from":[5.5,20,5.5],"to":[10.5,21,10.5],"rotation":{"angle":0,"axis":"y","origin":[8,20.75,8]},"faces":{"north":{"uv":[10,4,12.5,4.5],"texture":"#2"},"east":{"uv":[10,4.5,12.5,5],"texture":"#2"},"south":{"uv":[10,5,12.5,5.5],"texture":"#2"},"west":{"uv":[5.5,10,8,10.5],"texture":"#2"},"up":{"uv":[6.5,7.5,4,5],"texture":"#2"},"down":{"uv":[9,0,6.5,2.5],"texture":"#2"}}},{"from":[9.25,21,5.75],"to":[10.25,26,6.75],"rotation":{"angle":0,"axis":"y","origin":[8,20.75,8]},"faces":{"north":{"uv":[8,9,8.5,11.5],"texture":"#2"},"east":{"uv":[2,10,2.5,12.5],"texture":"#2"},"south":{"uv":[2.5,10,3,12.5],"texture":"#2"},"west":{"uv":[3,10,3.5,12.5],"texture":"#2"},"up":{"uv":[4,9,3.5,8.5],"texture":"#2"},"down":{"uv":[6.5,8.5,6,9],"texture":"#2"}}},{"from":[5.75,21,5.75],"to":[6.75,26,6.75],"rotation":{"angle":0,"axis":"y","origin":[8,20.75,8]},"faces":{"north":{"uv":[10,5.5,10.5,8],"texture":"#2"},"east":{"uv":[10,8,10.5,10.5],"texture":"#2"},"south":{"uv":[8.5,10,9,12.5],"texture":"#2"},"west":{"uv":[9,10,9.5,12.5],"texture":"#2"},"up":{"uv":[4,9.5,3.5,9],"texture":"#2"},"down":{"uv":[6,9.5,5.5,10],"texture":"#2"}}},{"from":[9.25,21,9.25],"to":[10.25,26,10.25],"rotation":{"angle":0,"axis":"y","origin":[8,20.75,8]},"faces":{"north":{"uv":[9.5,10,10,12.5],"texture":"#2"},"east":{"uv":[0,10.5,0.5,13],"texture":"#2"},"south":{"uv":[0.5,10.5,1,13],"texture":"#2"},"west":{"uv":[1,10.5,1.5,13],"texture":"#2"},"up":{"uv":[8,11,7.5,10.5],"texture":"#2"},"down":{"uv":[10.5,11,10,11.5],"texture":"#2"}}},{"from":[5.75,21,9.25],"to":[6.75,26,10.25],"rotation":{"angle":0,"axis":"y","origin":[8,20.75,8]},"faces":{"north":{"uv":[1.5,10.5,2,13],"texture":"#2"},"east":{"uv":[3.5,10.5,4,13],"texture":"#2"},"south":{"uv":[4,10.5,4.5,13],"texture":"#2"},"west":{"uv":[4.5,10.5,5,13],"texture":"#2"},"up":{"uv":[11,11.5,10.5,11],"texture":"#2"},"down":{"uv":[11.5,11,11,11.5],"texture":"#2"}}},{"from":[6,21,6],"to":[10,26,10],"rotation":{"angle":0,"axis":"y","origin":[8,20.75,8]},"faces":{"north":{"uv":[6.5,2.5,8.5,5],"texture":"#2"},"east":{"uv":[6.5,2.5,8.5,5],"texture":"#2"},"south":{"uv":[6.5,2.5,8.5,5],"texture":"#2"},"west":{"uv":[6.5,2.5,8.5,5],"texture":"#2"},"up":{"uv":[8.5,7,6.5,5],"texture":"#2"},"down":{"uv":[8.5,7,6.5,9],"texture":"#2"}}},{"from":[6.5,19,6.5],"to":[9.5,20,9.5],"rotation":{"angle":0,"axis":"y","origin":[8,20.75,8]},"faces":{"north":{"uv":[10.5,8,12,8.5],"texture":"#2"},"east":{"uv":[10.5,8.5,12,9],"texture":"#2"},"south":{"uv":[10.5,9,12,9.5],"texture":"#2"},"west":{"uv":[10.5,9.5,12,10],"texture":"#2"},"up":{"uv":[10,5.5,8.5,4],"texture":"#2"},"down":{"uv":[10,5.5,8.5,7],"texture":"#2"}}},{"from":[7,2,7],"to":[9,19,9],"rotation":{"angle":0,"axis":"y","origin":[8,20.75,8]},"faces":{"north":{"uv":[0,0,1,8.5],"texture":"#2"},"east":{"uv":[1,0,2,8.5],"texture":"#2"},"south":{"uv":[2,0,3,8.5],"texture":"#2"},"west":{"uv":[3,0,4,8.5],"texture":"#2"},"up":{"uv":[6,11.5,5,10.5],"texture":"#2"},"down":{"uv":[11.5,5.5,10.5,6.5],"texture":"#2"}}},{"from":[6.5,16,6.5],"to":[9.5,17,9.5],"rotation":{"angle":0,"axis":"y","origin":[7.5,15,7.5]},"faces":{"north":{"uv":[10,10.5,11.5,11],"texture":"#2"},"east":{"uv":[10.5,10,12,10.5],"texture":"#2"},"south":{"uv":[11,0,12.5,0.5],"texture":"#2"},"west":{"uv":[11,0.5,12.5,1],"texture":"#2"},"up":{"uv":[10,8.5,8.5,7],"texture":"#2"},"down":{"uv":[10,8.5,8.5,10],"texture":"#2"}}},{"from":[6.5,2,6.5],"to":[9.5,3,9.5],"rotation":{"angle":0,"axis":"y","origin":[7.5,1,7.5]},"faces":{"north":{"uv":[10,10.5,11.5,11],"texture":"#2"},"east":{"uv":[10.5,10,12,10.5],"texture":"#2"},"south":{"uv":[11,0,12.5,0.5],"texture":"#2"},"west":{"uv":[11,0.5,12.5,1],"texture":"#2"},"up":{"uv":[10,8.5,8.5,7],"texture":"#2"},"down":{"uv":[10,8.5,8.5,10],"texture":"#2"}}},{"from":[6,0,6],"to":[10,2,10],"rotation":{"angle":0,"axis":"y","origin":[7,0,6]},"faces":{"north":{"uv":[9,0,11,1],"texture":"#2"},"east":{"uv":[9,1,11,2],"texture":"#2"},"south":{"uv":[6,9,8,10],"texture":"#2"},"west":{"uv":[3.5,9.5,5.5,10.5],"texture":"#2"},"up":{"uv":[6,9.5,4,7.5],"texture":"#2"},"down":{"uv":[2,8.5,0,10.5],"texture":"#2"}}}],"gui_light":"front","display":{"thirdperson_righthand":{"rotation":[49,0,0],"translation":[-1,0,-0.5],"scale":[0.27,0.27,0.27]},"thirdperson_lefthand":{"rotation":[49,0,0],"translation":[-1,0,-0.5],"scale":[0.27,0.27,0.27]},"firstperson_righthand":{"translation":[2.25,2.5,1.5],"scale":[0.39,0.39,0.39]},"firstperson_lefthand":{"translation":[2.25,2.5,1.5],"scale":[0.39,0.39,0.39]},"ground":{"translation":[0,2.25,0],"scale":[0.4,0.4,0.4]},"gui":{"rotation":[11.75,180,0],"translation":[0,-2.5,0],"scale":[0.47,0.47,0.47]},"head":{"scale":[0,0,0]},"fixed":{"rotation":[-90,0,0],"translation":[0,0,-16],"scale":[2,2,2]}},"groups":[{"name":"group","origin":[7,0,6],"color":0,"children":[0,1,2,3,4,5,6,7,8,9,10,11,12,13]}],"mcmodels":"2001bf3a6a296acef32bcc300e868e72"}