{"credit":"Created by Workshop Six","texture_size":[128,128],"textures":{"0":"workshop_six:vanilla_outdoor_furniture/large_crate_warped","particle":"workshop_six:vanilla_outdoor_furniture/large_crate_warped"},"elements":[{"from":[0,1,0],"to":[16,17,16],"faces":{"north":{"uv":[0,4.75,2,6.75],"texture":"#0"},"east":{"uv":[0,4.75,2,6.75],"texture":"#0"},"south":{"uv":[0,4.75,2,6.75],"texture":"#0"},"west":{"uv":[0,4.75,2,6.75],"texture":"#0"},"up":{"uv":[6,6.75,4,4.75],"texture":"#0"},"down":{"uv":[8,4,6,6],"texture":"#0"}}},{"from":[-1,2,-1],"to":[1,16,1],"faces":{"north":{"uv":[3.125,6.75,3.375,8.5],"texture":"#0"},"east":{"uv":[3.375,6.75,3.625,8.5],"texture":"#0"},"south":{"uv":[3.625,6.75,3.875,8.5],"texture":"#0"},"west":{"uv":[3.875,6.75,4.125,8.5],"texture":"#0"},"up":{"uv":[5,4.75,4.75,4.5],"texture":"#0"},"down":{"uv":[5.25,4,5,4.25],"texture":"#0"}}},{"from":[15,2,-1],"to":[17,16,1],"rotation":{"angle":0,"axis":"y","origin":[16,0,0]},"faces":{"north":{"uv":[3.375,6.75,3.125,8.5],"texture":"#0"},"east":{"uv":[4.125,6.75,3.875,8.5],"texture":"#0"},"south":{"uv":[3.875,6.75,3.625,8.5],"texture":"#0"},"west":{"uv":[3.625,6.75,3.375,8.5],"texture":"#0"},"up":{"uv":[4.75,4.75,5,4.5],"texture":"#0"},"down":{"uv":[5,4,5.25,4.25],"texture":"#0"}}},{"from":[-1,2,15],"to":[1,16,17],"rotation":{"angle":0,"axis":"y","origin":[0,0,16]},"faces":{"north":{"uv":[3.875,6.75,3.625,8.5],"texture":"#0"},"east":{"uv":[3.625,6.75,3.375,8.5],"texture":"#0"},"south":{"uv":[3.375,6.75,3.125,8.5],"texture":"#0"},"west":{"uv":[4.125,6.75,3.875,8.5],"texture":"#0"},"up":{"uv":[5,4.5,4.75,4.75],"texture":"#0"},"down":{"uv":[5.25,4.25,5,4],"texture":"#0"}}},{"from":[15,2,15],"to":[17,16,17],"rotation":{"angle":0,"axis":"y","origin":[16,0,16]},"faces":{"north":{"uv":[3.625,6.75,3.875,8.5],"texture":"#0"},"east":{"uv":[3.875,6.75,4.125,8.5],"texture":"#0"},"south":{"uv":[3.125,6.75,3.375,8.5],"texture":"#0"},"west":{"uv":[3.375,6.75,3.625,8.5],"texture":"#0"},"up":{"uv":[4.75,4.5,5,4.75],"texture":"#0"},"down":{"uv":[5,4.25,5.25,4],"texture":"#0"}}},{"from":[-1.5,0,-1.5],"to":[17.5,2,17.5],"faces":{"north":{"uv":[0,6.75,2.375,7],"texture":"#0"},"east":{"uv":[6.75,0,9.125,0.25],"texture":"#0"},"south":{"uv":[6.75,0.25,9.125,0.5],"texture":"#0"},"west":{"uv":[6.75,0.5,9.125,0.75],"texture":"#0"},"up":{"uv":[2.375,2.375,0,0],"texture":"#0"},"down":{"uv":[2.375,2.375,0,4.75],"texture":"#0"}}},{"from":[-5.75,-0.5,-0.5],"to":[15.25,2.5,0.5],"rotation":{"angle":-45,"axis":"z","origin":[16,1,0.5]},"faces":{"north":{"uv":[6,6,8.625,6.375],"texture":"#0"},"east":{"uv":[5,4.25,5.125,4.625],"texture":"#0"},"south":{"uv":[6,6.375,8.625,6.75],"texture":"#0"},"west":{"uv":[5.125,4.25,5.25,4.625],"texture":"#0"},"up":{"uv":[9.375,3.625,6.75,3.5],"texture":"#0"},"down":{"uv":[9.375,3.625,6.75,3.75],"texture":"#0"}}},{"from":[0.75,-0.5,15.5],"to":[21.75,2.5,16.5],"rotation":{"angle":45,"axis":"z","origin":[0,1,15.5]},"faces":{"north":{"uv":[6,6.375,8.625,6.75],"texture":"#0"},"east":{"uv":[5.125,4.25,5.25,4.625],"texture":"#0"},"south":{"uv":[6,6,8.625,6.375],"texture":"#0"},"west":{"uv":[5,4.25,5.125,4.625],"texture":"#0"},"up":{"uv":[6.75,3.5,9.375,3.625],"texture":"#0"},"down":{"uv":[6.75,3.75,9.375,3.625],"texture":"#0"}}},{"from":[-0.5,7.48681,-2.53185],"to":[0.5,10.48681,18.46815],"rotation":{"angle":-45,"axis":"x","origin":[8,8.95495,8]},"faces":{"north":{"uv":[5,4.25,5.125,4.625],"texture":"#0"},"east":{"uv":[6,6.375,8.625,6.75],"texture":"#0"},"south":{"uv":[5.125,4.25,5.25,4.625],"texture":"#0"},"west":{"uv":[6,6,8.625,6.375],"texture":"#0"},"up":{"uv":[6.75,3.5,9.375,3.625],"rotation":90,"texture":"#0"},"down":{"uv":[6.75,3.75,9.375,3.625],"rotation":270,"texture":"#0"}}},{"from":[15.5,7.48681,-2.46815],"to":[16.5,10.48681,18.53185],"rotation":{"angle":45,"axis":"x","origin":[8,8.95495,8]},"faces":{"north":{"uv":[5.125,4.25,5.25,4.625],"texture":"#0"},"east":{"uv":[6,6,8.625,6.375],"texture":"#0"},"south":{"uv":[5,4.25,5.125,4.625],"texture":"#0"},"west":{"uv":[6,6.375,8.625,6.75],"texture":"#0"},"up":{"uv":[9.375,3.625,6.75,3.5],"rotation":90,"texture":"#0"},"down":{"uv":[9.375,3.625,6.75,3.75],"rotation":270,"texture":"#0"}}},{"from":[-1.5,16,-1.5],"to":[17.5,18,17.5],"faces":{"north":{"uv":[6.75,0.75,9.125,1],"texture":"#0"},"east":{"uv":[6.75,1,9.125,1.25],"texture":"#0"},"south":{"uv":[6.75,1.25,9.125,1.5],"texture":"#0"},"west":{"uv":[6.75,1.5,9.125,1.75],"texture":"#0"},"up":{"uv":[4.75,2.375,2.375,0],"texture":"#0"},"down":{"uv":[4.75,2.375,2.375,4.75],"texture":"#0"}}}],"gui_light":"front","display":{"thirdperson_righthand":{"rotation":[49,0,0],"translation":[-1,0,-0.5],"scale":[0.27,0.27,0.27]},"thirdperson_lefthand":{"rotation":[49,0,0],"translation":[-1,0,-0.5],"scale":[0.27,0.27,0.27]},"firstperson_righthand":{"translation":[0,4.75,1.5],"scale":[0.39,0.39,0.39]},"firstperson_lefthand":{"translation":[0,4.75,1.5],"scale":[0.39,0.39,0.39]},"ground":{"translation":[0,2.25,0],"scale":[0.4,0.4,0.4]},"gui":{"rotation":[11.75,0,0],"translation":[0,-0.5,0],"scale":[0.64,0.64,0.64]},"head":{"scale":[0,0,0]},"fixed":{"rotation":[-90,0,0],"translation":[0,0,-16],"scale":[2,2,2]}},"groups":[{"name":"group","origin":[0,0,0],"color":0,"children":[0,1,2,3,4,5,6,7,8,9,10]}],"mcmodels":"2001bf3a6a296acef32bcc300e868e72"}