{"credit":"Created by Workshop Six","texture_size":[128,128],"textures":{"1":"workshop_six:vanilla_outdoor_furniture/large_crate_stack_jungle"},"elements":[{"from":[10,-3,0],"to":[26,13,16],"rotation":{"angle":0,"axis":"y","origin":[18,5,8]},"faces":{"north":{"uv":[0,4.75,2,6.75],"texture":"#1"},"east":{"uv":[0,4.75,2,6.75],"texture":"#1"},"south":{"uv":[0,4.75,2,6.75],"texture":"#1"},"west":{"uv":[0,4.75,2,6.75],"texture":"#1"},"up":{"uv":[6.75,2,4.75,0],"texture":"#1"},"down":{"uv":[4,4.75,2,6.75],"texture":"#1"}}},{"from":[8.5,-4,-1.5],"to":[27.5,-2,17.5],"rotation":{"angle":0,"axis":"y","origin":[18,5,8]},"faces":{"north":{"uv":[4.75,2.75,7.125,3],"texture":"#1"},"east":{"uv":[4.75,3,7.125,3.25],"texture":"#1"},"south":{"uv":[4.75,3.25,7.125,3.5],"texture":"#1"},"west":{"uv":[4.75,3.5,7.125,3.75],"texture":"#1"},"up":{"uv":[2.375,2.375,0,0],"texture":"#1"},"down":{"uv":[2.375,2.375,0,4.75],"texture":"#1"}}},{"from":[9,-2,-1],"to":[11,12,1],"rotation":{"angle":0,"axis":"y","origin":[18,5,8]},"faces":{"north":{"uv":[4,5,4.25,6.75],"texture":"#1"},"east":{"uv":[4.25,5,4.5,6.75],"texture":"#1"},"south":{"uv":[4.5,5,4.75,6.75],"texture":"#1"},"west":{"uv":[4.75,5,5,6.75],"texture":"#1"},"up":{"uv":[6.25,5.5,6,5.25],"texture":"#1"},"down":{"uv":[6.25,5.5,6,5.75],"texture":"#1"}}},{"from":[8.5,12,-1.5],"to":[27.5,14,17.5],"rotation":{"angle":0,"axis":"y","origin":[18,5,8]},"faces":{"north":{"uv":[4.75,3.75,7.125,4],"texture":"#1"},"east":{"uv":[4,4.75,6.375,5],"texture":"#1"},"south":{"uv":[4.75,4,7.125,4.25],"texture":"#1"},"west":{"uv":[4.75,4.25,7.125,4.5],"texture":"#1"},"up":{"uv":[4.75,2.375,2.375,0],"texture":"#1"},"down":{"uv":[4.75,2.375,2.375,4.75],"texture":"#1"}}},{"from":[7.56371,3.5,-0.5],"to":[28.56371,6.5,0.5],"rotation":{"angle":-45,"axis":"z","origin":[18,5,8]},"faces":{"north":{"uv":[4.75,2,7.375,2.375],"texture":"#1"},"east":{"uv":[6.25,6,6.375,6.375],"texture":"#1"},"south":{"uv":[4.75,2.375,7.375,2.75],"texture":"#1"},"west":{"uv":[6.375,6,6.5,6.375],"texture":"#1"},"up":{"uv":[7.375,4.625,4.75,4.5],"texture":"#1"},"down":{"uv":[7.375,4.625,4.75,4.75],"texture":"#1"}}},{"from":[25,-2,-1],"to":[27,12,1],"rotation":{"angle":0,"axis":"y","origin":[18,5,8]},"faces":{"north":{"uv":[5,5,5.25,6.75],"texture":"#1"},"east":{"uv":[5.25,5,5.5,6.75],"texture":"#1"},"south":{"uv":[5.5,5,5.75,6.75],"texture":"#1"},"west":{"uv":[5.75,5,6,6.75],"texture":"#1"},"up":{"uv":[6.25,6,6,5.75],"texture":"#1"},"down":{"uv":[6.25,6,6,6.25],"texture":"#1"}}},{"from":[25,-2,15],"to":[27,12,17],"rotation":{"angle":0,"axis":"y","origin":[18,5,8]},"faces":{"north":{"uv":[4.5,5,4.75,6.75],"texture":"#1"},"east":{"uv":[4.75,5,5,6.75],"texture":"#1"},"south":{"uv":[4,5,4.25,6.75],"texture":"#1"},"west":{"uv":[4.25,5,4.5,6.75],"texture":"#1"},"up":{"uv":[6.5,5.5,6.25,5.25],"texture":"#1"},"down":{"uv":[6.5,5.5,6.25,5.75],"texture":"#1"}}},{"from":[9,-2,15],"to":[11,12,17],"rotation":{"angle":0,"axis":"y","origin":[18,5,8]},"faces":{"north":{"uv":[5.5,5,5.75,6.75],"texture":"#1"},"east":{"uv":[5.75,5,6,6.75],"texture":"#1"},"south":{"uv":[5,5,5.25,6.75],"texture":"#1"},"west":{"uv":[5.25,5,5.5,6.75],"texture":"#1"},"up":{"uv":[6.5,6,6.25,5.75],"texture":"#1"},"down":{"uv":[6.25,6.25,6,6.5],"texture":"#1"}}},{"from":[7.43629,3.5,15.5],"to":[28.43629,6.5,16.5],"rotation":{"angle":45,"axis":"z","origin":[18,5,8]},"faces":{"north":{"uv":[4.75,2.375,7.375,2.75],"texture":"#1"},"east":{"uv":[6.375,6,6.5,6.375],"texture":"#1"},"south":{"uv":[4.75,2,7.375,2.375],"texture":"#1"},"west":{"uv":[6.25,6,6.375,6.375],"texture":"#1"},"up":{"uv":[8.625,5.125,6,5],"texture":"#1"},"down":{"uv":[8.625,5.125,6,5.25],"texture":"#1"}}},{"from":[25.5,3.5,-2.43629],"to":[26.5,6.5,18.56371],"rotation":{"angle":45,"axis":"x","origin":[18,5,8]},"faces":{"north":{"uv":[6.375,6,6.5,6.375],"texture":"#1"},"east":{"uv":[4.75,2,7.375,2.375],"texture":"#1"},"south":{"uv":[6.25,6,6.375,6.375],"texture":"#1"},"west":{"uv":[4.75,2.375,7.375,2.75],"texture":"#1"},"up":{"uv":[7.375,4.625,4.75,4.5],"texture":"#1"},"down":{"uv":[7.375,4.625,4.75,4.75],"texture":"#1"}}},{"from":[9.5,3.5,-2.56371],"to":[10.5,6.5,18.43629],"rotation":{"angle":-45,"axis":"x","origin":[18,5,8]},"faces":{"north":{"uv":[6.25,6,6.375,6.375],"texture":"#1"},"east":{"uv":[4.75,2.375,7.375,2.75],"texture":"#1"},"south":{"uv":[6.375,6,6.5,6.375],"texture":"#1"},"west":{"uv":[4.75,2,7.375,2.375],"texture":"#1"},"up":{"uv":[8.625,5.125,6,5],"texture":"#1"},"down":{"uv":[8.625,5.125,6,5.25],"texture":"#1"}}},{"from":[-11,-3,0],"to":[5,13,16],"rotation":{"angle":0,"axis":"y","origin":[-3,5,8]},"faces":{"north":{"uv":[0,4.75,2,6.75],"texture":"#1"},"east":{"uv":[0,4.75,2,6.75],"texture":"#1"},"south":{"uv":[0,4.75,2,6.75],"texture":"#1"},"west":{"uv":[0,4.75,2,6.75],"texture":"#1"},"up":{"uv":[6.75,2,4.75,0],"texture":"#1"},"down":{"uv":[4,4.75,2,6.75],"texture":"#1"}}},{"from":[-12,-2,-1],"to":[-10,12,1],"rotation":{"angle":0,"axis":"y","origin":[-3,5,8]},"faces":{"north":{"uv":[4,5,4.25,6.75],"texture":"#1"},"east":{"uv":[4.25,5,4.5,6.75],"texture":"#1"},"south":{"uv":[4.5,5,4.75,6.75],"texture":"#1"},"west":{"uv":[4.75,5,5,6.75],"texture":"#1"},"up":{"uv":[6.25,5.5,6,5.25],"texture":"#1"},"down":{"uv":[6.25,5.5,6,5.75],"texture":"#1"}}},{"from":[4,-2,-1],"to":[6,12,1],"rotation":{"angle":0,"axis":"y","origin":[-3,5,8]},"faces":{"north":{"uv":[5,5,5.25,6.75],"texture":"#1"},"east":{"uv":[5.25,5,5.5,6.75],"texture":"#1"},"south":{"uv":[5.5,5,5.75,6.75],"texture":"#1"},"west":{"uv":[5.75,5,6,6.75],"texture":"#1"},"up":{"uv":[6.25,6,6,5.75],"texture":"#1"},"down":{"uv":[6.25,6,6,6.25],"texture":"#1"}}},{"from":[-12,-2,15],"to":[-10,12,17],"rotation":{"angle":0,"axis":"y","origin":[-3,5,8]},"faces":{"north":{"uv":[5.5,5,5.75,6.75],"texture":"#1"},"east":{"uv":[5.75,5,6,6.75],"texture":"#1"},"south":{"uv":[5,5,5.25,6.75],"texture":"#1"},"west":{"uv":[5.25,5,5.5,6.75],"texture":"#1"},"up":{"uv":[6.5,6,6.25,5.75],"texture":"#1"},"down":{"uv":[6.25,6.25,6,6.5],"texture":"#1"}}},{"from":[4,-2,15],"to":[6,12,17],"rotation":{"angle":0,"axis":"y","origin":[-3,5,8]},"faces":{"north":{"uv":[4.5,5,4.75,6.75],"texture":"#1"},"east":{"uv":[4.75,5,5,6.75],"texture":"#1"},"south":{"uv":[4,5,4.25,6.75],"texture":"#1"},"west":{"uv":[4.25,5,4.5,6.75],"texture":"#1"},"up":{"uv":[6.5,5.5,6.25,5.25],"texture":"#1"},"down":{"uv":[6.5,5.5,6.25,5.75],"texture":"#1"}}},{"from":[-12.5,-4,-1.5],"to":[6.5,-2,17.5],"rotation":{"angle":0,"axis":"y","origin":[-3,5,8]},"faces":{"north":{"uv":[4.75,2.75,7.125,3],"texture":"#1"},"east":{"uv":[4.75,3,7.125,3.25],"texture":"#1"},"south":{"uv":[4.75,3.25,7.125,3.5],"texture":"#1"},"west":{"uv":[4.75,3.5,7.125,3.75],"texture":"#1"},"up":{"uv":[2.375,2.375,0,0],"texture":"#1"},"down":{"uv":[2.375,2.375,0,4.75],"texture":"#1"}}},{"from":[-13.43629,3.5,-0.5],"to":[7.56371,6.5,0.5],"rotation":{"angle":-45,"axis":"z","origin":[-3,5,8]},"faces":{"north":{"uv":[4.75,2,7.375,2.375],"texture":"#1"},"east":{"uv":[6.25,6,6.375,6.375],"texture":"#1"},"south":{"uv":[4.75,2.375,7.375,2.75],"texture":"#1"},"west":{"uv":[6.375,6,6.5,6.375],"texture":"#1"},"up":{"uv":[7.375,4.625,4.75,4.5],"texture":"#1"},"down":{"uv":[7.375,4.625,4.75,4.75],"texture":"#1"}}},{"from":[-13.56371,3.5,15.5],"to":[7.43629,6.5,16.5],"rotation":{"angle":45,"axis":"z","origin":[-3,5,8]},"faces":{"north":{"uv":[4.75,2.375,7.375,2.75],"texture":"#1"},"east":{"uv":[6.375,6,6.5,6.375],"texture":"#1"},"south":{"uv":[4.75,2,7.375,2.375],"texture":"#1"},"west":{"uv":[6.25,6,6.375,6.375],"texture":"#1"},"up":{"uv":[8.625,5.125,6,5],"texture":"#1"},"down":{"uv":[8.625,5.125,6,5.25],"texture":"#1"}}},{"from":[-11.5,3.5,-2.56371],"to":[-10.5,6.5,18.43629],"rotation":{"angle":-45,"axis":"x","origin":[-3,5,8]},"faces":{"north":{"uv":[6.25,6,6.375,6.375],"texture":"#1"},"east":{"uv":[4.75,2.375,7.375,2.75],"texture":"#1"},"south":{"uv":[6.375,6,6.5,6.375],"texture":"#1"},"west":{"uv":[4.75,2,7.375,2.375],"texture":"#1"},"up":{"uv":[8.625,5.125,6,5],"texture":"#1"},"down":{"uv":[8.625,5.125,6,5.25],"texture":"#1"}}},{"from":[4.5,3.5,-2.43629],"to":[5.5,6.5,18.56371],"rotation":{"angle":45,"axis":"x","origin":[-3,5,8]},"faces":{"north":{"uv":[6.375,6,6.5,6.375],"texture":"#1"},"east":{"uv":[4.75,2,7.375,2.375],"texture":"#1"},"south":{"uv":[6.25,6,6.375,6.375],"texture":"#1"},"west":{"uv":[4.75,2.375,7.375,2.75],"texture":"#1"},"up":{"uv":[7.375,4.625,4.75,4.5],"texture":"#1"},"down":{"uv":[7.375,4.625,4.75,4.75],"texture":"#1"}}},{"from":[-12.5,12,-1.5],"to":[6.5,14,17.5],"rotation":{"angle":0,"axis":"y","origin":[-3,5,8]},"faces":{"north":{"uv":[4.75,3.75,7.125,4],"texture":"#1"},"east":{"uv":[4,4.75,6.375,5],"texture":"#1"},"south":{"uv":[4.75,4,7.125,4.25],"texture":"#1"},"west":{"uv":[4.75,4.25,7.125,4.5],"texture":"#1"},"up":{"uv":[4.75,2.375,2.375,0],"texture":"#1"},"down":{"uv":[4.75,2.375,2.375,4.75],"texture":"#1"}}},{"from":[0,15,0],"to":[16,31,16],"rotation":{"angle":0,"axis":"y","origin":[8,23,8]},"faces":{"north":{"uv":[0,4.75,2,6.75],"texture":"#1"},"east":{"uv":[0,4.75,2,6.75],"texture":"#1"},"south":{"uv":[0,4.75,2,6.75],"texture":"#1"},"west":{"uv":[0,4.75,2,6.75],"texture":"#1"},"up":{"uv":[6.75,2,4.75,0],"texture":"#1"},"down":{"uv":[4,4.75,2,6.75],"texture":"#1"}}},{"from":[-1,16,-1],"to":[1,30,1],"rotation":{"angle":0,"axis":"y","origin":[8,23,8]},"faces":{"north":{"uv":[4,5,4.25,6.75],"texture":"#1"},"east":{"uv":[4.25,5,4.5,6.75],"texture":"#1"},"south":{"uv":[4.5,5,4.75,6.75],"texture":"#1"},"west":{"uv":[4.75,5,5,6.75],"texture":"#1"},"up":{"uv":[6.25,5.5,6,5.25],"texture":"#1"},"down":{"uv":[6.25,5.5,6,5.75],"texture":"#1"}}},{"from":[15,16,-1],"to":[17,30,1],"rotation":{"angle":0,"axis":"y","origin":[8,23,8]},"faces":{"north":{"uv":[5,5,5.25,6.75],"texture":"#1"},"east":{"uv":[5.25,5,5.5,6.75],"texture":"#1"},"south":{"uv":[5.5,5,5.75,6.75],"texture":"#1"},"west":{"uv":[5.75,5,6,6.75],"texture":"#1"},"up":{"uv":[6.25,6,6,5.75],"texture":"#1"},"down":{"uv":[6.25,6,6,6.25],"texture":"#1"}}},{"from":[-1,16,15],"to":[1,30,17],"rotation":{"angle":0,"axis":"y","origin":[8,23,8]},"faces":{"north":{"uv":[5.5,5,5.75,6.75],"texture":"#1"},"east":{"uv":[5.75,5,6,6.75],"texture":"#1"},"south":{"uv":[5,5,5.25,6.75],"texture":"#1"},"west":{"uv":[5.25,5,5.5,6.75],"texture":"#1"},"up":{"uv":[6.5,6,6.25,5.75],"texture":"#1"},"down":{"uv":[6.25,6.25,6,6.5],"texture":"#1"}}},{"from":[15,16,15],"to":[17,30,17],"rotation":{"angle":0,"axis":"y","origin":[8,23,8]},"faces":{"north":{"uv":[4.5,5,4.75,6.75],"texture":"#1"},"east":{"uv":[4.75,5,5,6.75],"texture":"#1"},"south":{"uv":[4,5,4.25,6.75],"texture":"#1"},"west":{"uv":[4.25,5,4.5,6.75],"texture":"#1"},"up":{"uv":[6.5,5.5,6.25,5.25],"texture":"#1"},"down":{"uv":[6.5,5.5,6.25,5.75],"texture":"#1"}}},{"from":[-1.5,14,-1.5],"to":[17.5,16,17.5],"rotation":{"angle":0,"axis":"y","origin":[8,23,8]},"faces":{"north":{"uv":[4.75,2.75,7.125,3],"texture":"#1"},"east":{"uv":[4.75,3,7.125,3.25],"texture":"#1"},"south":{"uv":[4.75,3.25,7.125,3.5],"texture":"#1"},"west":{"uv":[4.75,3.5,7.125,3.75],"texture":"#1"},"up":{"uv":[2.375,2.375,0,0],"texture":"#1"},"down":{"uv":[2.375,2.375,0,4.75],"texture":"#1"}}},{"from":[-2.43629,21.5,-0.5],"to":[18.56371,24.5,0.5],"rotation":{"angle":-45,"axis":"z","origin":[8,23,8]},"faces":{"north":{"uv":[4.75,2,7.375,2.375],"texture":"#1"},"east":{"uv":[6.25,6,6.375,6.375],"texture":"#1"},"south":{"uv":[4.75,2.375,7.375,2.75],"texture":"#1"},"west":{"uv":[6.375,6,6.5,6.375],"texture":"#1"},"up":{"uv":[7.375,4.625,4.75,4.5],"texture":"#1"},"down":{"uv":[7.375,4.625,4.75,4.75],"texture":"#1"}}},{"from":[-2.56371,21.5,15.5],"to":[18.43629,24.5,16.5],"rotation":{"angle":45,"axis":"z","origin":[8,23,8]},"faces":{"north":{"uv":[4.75,2.375,7.375,2.75],"texture":"#1"},"east":{"uv":[6.375,6,6.5,6.375],"texture":"#1"},"south":{"uv":[4.75,2,7.375,2.375],"texture":"#1"},"west":{"uv":[6.25,6,6.375,6.375],"texture":"#1"},"up":{"uv":[8.625,5.125,6,5],"texture":"#1"},"down":{"uv":[8.625,5.125,6,5.25],"texture":"#1"}}},{"from":[-0.5,21.5,-2.56371],"to":[0.5,24.5,18.43629],"rotation":{"angle":-45,"axis":"x","origin":[8,23,8]},"faces":{"north":{"uv":[6.25,6,6.375,6.375],"texture":"#1"},"east":{"uv":[4.75,2.375,7.375,2.75],"texture":"#1"},"south":{"uv":[6.375,6,6.5,6.375],"texture":"#1"},"west":{"uv":[4.75,2,7.375,2.375],"texture":"#1"},"up":{"uv":[8.625,5.125,6,5],"texture":"#1"},"down":{"uv":[8.625,5.125,6,5.25],"texture":"#1"}}},{"from":[15.5,21.5,-2.43629],"to":[16.5,24.5,18.56371],"rotation":{"angle":45,"axis":"x","origin":[8,23,8]},"faces":{"north":{"uv":[6.375,6,6.5,6.375],"texture":"#1"},"east":{"uv":[4.75,2,7.375,2.375],"texture":"#1"},"south":{"uv":[6.25,6,6.375,6.375],"texture":"#1"},"west":{"uv":[4.75,2.375,7.375,2.75],"texture":"#1"},"up":{"uv":[7.375,4.625,4.75,4.5],"texture":"#1"},"down":{"uv":[7.375,4.625,4.75,4.75],"texture":"#1"}}},{"from":[-1.5,30,-1.5],"to":[17.5,32,17.5],"rotation":{"angle":0,"axis":"y","origin":[8,23,8]},"faces":{"north":{"uv":[4.75,3.75,7.125,4],"texture":"#1"},"east":{"uv":[4,4.75,6.375,5],"texture":"#1"},"south":{"uv":[4.75,4,7.125,4.25],"texture":"#1"},"west":{"uv":[4.75,4.25,7.125,4.5],"texture":"#1"},"up":{"uv":[4.75,2.375,2.375,0],"texture":"#1"},"down":{"uv":[4.75,2.375,2.375,4.75],"texture":"#1"}}}],"gui_light":"front","display":{"thirdperson_righthand":{"rotation":[49,0,0],"translation":[0,0,-0.5],"scale":[0.27,0.27,0.27]},"thirdperson_lefthand":{"rotation":[49,0,0],"translation":[-1,0,-0.5],"scale":[0.27,0.27,0.27]},"firstperson_righthand":{"translation":[0,4.75,2.5],"scale":[0.21,0.21,0.21]},"firstperson_lefthand":{"translation":[0,4.75,2.5],"scale":[0.21,0.21,0.21]},"ground":{"translation":[0,5,0],"scale":[0.4,0.4,0.4]},"gui":{"rotation":[11.75,0,0],"translation":[0,-2,0],"scale":[0.35,0.35,0.35]},"head":{"scale":[0,0,0]},"fixed":{"rotation":[-90,0,0],"translation":[0,0,-24],"scale":[2,2,2]}},"groups":[{"name":"group","origin":[8,23,8],"color":0,"children":[0,1,2,3,4,5,6,7,8,9,10,11,12,13,14,15,16,17,18,19,20,21,22,23,24,25,26,27,28,29,30,31,32]}],"mcmodels":"2001bf3a6a296acef32bcc300e868e72"}