{"credit":"Created by Workshop Six","texture_size":[64,64],"textures":{"2":"workshop_six:vanilla_outdoor_furniture/signpost_spruce"},"elements":[{"from":[6.5,-15,6.5],"to":[9.5,32,9.5],"rotation":{"angle":0,"axis":"y","origin":[7.5,0,6.5]},"faces":{"north":{"uv":[0,0,0.75,11.75],"texture":"#2"},"east":{"uv":[0.75,0,1.5,11.75],"texture":"#2"},"south":{"uv":[1.5,0,2.25,11.75],"texture":"#2"},"west":{"uv":[2.25,0,3,11.75],"texture":"#2"},"up":{"uv":[7.75,8.75,7,8],"texture":"#2"},"down":{"uv":[8.5,8,7.75,8.75],"texture":"#2"}}},{"from":[-1,1,4.5],"to":[18,6,6.5],"rotation":{"angle":0,"axis":"y","origin":[7,1,4.5]},"faces":{"north":{"uv":[3,0,7.75,1.25],"texture":"#2"},"east":{"uv":[5,8,5.5,9.25],"texture":"#2"},"south":{"uv":[3,1.25,7.75,2.5],"texture":"#2"},"west":{"uv":[5.5,8,6,9.25],"texture":"#2"},"up":{"uv":[7.75,5.5,3,5],"texture":"#2"},"down":{"uv":[7.75,5.5,3,6],"texture":"#2"}}},{"from":[-3.075,2.45,4.505],"to":[0.475,6,6.495],"rotation":{"angle":-45,"axis":"z","origin":[-2.025,3.5,5.5]},"faces":{"north":{"uv":[7.75,4,8.75,5],"texture":"#2"},"east":{"uv":[8.5,8,9,9],"texture":"#2"},"south":{"uv":[7.75,5,8.75,6],"texture":"#2"},"west":{"uv":[8.75,0,9.25,1],"texture":"#2"},"up":{"uv":[9.75,1.5,8.75,1],"texture":"#2"},"down":{"uv":[9.75,1.5,8.75,2],"texture":"#2"}}},{"from":[6,-16,6],"to":[10,-15,10],"rotation":{"angle":0,"axis":"y","origin":[7,0,6]},"faces":{"north":{"uv":[8.75,6,9.75,6.25],"texture":"#2"},"east":{"uv":[8.75,6.25,9.75,6.5],"texture":"#2"},"south":{"uv":[8.75,6.5,9.75,6.75],"texture":"#2"},"west":{"uv":[8.75,6.75,9.75,7],"texture":"#2"},"up":{"uv":[8.75,7,7.75,6],"texture":"#2"},"down":{"uv":[8.75,7,7.75,8],"texture":"#2"}}},{"from":[-2,22,4.5],"to":[17,27,6.5],"rotation":{"angle":0,"axis":"y","origin":[9,22,4.5]},"faces":{"north":{"uv":[3,2.5,7.75,3.75],"texture":"#2"},"east":{"uv":[6,8,6.5,9.25],"texture":"#2"},"south":{"uv":[3,3.75,7.75,5],"texture":"#2"},"west":{"uv":[6.5,8,7,9.25],"texture":"#2"},"up":{"uv":[7.75,6.5,3,6],"texture":"#2"},"down":{"uv":[7.75,6.5,3,7],"texture":"#2"}}},{"from":[15.525,23.45,4.505],"to":[19.075,27,6.495],"rotation":{"angle":45,"axis":"z","origin":[18.025,24.5,5.5]},"faces":{"north":{"uv":[3,8,4,9],"texture":"#2"},"east":{"uv":[8.75,2,9.25,3],"texture":"#2"},"south":{"uv":[4,8,5,9],"texture":"#2"},"west":{"uv":[8.75,3,9.25,4],"texture":"#2"},"up":{"uv":[9.75,4.5,8.75,4],"texture":"#2"},"down":{"uv":[9.75,4.5,8.75,5],"texture":"#2"}}},{"from":[9.525,8,-1.025],"to":[11.525,13,17.975],"rotation":{"angle":0,"axis":"y","origin":[11.525,8,6.975]},"faces":{"north":{"uv":[6.5,8,6,9.25],"texture":"#2"},"east":{"uv":[7.75,2.5,3,3.75],"texture":"#2"},"south":{"uv":[7,8,6.5,9.25],"texture":"#2"},"west":{"uv":[7.75,3.75,3,5],"texture":"#2"},"up":{"uv":[3,6.5,7.75,6],"rotation":90,"texture":"#2"},"down":{"uv":[3,6.5,7.75,7],"rotation":270,"texture":"#2"}}},{"from":[9.53,9.45,-3.1],"to":[11.52,13,0.45],"rotation":{"angle":45,"axis":"x","origin":[10.525,10.5,-2.05]},"faces":{"north":{"uv":[9.25,2,8.75,3],"texture":"#2"},"east":{"uv":[4,8,3,9],"texture":"#2"},"south":{"uv":[9.25,3,8.75,4],"texture":"#2"},"west":{"uv":[5,8,4,9],"texture":"#2"},"up":{"uv":[9.75,4,8.75,4.5],"rotation":90,"texture":"#2"},"down":{"uv":[9.75,4.5,8.75,5],"rotation":270,"texture":"#2"}}},{"from":[4.53,16.45,15.5],"to":[6.52,20,19.05],"rotation":{"angle":-45,"axis":"x","origin":[5.525,17.5,18]},"faces":{"north":{"uv":[9.25,3,8.75,4],"texture":"#2"},"east":{"uv":[5,8,4,9],"texture":"#2"},"south":{"uv":[9.25,2,8.75,3],"texture":"#2"},"west":{"uv":[4,8,3,9],"texture":"#2"},"up":{"uv":[9.75,5,8.75,5.5],"rotation":90,"texture":"#2"},"down":{"uv":[9.75,6,8.75,5.5],"rotation":270,"texture":"#2"}}},{"from":[4.525,15,-2.025],"to":[6.525,20,16.975],"rotation":{"angle":0,"axis":"y","origin":[4.525,15,8.975]},"faces":{"north":{"uv":[7,8,6.5,9.25],"texture":"#2"},"east":{"uv":[7.75,3.75,3,5],"texture":"#2"},"south":{"uv":[6.5,8,6,9.25],"texture":"#2"},"west":{"uv":[7.75,2.5,3,3.75],"texture":"#2"},"up":{"uv":[7.75,7,3,7.5],"rotation":90,"texture":"#2"},"down":{"uv":[7.75,8,3,7.5],"rotation":270,"texture":"#2"}}},{"from":[10,-8,5.4],"to":[10,0,9.4],"rotation":{"angle":22.5,"axis":"y","origin":[10,-4,7.4]},"faces":{"north":{"uv":[0,0,0,2],"texture":"#2"},"east":{"uv":[7.75,0,8.75,2],"texture":"#2"},"south":{"uv":[0,0,0,2],"texture":"#2"},"west":{"uv":[7.75,2,8.75,4],"texture":"#2"},"up":{"uv":[0,1,0,0],"texture":"#2"},"down":{"uv":[0,0,0,1],"texture":"#2"}}},{"from":[10,-13.5,6.65],"to":[10,-5.5,10.65],"rotation":{"angle":-22.5,"axis":"y","origin":[10,-9.5,8.65]},"faces":{"north":{"uv":[0,0,0,2],"texture":"#2"},"east":{"uv":[7.75,0,8.75,2],"texture":"#2"},"south":{"uv":[0,0,0,2],"texture":"#2"},"west":{"uv":[7.75,2,8.75,4],"texture":"#2"},"up":{"uv":[0,1,0,0],"texture":"#2"},"down":{"uv":[0,0,0,1],"texture":"#2"}}},{"from":[5.75,-3.5,6],"to":[5.75,4.5,10],"rotation":{"angle":22.5,"axis":"y","origin":[5.75,0.5,8]},"faces":{"north":{"uv":[0,0,0,2],"texture":"#2"},"east":{"uv":[7.75,0,8.75,2],"texture":"#2"},"south":{"uv":[0,0,0,2],"texture":"#2"},"west":{"uv":[7.75,2,8.75,4],"texture":"#2"},"up":{"uv":[0,1,0,0],"texture":"#2"},"down":{"uv":[0,0,0,1],"texture":"#2"}}},{"from":[6,2.75,4.75],"to":[6,10.75,8.75],"rotation":{"angle":-22.5,"axis":"y","origin":[4,8.75,6.75]},"faces":{"north":{"uv":[0,0,0,2],"texture":"#2"},"east":{"uv":[7.75,2,8.75,4],"texture":"#2"},"south":{"uv":[0,0,0,2],"texture":"#2"},"west":{"uv":[7.75,0,8.75,2],"texture":"#2"},"up":{"uv":[0,1,0,0],"texture":"#2"},"down":{"uv":[0,0,0,1],"texture":"#2"}}},{"from":[10,13.5,5.5],"to":[10,21.5,9.5],"rotation":{"angle":22.5,"axis":"y","origin":[10,17.5,7.5]},"faces":{"north":{"uv":[0,0,0,2],"texture":"#2"},"east":{"uv":[7.75,2,8.75,4],"texture":"#2"},"south":{"uv":[0,0,0,2],"texture":"#2"},"west":{"uv":[7.75,0,8.75,2],"texture":"#2"},"up":{"uv":[0,1,0,0],"texture":"#2"},"down":{"uv":[0,0,0,1],"texture":"#2"}}},{"from":[9.75,19,7],"to":[9.75,27,11],"rotation":{"angle":-22.5,"axis":"y","origin":[9.75,23,9]},"faces":{"north":{"uv":[0,0,0,2],"texture":"#2"},"east":{"uv":[7.75,2,8.75,4],"texture":"#2"},"south":{"uv":[0,0,0,2],"texture":"#2"},"west":{"uv":[7.75,0,8.75,2],"texture":"#2"},"up":{"uv":[0,1,0,0],"texture":"#2"},"down":{"uv":[0,0,0,1],"texture":"#2"}}}],"gui_light":"front","display":{"thirdperson_righthand":{"rotation":[49,0,0],"translation":[0,0,-0.5],"scale":[0.27,0.27,0.27]},"thirdperson_lefthand":{"rotation":[49,0,0],"translation":[-0.25,0,-0.5],"scale":[0.27,0.27,0.27]},"firstperson_righthand":{"translation":[0,4.75,1.5],"scale":[0.39,0.39,0.39]},"firstperson_lefthand":{"translation":[0,4.75,1.5],"scale":[0.39,0.39,0.39]},"ground":{"translation":[0,7.75,0],"scale":[0.31,0.31,0.31]},"gui":{"rotation":[11.75,136,0],"scale":[0.32,0.32,0.32]},"head":{"scale":[0,0,0]},"fixed":{"rotation":[-90,0,0],"translation":[0,0,-48],"scale":[2,2,2]}},"groups":[{"name":"group","origin":[9.75,23,9],"color":0,"children":[0,1,2,3,4,5,6,7,8,9,10,11,12,13,14,15]}],"mcmodels":"2001bf3a6a296acef32bcc300e868e72"}