{"credit":"Created by Workshop Six","texture_size":[64,64],"textures":{"1":"workshop_six:vanilla_outdoor_furniture/small_signpost_right_crimson","particle":"workshop_six:vanilla_outdoor_furniture/small_signpost_right_crimson"},"elements":[{"from":[-1,17,4.5],"to":[18,22,6.5],"rotation":{"angle":0,"axis":"y","origin":[7,17,4.5]},"faces":{"north":{"uv":[0,0,4.75,1.25],"texture":"#1"},"east":{"uv":[3,5.5,3.5,6.75],"texture":"#1"},"south":{"uv":[0,1.25,4.75,2.5],"texture":"#1"},"west":{"uv":[3.5,5.5,4,6.75],"texture":"#1"},"up":{"uv":[7.75,3,3,2.5],"texture":"#1"},"down":{"uv":[7.75,3,3,3.5],"texture":"#1"}}},{"from":[6.5,1,6.5],"to":[9.5,25,9.5],"rotation":{"angle":0,"axis":"y","origin":[7.5,16,6.5]},"faces":{"north":{"uv":[0,2.5,0.75,8.5],"texture":"#1"},"east":{"uv":[0.75,2.5,1.5,8.5],"texture":"#1"},"south":{"uv":[1.5,2.5,2.25,8.5],"texture":"#1"},"west":{"uv":[2.25,2.5,3,8.5],"texture":"#1"},"up":{"uv":[4.75,6.25,4,5.5],"texture":"#1"},"down":{"uv":[5.5,5.5,4.75,6.25],"texture":"#1"}}},{"from":[-3.075,18.45,4.505],"to":[0.475,22,6.495],"rotation":{"angle":-45,"axis":"z","origin":[-2.025,19.5,5.5]},"faces":{"north":{"uv":[4.75,0,5.75,1],"texture":"#1"},"east":{"uv":[5.5,5.5,6,6.5],"texture":"#1"},"south":{"uv":[4.75,1,5.75,2],"texture":"#1"},"west":{"uv":[5.75,0,6.25,1],"texture":"#1"},"up":{"uv":[5.75,2.5,4.75,2],"texture":"#1"},"down":{"uv":[6.75,1,5.75,1.5],"texture":"#1"}}},{"from":[6,0,6],"to":[10,1,10],"rotation":{"angle":0,"axis":"y","origin":[7,16,6]},"faces":{"north":{"uv":[5.75,1.5,6.75,1.75],"texture":"#1"},"east":{"uv":[5.75,1.75,6.75,2],"texture":"#1"},"south":{"uv":[5.75,2,6.75,2.25],"texture":"#1"},"west":{"uv":[5.75,2.25,6.75,2.5],"texture":"#1"},"up":{"uv":[6,4.5,5,3.5],"texture":"#1"},"down":{"uv":[6,4.5,5,5.5],"texture":"#1"}}},{"from":[10,8,4.7],"to":[10,16,8.7],"rotation":{"angle":22.5,"axis":"y","origin":[10,12,7.4]},"faces":{"north":{"uv":[0,0,0,2],"texture":"#1"},"east":{"uv":[3,3.5,4,5.5],"texture":"#1"},"south":{"uv":[0,0,0,2],"texture":"#1"},"west":{"uv":[4,3.5,5,5.5],"texture":"#1"},"up":{"uv":[0,1,0,0],"texture":"#1"},"down":{"uv":[0,0,0,1],"texture":"#1"}}},{"from":[10,1.5,6.65],"to":[10,9.5,10.65],"rotation":{"angle":-22.5,"axis":"y","origin":[10,5.5,8.65]},"faces":{"north":{"uv":[0,0,0,2],"texture":"#1"},"east":{"uv":[3,3.5,4,5.5],"texture":"#1"},"south":{"uv":[0,0,0,2],"texture":"#1"},"west":{"uv":[4,3.5,5,5.5],"texture":"#1"},"up":{"uv":[0,1,0,0],"texture":"#1"},"down":{"uv":[0,0,0,1],"texture":"#1"}}}],"gui_light":"front","display":{"thirdperson_righthand":{"rotation":[49,0,0],"translation":[0,0,-0.5],"scale":[0.27,0.27,0.27]},"thirdperson_lefthand":{"rotation":[49,0,0],"translation":[0,0,-0.5],"scale":[0.27,0.27,0.27]},"firstperson_righthand":{"rotation":[-25,106,0],"translation":[1.25,2.5,1.5],"scale":[0.39,0.39,0.39]},"firstperson_lefthand":{"rotation":[-25,106,0],"translation":[1.25,2.5,1.5],"scale":[0.39,0.39,0.39]},"ground":{"translation":[0,2.25,0],"scale":[0.4,0.4,0.4]},"gui":{"rotation":[11.75,180,0],"translation":[0,-2.25,0],"scale":[0.54,0.54,0.54]},"head":{"scale":[0,0,0]},"fixed":{"rotation":[-90,0,0],"translation":[0,0,-16],"scale":[2,2,2]}},"groups":[{"name":"group","origin":[10,5.5,8.65],"color":0,"children":[0,1,2,3,4,5]}],"mcmodels":"2001bf3a6a296acef32bcc300e868e72"}