{"credit":"Created by Workshop Six","texture_size":[128,128],"textures":{"2":"workshop_six:vanilla_outdoor_furniture/wagon_dark_oak"},"elements":[{"from":[-1.1875,19,-1],"to":[0.8125,22,17],"rotation":{"angle":0,"axis":"y","origin":[8,10.75,8]},"faces":{"north":{"uv":[1.25,10.25,1.5,10.625],"texture":"#2"},"east":{"uv":[0,7.875,2.25,8.25],"texture":"#2"},"south":{"uv":[1.5,10.25,1.75,10.625],"texture":"#2"},"west":{"uv":[2.25,7.875,4.5,8.25],"texture":"#2"},"up":{"uv":[5,10.375,4.75,8.125],"texture":"#2"},"down":{"uv":[5.25,8.125,5,10.375],"texture":"#2"}}},{"from":[27.0625,15,-2.25],"to":[31.0625,19,-1.25],"rotation":{"angle":0,"axis":"y","origin":[8,10.75,8]},"faces":{"north":{"uv":[3.25,5.25,3.75,5.75],"texture":"#2"},"east":{"uv":[0.875,10.25,1,10.75],"texture":"#2"},"south":{"uv":[1,9.25,1.5,9.75],"texture":"#2"},"west":{"uv":[6.25,10.25,6.375,10.75],"texture":"#2"},"up":{"uv":[6.75,6.25,6.25,6.125],"texture":"#2"},"down":{"uv":[0.5,6.75,0,6.875],"texture":"#2"}}},{"from":[-0.4375,15,-1.25],"to":[0.5625,19,1.75],"rotation":{"angle":0,"axis":"y","origin":[8,10.75,8]},"faces":{"north":{"uv":[6.375,10.25,6.5,10.75],"texture":"#2"},"east":{"uv":[5.25,10,5.625,10.5],"texture":"#2"},"south":{"uv":[6.5,10.25,6.625,10.75],"texture":"#2"},"west":{"uv":[5.625,10,6,10.5],"texture":"#2"},"up":{"uv":[10.625,6.625,10.5,6.25],"texture":"#2"},"down":{"uv":[10.625,7.375,10.5,7.75],"texture":"#2"}}},{"from":[13.8125,15,-2.25],"to":[17.8125,19,-1.25],"rotation":{"angle":0,"axis":"y","origin":[8,10.75,8]},"faces":{"north":{"uv":[1.5,9.25,2,9.75],"texture":"#2"},"east":{"uv":[6.625,10.25,6.75,10.75],"texture":"#2"},"south":{"uv":[2,9.25,2.5,9.75],"texture":"#2"},"west":{"uv":[6.75,10.25,6.875,10.75],"texture":"#2"},"up":{"uv":[1,6.875,0.5,6.75],"texture":"#2"},"down":{"uv":[1.5,6.75,1,6.875],"texture":"#2"}}},{"from":[-0.1875,9,-1],"to":[31.8125,11,17],"rotation":{"angle":0,"axis":"y","origin":[8,10.75,8]},"faces":{"north":{"uv":[0,7.625,4,7.875],"texture":"#2"},"east":{"uv":[8,7.625,10.25,7.875],"texture":"#2"},"south":{"uv":[4,7.625,8,7.875],"texture":"#2"},"west":{"uv":[5.25,8.125,7.5,8.375],"texture":"#2"},"up":{"uv":[4,2.25,0,0],"texture":"#2"},"down":{"uv":[4,2.25,0,4.5],"texture":"#2"}}},{"from":[-0.4375,15,-2.25],"to":[3.5625,19,-1.25],"rotation":{"angle":0,"axis":"y","origin":[8,10.75,8]},"faces":{"north":{"uv":[2.5,9.25,3,9.75],"texture":"#2"},"east":{"uv":[6.875,10.25,7,10.75],"texture":"#2"},"south":{"uv":[9.375,0,9.875,0.5],"texture":"#2"},"west":{"uv":[10.25,6.875,10.375,7.375],"texture":"#2"},"up":{"uv":[2,6.875,1.5,6.75],"texture":"#2"},"down":{"uv":[2.5,6.75,2,6.875],"texture":"#2"}}},{"from":[-1.1875,19,-3],"to":[31.8125,22,-1],"rotation":{"angle":0,"axis":"y","origin":[8,10.75,8]},"faces":{"north":{"uv":[4,6.25,8.125,6.625],"texture":"#2"},"east":{"uv":[1.75,10.25,2,10.625],"texture":"#2"},"south":{"uv":[6.25,4.75,10.375,5.125],"texture":"#2"},"west":{"uv":[2,10.25,2.25,10.625],"texture":"#2"},"up":{"uv":[10.375,6.125,6.25,5.875],"texture":"#2"},"down":{"uv":[8.125,6.625,4,6.875],"texture":"#2"}}},{"from":[-1.1875,8,-3],"to":[31.8125,16,-1],"rotation":{"angle":0,"axis":"y","origin":[8,10.75,8]},"faces":{"north":{"uv":[4,0,8.125,1],"texture":"#2"},"east":{"uv":[9.375,0.5,9.625,1.5],"texture":"#2"},"south":{"uv":[4,1,8.125,2],"texture":"#2"},"west":{"uv":[9.375,1.5,9.625,2.5],"texture":"#2"},"up":{"uv":[4.125,7.125,0,6.875],"texture":"#2"},"down":{"uv":[8.25,6.875,4.125,7.125],"texture":"#2"}}},{"from":[-1.1875,8,17],"to":[31.8125,16,19],"rotation":{"angle":0,"axis":"y","origin":[8,10.75,8]},"faces":{"north":{"uv":[4,2,8.125,3],"texture":"#2"},"east":{"uv":[8.75,9.375,9,10.375],"texture":"#2"},"south":{"uv":[4,3,8.125,4],"texture":"#2"},"west":{"uv":[9,9.375,9.25,10.375],"texture":"#2"},"up":{"uv":[4.125,7.375,0,7.125],"texture":"#2"},"down":{"uv":[8.25,7.125,4.125,7.375],"texture":"#2"}}},{"from":[27.0625,15,17.25],"to":[31.0625,19,18.25],"rotation":{"angle":0,"axis":"y","origin":[8,10.75,8]},"faces":{"north":{"uv":[9.375,2.5,9.875,3],"texture":"#2"},"east":{"uv":[7,10.25,7.125,10.75],"texture":"#2"},"south":{"uv":[9.25,9.375,9.75,9.875],"texture":"#2"},"west":{"uv":[7.125,10.25,7.25,10.75],"texture":"#2"},"up":{"uv":[3,6.875,2.5,6.75],"texture":"#2"},"down":{"uv":[3.5,6.75,3,6.875],"texture":"#2"}}},{"from":[13.8125,15,17.25],"to":[17.8125,19,18.25],"rotation":{"angle":0,"axis":"y","origin":[8,10.75,8]},"faces":{"north":{"uv":[5.25,9.5,5.75,10],"texture":"#2"},"east":{"uv":[10.375,1.5,10.5,2],"texture":"#2"},"south":{"uv":[5.75,9.5,6.25,10],"texture":"#2"},"west":{"uv":[4.75,10.375,4.875,10.875],"texture":"#2"},"up":{"uv":[4,6.875,3.5,6.75],"texture":"#2"},"down":{"uv":[7.25,6.125,6.75,6.25],"texture":"#2"}}},{"from":[-0.4375,15,17.25],"to":[3.5625,19,18.25],"rotation":{"angle":0,"axis":"y","origin":[8,10.75,8]},"faces":{"north":{"uv":[9.625,0.5,10.125,1],"texture":"#2"},"east":{"uv":[10.375,4.75,10.5,5.25],"texture":"#2"},"south":{"uv":[9.625,1,10.125,1.5],"texture":"#2"},"west":{"uv":[4.875,10.375,5,10.875],"texture":"#2"},"up":{"uv":[7.75,6.25,7.25,6.125],"texture":"#2"},"down":{"uv":[9.5,8.5,9,8.625],"texture":"#2"}}},{"from":[-1.1875,19,17],"to":[31.8125,22,19],"rotation":{"angle":0,"axis":"y","origin":[8,10.75,8]},"faces":{"north":{"uv":[6.25,5.125,10.375,5.5],"texture":"#2"},"east":{"uv":[2.25,10.25,2.5,10.625],"texture":"#2"},"south":{"uv":[6.25,5.5,10.375,5.875],"texture":"#2"},"west":{"uv":[2.5,10.25,2.75,10.625],"texture":"#2"},"up":{"uv":[4.125,7.625,0,7.375],"texture":"#2"},"down":{"uv":[8.25,7.375,4.125,7.625],"texture":"#2"}}},{"from":[-0.4375,15,14.25],"to":[0.5625,19,17.25],"rotation":{"angle":0,"axis":"y","origin":[8,10.75,8]},"faces":{"north":{"uv":[5,10.375,5.125,10.875],"texture":"#2"},"east":{"uv":[9.75,10,10.125,10.5],"texture":"#2"},"south":{"uv":[5.125,10.375,5.25,10.875],"texture":"#2"},"west":{"uv":[10.125,0.5,10.5,1],"texture":"#2"},"up":{"uv":[10.625,8.5,10.5,8.125],"texture":"#2"},"down":{"uv":[9.875,10.5,9.75,10.875],"texture":"#2"}}},{"from":[-0.1875,3,6],"to":[31.8125,9,10],"rotation":{"angle":0,"axis":"y","origin":[8,10.75,8]},"faces":{"north":{"uv":[4,4,8,4.75],"texture":"#2"},"east":{"uv":[5.25,8.375,5.75,9.125],"texture":"#2"},"south":{"uv":[0,4.5,4,5.25],"texture":"#2"},"west":{"uv":[5.75,8.375,6.25,9.125],"texture":"#2"},"up":{"uv":[6.25,6.25,2.25,5.75],"texture":"#2"},"down":{"uv":[4,6.25,0,6.75],"texture":"#2"}}},{"from":[-1.1875,8,-1],"to":[0.8125,16,17],"rotation":{"angle":0,"axis":"y","origin":[8,10.75,8]},"faces":{"north":{"uv":[9.625,1.5,9.875,2.5],"texture":"#2"},"east":{"uv":[4,4.75,6.25,5.75],"texture":"#2"},"south":{"uv":[1,9.75,1.25,10.75],"texture":"#2"},"west":{"uv":[0,5.25,2.25,6.25],"texture":"#2"},"up":{"uv":[7.75,10.375,7.5,8.125],"texture":"#2"},"down":{"uv":[8,8.125,7.75,10.375],"texture":"#2"}}},{"from":[-12.1875,8.75,14.5],"to":[-4.4375,12.25,17],"rotation":{"angle":0,"axis":"y","origin":[8,10.75,8]},"faces":{"north":{"uv":[2.25,5.25,3.25,5.75],"texture":"#2"},"east":{"uv":[10.125,1,10.5,1.5],"texture":"#2"},"south":{"uv":[8.125,6.125,9.125,6.625],"texture":"#2"},"west":{"uv":[10.125,3,10.5,3.5],"texture":"#2"},"up":{"uv":[7.25,8.75,6.25,8.375],"texture":"#2"},"down":{"uv":[3,8.5,2,8.875],"texture":"#2"}}},{"from":[24.8125,5,-5],"to":[26.8125,7,21],"rotation":{"angle":0,"axis":"y","origin":[8,10.75,8]},"faces":{"north":{"uv":[2.75,9.75,3,10],"texture":"#2"},"east":{"uv":[4.5,7.875,7.75,8.125],"texture":"#2"},"south":{"uv":[10.25,7.625,10.5,7.875],"texture":"#2"},"west":{"uv":[7.75,7.875,11,8.125],"texture":"#2"},"up":{"uv":[8.375,3.25,8.125,0],"texture":"#2"},"down":{"uv":[4.75,8.125,4.5,11.375],"texture":"#2"}}},{"from":[23.8125,4,4],"to":[27.8125,8,12],"rotation":{"angle":0,"axis":"y","origin":[8,10.75,8]},"faces":{"north":{"uv":[1.25,9.75,1.75,10.25],"texture":"#2"},"east":{"uv":[8,8.125,9,8.625],"texture":"#2"},"south":{"uv":[1.75,9.75,2.25,10.25],"texture":"#2"},"west":{"uv":[0,8.25,1,8.75],"texture":"#2"},"up":{"uv":[1.5,9.25,1,8.25],"texture":"#2"},"down":{"uv":[2,8.25,1.5,9.25],"texture":"#2"}}},{"from":[-15.6875,9.5,1],"to":[-13.9375,11.5,15],"rotation":{"angle":0,"axis":"y","origin":[8,10.75,8]},"faces":{"north":{"uv":[10.375,5.25,10.625,5.5],"texture":"#2"},"east":{"uv":[8.25,7.375,10,7.625],"texture":"#2"},"south":{"uv":[10.375,5.5,10.625,5.75],"texture":"#2"},"west":{"uv":[8.375,3,10.125,3.25],"texture":"#2"},"up":{"uv":[4.25,10,4,8.25],"texture":"#2"},"down":{"uv":[4.5,8.25,4.25,10],"texture":"#2"}}},{"from":[8.8125,0,-6.5],"to":[10.8125,12,-4.5],"rotation":{"angle":0,"axis":"y","origin":[8,10.75,8]},"faces":{"north":{"uv":[7.25,8.375,7.5,9.875],"texture":"#2"},"east":{"uv":[3,8.5,3.25,10],"texture":"#2"},"south":{"uv":[3.25,8.5,3.5,10],"texture":"#2"},"west":{"uv":[3.5,8.5,3.75,10],"texture":"#2"},"up":{"uv":[10.625,6,10.375,5.75],"texture":"#2"},"down":{"uv":[10.625,6.875,10.375,7.125],"texture":"#2"}}},{"from":[0.8125,0,-6.5],"to":[8.8125,2,-4.5],"rotation":{"angle":0,"axis":"y","origin":[8,10.75,8]},"faces":{"north":{"uv":[9.75,8.5,10.75,8.75],"texture":"#2"},"east":{"uv":[10.375,7.125,10.625,7.375],"texture":"#2"},"south":{"uv":[9.75,8.75,10.75,9],"texture":"#2"},"west":{"uv":[7.25,10.375,7.5,10.625],"texture":"#2"},"up":{"uv":[10.75,9.25,9.75,9],"texture":"#2"},"down":{"uv":[10.75,9.25,9.75,9.5],"texture":"#2"}}},{"from":[3.8125,2,-5.5],"to":[5.8125,4,-4.5],"rotation":{"angle":0,"axis":"y","origin":[8,10.75,8]},"faces":{"north":{"uv":[7.5,10.375,7.75,10.625],"texture":"#2"},"east":{"uv":[9.875,10.5,10,10.75],"texture":"#2"},"south":{"uv":[7.75,10.375,8,10.625],"texture":"#2"},"west":{"uv":[10,10.5,10.125,10.75],"texture":"#2"},"up":{"uv":[8,6.25,7.75,6.125],"texture":"#2"},"down":{"uv":[9.375,6.5,9.125,6.625],"texture":"#2"}}},{"from":[6.8125,5,-5.5],"to":[8.8125,7,-4.5],"rotation":{"angle":0,"axis":"y","origin":[8,10.75,8]},"faces":{"north":{"uv":[8.75,10.375,9,10.625],"texture":"#2"},"east":{"uv":[10.5,10,10.625,10.25],"texture":"#2"},"south":{"uv":[9,10.375,9.25,10.625],"texture":"#2"},"west":{"uv":[10.125,10.5,10.25,10.75],"texture":"#2"},"up":{"uv":[9.625,6.625,9.375,6.5],"texture":"#2"},"down":{"uv":[9.75,8.5,9.5,8.625],"texture":"#2"}}},{"from":[0.8125,10,-6.5],"to":[8.8125,12,-4.5],"rotation":{"angle":0,"axis":"y","origin":[8,10.75,8]},"faces":{"north":{"uv":[9.75,9.5,10.75,9.75],"texture":"#2"},"east":{"uv":[9.25,10.375,9.5,10.625],"texture":"#2"},"south":{"uv":[9.75,9.75,10.75,10],"texture":"#2"},"west":{"uv":[9.5,10.375,9.75,10.625],"texture":"#2"},"up":{"uv":[10.875,0.25,9.875,0],"texture":"#2"},"down":{"uv":[10.875,0.25,9.875,0.5],"texture":"#2"}}},{"from":[2.8125,4,-6],"to":[6.8125,8,-4],"rotation":{"angle":0,"axis":"y","origin":[8,10.75,8]},"faces":{"north":{"uv":[2.25,9.75,2.75,10.25],"texture":"#2"},"east":{"uv":[3.75,5.25,4,5.75],"texture":"#2"},"south":{"uv":[9.875,1.5,10.375,2],"texture":"#2"},"west":{"uv":[7.25,9.875,7.5,10.375],"texture":"#2"},"up":{"uv":[10.5,7.625,10,7.375],"texture":"#2"},"down":{"uv":[10.5,8.125,10,8.375],"texture":"#2"}}},{"from":[3.8125,8,-5.5],"to":[5.8125,10,-4.5],"rotation":{"angle":0,"axis":"y","origin":[8,10.75,8]},"faces":{"north":{"uv":[0.375,10.5,0.625,10.75],"texture":"#2"},"east":{"uv":[10.25,10.5,10.375,10.75],"texture":"#2"},"south":{"uv":[10.5,0.5,10.75,0.75],"texture":"#2"},"west":{"uv":[10.5,10.25,10.625,10.5],"texture":"#2"},"up":{"uv":[9.875,6.625,9.625,6.5],"texture":"#2"},"down":{"uv":[10.125,6.5,9.875,6.625],"texture":"#2"}}},{"from":[0.8125,5,-5.5],"to":[2.8125,7,-4.5],"rotation":{"angle":0,"axis":"y","origin":[8,10.75,8]},"faces":{"north":{"uv":[0.625,10.5,0.875,10.75],"texture":"#2"},"east":{"uv":[10.375,10.5,10.5,10.75],"texture":"#2"},"south":{"uv":[10.5,0.75,10.75,1],"texture":"#2"},"west":{"uv":[10.5,10.5,10.625,10.75],"texture":"#2"},"up":{"uv":[10.25,8.5,10,8.375],"texture":"#2"},"down":{"uv":[10.5,8.375,10.25,8.5],"texture":"#2"}}},{"from":[-1.1875,0,-6.5],"to":[0.8125,12,-4.5],"rotation":{"angle":0,"axis":"y","origin":[8,10.75,8]},"faces":{"north":{"uv":[3.75,8.5,4,10],"texture":"#2"},"east":{"uv":[8,8.625,8.25,10.125],"texture":"#2"},"south":{"uv":[8.25,8.625,8.5,10.125],"texture":"#2"},"west":{"uv":[8.5,8.625,8.75,10.125],"texture":"#2"},"up":{"uv":[10.75,1.25,10.5,1],"texture":"#2"},"down":{"uv":[10.75,1.25,10.5,1.5],"texture":"#2"}}},{"from":[19.8125,0,-6.5],"to":[21.8125,12,-4.5],"rotation":{"angle":0,"axis":"y","origin":[29,10.75,8]},"faces":{"north":{"uv":[3.75,8.5,4,10],"texture":"#2"},"east":{"uv":[8,8.625,8.25,10.125],"texture":"#2"},"south":{"uv":[8.25,8.625,8.5,10.125],"texture":"#2"},"west":{"uv":[8.5,8.625,8.75,10.125],"texture":"#2"},"up":{"uv":[10.75,1.25,10.5,1],"texture":"#2"},"down":{"uv":[10.75,1.25,10.5,1.5],"texture":"#2"}}},{"from":[29.8125,0,-6.5],"to":[31.8125,12,-4.5],"rotation":{"angle":0,"axis":"y","origin":[29,10.75,8]},"faces":{"north":{"uv":[7.25,8.375,7.5,9.875],"texture":"#2"},"east":{"uv":[3,8.5,3.25,10],"texture":"#2"},"south":{"uv":[3.25,8.5,3.5,10],"texture":"#2"},"west":{"uv":[3.5,8.5,3.75,10],"texture":"#2"},"up":{"uv":[10.625,6,10.375,5.75],"texture":"#2"},"down":{"uv":[10.625,6.875,10.375,7.125],"texture":"#2"}}},{"from":[21.8125,0,-6.5],"to":[29.8125,2,-4.5],"rotation":{"angle":0,"axis":"y","origin":[29,10.75,8]},"faces":{"north":{"uv":[9.75,8.5,10.75,8.75],"texture":"#2"},"east":{"uv":[10.375,7.125,10.625,7.375],"texture":"#2"},"south":{"uv":[9.75,8.75,10.75,9],"texture":"#2"},"west":{"uv":[7.25,10.375,7.5,10.625],"texture":"#2"},"up":{"uv":[10.75,9.25,9.75,9],"texture":"#2"},"down":{"uv":[10.75,9.25,9.75,9.5],"texture":"#2"}}},{"from":[24.8125,2,-5.5],"to":[26.8125,4,-4.5],"rotation":{"angle":0,"axis":"y","origin":[29,10.75,8]},"faces":{"north":{"uv":[7.5,10.375,7.75,10.625],"texture":"#2"},"east":{"uv":[9.875,10.5,10,10.75],"texture":"#2"},"south":{"uv":[7.75,10.375,8,10.625],"texture":"#2"},"west":{"uv":[10,10.5,10.125,10.75],"texture":"#2"},"up":{"uv":[8,6.25,7.75,6.125],"texture":"#2"},"down":{"uv":[9.375,6.5,9.125,6.625],"texture":"#2"}}},{"from":[21.8125,5,-5.5],"to":[23.8125,7,-4.5],"rotation":{"angle":0,"axis":"y","origin":[29,10.75,8]},"faces":{"north":{"uv":[0.625,10.5,0.875,10.75],"texture":"#2"},"east":{"uv":[10.375,10.5,10.5,10.75],"texture":"#2"},"south":{"uv":[10.5,0.75,10.75,1],"texture":"#2"},"west":{"uv":[10.5,10.5,10.625,10.75],"texture":"#2"},"up":{"uv":[10.25,8.5,10,8.375],"texture":"#2"},"down":{"uv":[10.5,8.375,10.25,8.5],"texture":"#2"}}},{"from":[27.8125,5,-5.5],"to":[29.8125,7,-4.5],"rotation":{"angle":0,"axis":"y","origin":[29,10.75,8]},"faces":{"north":{"uv":[8.75,10.375,9,10.625],"texture":"#2"},"east":{"uv":[10.5,10,10.625,10.25],"texture":"#2"},"south":{"uv":[9,10.375,9.25,10.625],"texture":"#2"},"west":{"uv":[10.125,10.5,10.25,10.75],"texture":"#2"},"up":{"uv":[9.625,6.625,9.375,6.5],"texture":"#2"},"down":{"uv":[9.75,8.5,9.5,8.625],"texture":"#2"}}},{"from":[24.8125,8,-5.5],"to":[26.8125,10,-4.5],"rotation":{"angle":0,"axis":"y","origin":[29,10.75,8]},"faces":{"north":{"uv":[0.375,10.5,0.625,10.75],"texture":"#2"},"east":{"uv":[10.25,10.5,10.375,10.75],"texture":"#2"},"south":{"uv":[10.5,0.5,10.75,0.75],"texture":"#2"},"west":{"uv":[10.5,10.25,10.625,10.5],"texture":"#2"},"up":{"uv":[9.875,6.625,9.625,6.5],"texture":"#2"},"down":{"uv":[10.125,6.5,9.875,6.625],"texture":"#2"}}},{"from":[21.8125,10,-6.5],"to":[29.8125,12,-4.5],"rotation":{"angle":0,"axis":"y","origin":[29,10.75,8]},"faces":{"north":{"uv":[9.75,9.5,10.75,9.75],"texture":"#2"},"east":{"uv":[9.25,10.375,9.5,10.625],"texture":"#2"},"south":{"uv":[9.75,9.75,10.75,10],"texture":"#2"},"west":{"uv":[9.5,10.375,9.75,10.625],"texture":"#2"},"up":{"uv":[10.875,0.25,9.875,0],"texture":"#2"},"down":{"uv":[10.875,0.25,9.875,0.5],"texture":"#2"}}},{"from":[23.8125,4,-6],"to":[27.8125,8,-4],"rotation":{"angle":0,"axis":"y","origin":[29,10.75,8]},"faces":{"north":{"uv":[2.25,9.75,2.75,10.25],"texture":"#2"},"east":{"uv":[3.75,5.25,4,5.75],"texture":"#2"},"south":{"uv":[9.875,1.5,10.375,2],"texture":"#2"},"west":{"uv":[7.25,9.875,7.5,10.375],"texture":"#2"},"up":{"uv":[10.5,7.625,10,7.375],"texture":"#2"},"down":{"uv":[10.5,8.125,10,8.375],"texture":"#2"}}},{"from":[19.8125,0,20.5],"to":[21.8125,12,22.5],"rotation":{"angle":0,"axis":"y","origin":[29,10.75,8]},"faces":{"north":{"uv":[0,8.75,0.25,10.25],"texture":"#2"},"east":{"uv":[0.25,8.75,0.5,10.25],"texture":"#2"},"south":{"uv":[0.5,8.75,0.75,10.25],"texture":"#2"},"west":{"uv":[0.75,8.75,1,10.25],"texture":"#2"},"up":{"uv":[10.75,1.75,10.5,1.5],"texture":"#2"},"down":{"uv":[10.75,1.75,10.5,2],"texture":"#2"}}},{"from":[29.8125,0,20.5],"to":[31.8125,12,22.5],"rotation":{"angle":0,"axis":"y","origin":[29,10.75,8]},"faces":{"north":{"uv":[6.25,8.75,6.5,10.25],"texture":"#2"},"east":{"uv":[6.5,8.75,6.75,10.25],"texture":"#2"},"south":{"uv":[6.75,8.75,7,10.25],"texture":"#2"},"west":{"uv":[7,8.75,7.25,10.25],"texture":"#2"},"up":{"uv":[10.75,3.25,10.5,3],"texture":"#2"},"down":{"uv":[10.75,3.25,10.5,3.5],"texture":"#2"}}},{"from":[21.8125,0,20.5],"to":[29.8125,2,22.5],"rotation":{"angle":0,"axis":"y","origin":[29,10.75,8]},"faces":{"north":{"uv":[9.875,2,10.875,2.25],"texture":"#2"},"east":{"uv":[10.5,3.5,10.75,3.75],"texture":"#2"},"south":{"uv":[9.875,2.25,10.875,2.5],"texture":"#2"},"west":{"uv":[3.75,10.5,4,10.75],"texture":"#2"},"up":{"uv":[10.875,2.75,9.875,2.5],"texture":"#2"},"down":{"uv":[10.875,2.75,9.875,3],"texture":"#2"}}},{"from":[24.8125,2,20.5],"to":[26.8125,4,21.5],"rotation":{"angle":0,"axis":"y","origin":[29,10.75,8]},"faces":{"north":{"uv":[10.5,3.75,10.75,4],"texture":"#2"},"east":{"uv":[1.25,10.625,1.375,10.875],"texture":"#2"},"south":{"uv":[4,10.5,4.25,10.75],"texture":"#2"},"west":{"uv":[1.375,10.625,1.5,10.875],"texture":"#2"},"up":{"uv":[10.75,7.875,10.5,7.75],"texture":"#2"},"down":{"uv":[1.75,10.625,1.5,10.75],"texture":"#2"}}},{"from":[21.8125,5,20.5],"to":[23.8125,7,21.5],"rotation":{"angle":0,"axis":"y","origin":[29,10.75,8]},"faces":{"north":{"uv":[4.25,10.5,4.5,10.75],"texture":"#2"},"east":{"uv":[1.75,10.625,1.875,10.875],"texture":"#2"},"south":{"uv":[10.5,4.75,10.75,5],"texture":"#2"},"west":{"uv":[1.875,10.625,2,10.875],"texture":"#2"},"up":{"uv":[2.25,10.75,2,10.625],"texture":"#2"},"down":{"uv":[2.5,10.625,2.25,10.75],"texture":"#2"}}},{"from":[27.8125,5,20.5],"to":[29.8125,7,21.5],"rotation":{"angle":0,"axis":"y","origin":[29,10.75,8]},"faces":{"north":{"uv":[10.5,5,10.75,5.25],"texture":"#2"},"east":{"uv":[2.5,10.625,2.625,10.875],"texture":"#2"},"south":{"uv":[5.25,10.5,5.5,10.75],"texture":"#2"},"west":{"uv":[2.625,10.625,2.75,10.875],"texture":"#2"},"up":{"uv":[3,10.75,2.75,10.625],"texture":"#2"},"down":{"uv":[3.25,10.625,3,10.75],"texture":"#2"}}},{"from":[24.8125,8,20.5],"to":[26.8125,10,21.5],"rotation":{"angle":0,"axis":"y","origin":[29,10.75,8]},"faces":{"north":{"uv":[5.5,10.5,5.75,10.75],"texture":"#2"},"east":{"uv":[3.25,10.625,3.375,10.875],"texture":"#2"},"south":{"uv":[5.75,10.5,6,10.75],"texture":"#2"},"west":{"uv":[3.375,10.625,3.5,10.875],"texture":"#2"},"up":{"uv":[3.75,10.75,3.5,10.625],"texture":"#2"},"down":{"uv":[10.875,5.25,10.625,5.375],"texture":"#2"}}},{"from":[21.8125,10,20.5],"to":[29.8125,12,22.5],"rotation":{"angle":0,"axis":"y","origin":[29,10.75,8]},"faces":{"north":{"uv":[2.75,10,3.75,10.25],"texture":"#2"},"east":{"uv":[6,10.5,6.25,10.75],"texture":"#2"},"south":{"uv":[10,4,11,4.25],"texture":"#2"},"west":{"uv":[10.5,6,10.75,6.25],"texture":"#2"},"up":{"uv":[11,4.5,10,4.25],"texture":"#2"},"down":{"uv":[11,4.5,10,4.75],"texture":"#2"}}},{"from":[23.8125,4,20],"to":[27.8125,8,22],"rotation":{"angle":0,"axis":"y","origin":[29,10.75,8]},"faces":{"north":{"uv":[9.25,9.875,9.75,10.375],"texture":"#2"},"east":{"uv":[4.25,10,4.5,10.5],"texture":"#2"},"south":{"uv":[3.75,10,4.25,10.5],"texture":"#2"},"west":{"uv":[6,10,6.25,10.5],"texture":"#2"},"up":{"uv":[10.625,6.875,10.125,6.625],"texture":"#2"},"down":{"uv":[0.875,10.25,0.375,10.5],"texture":"#2"}}},{"from":[0.8125,0,20.5],"to":[8.8125,2,22.5],"rotation":{"angle":0,"axis":"y","origin":[8,10.75,8]},"faces":{"north":{"uv":[9.875,2,10.875,2.25],"texture":"#2"},"east":{"uv":[10.5,3.5,10.75,3.75],"texture":"#2"},"south":{"uv":[9.875,2.25,10.875,2.5],"texture":"#2"},"west":{"uv":[3.75,10.5,4,10.75],"texture":"#2"},"up":{"uv":[10.875,2.75,9.875,2.5],"texture":"#2"},"down":{"uv":[10.875,2.75,9.875,3],"texture":"#2"}}},{"from":[8.8125,0,20.5],"to":[10.8125,12,22.5],"rotation":{"angle":0,"axis":"y","origin":[8,10.75,8]},"faces":{"north":{"uv":[6.25,8.75,6.5,10.25],"texture":"#2"},"east":{"uv":[6.5,8.75,6.75,10.25],"texture":"#2"},"south":{"uv":[6.75,8.75,7,10.25],"texture":"#2"},"west":{"uv":[7,8.75,7.25,10.25],"texture":"#2"},"up":{"uv":[10.75,3.25,10.5,3],"texture":"#2"},"down":{"uv":[10.75,3.25,10.5,3.5],"texture":"#2"}}},{"from":[6.8125,5,20.5],"to":[8.8125,7,21.5],"rotation":{"angle":0,"axis":"y","origin":[8,10.75,8]},"faces":{"north":{"uv":[10.5,5,10.75,5.25],"texture":"#2"},"east":{"uv":[2.5,10.625,2.625,10.875],"texture":"#2"},"south":{"uv":[5.25,10.5,5.5,10.75],"texture":"#2"},"west":{"uv":[2.625,10.625,2.75,10.875],"texture":"#2"},"up":{"uv":[3,10.75,2.75,10.625],"texture":"#2"},"down":{"uv":[3.25,10.625,3,10.75],"texture":"#2"}}},{"from":[2.8125,4,20],"to":[6.8125,8,22],"rotation":{"angle":0,"axis":"y","origin":[8,10.75,8]},"faces":{"north":{"uv":[9.25,9.875,9.75,10.375],"texture":"#2"},"east":{"uv":[4.25,10,4.5,10.5],"texture":"#2"},"south":{"uv":[3.75,10,4.25,10.5],"texture":"#2"},"west":{"uv":[6,10,6.25,10.5],"texture":"#2"},"up":{"uv":[10.625,6.875,10.125,6.625],"texture":"#2"},"down":{"uv":[0.875,10.25,0.375,10.5],"texture":"#2"}}},{"from":[0.8125,10,20.5],"to":[8.8125,12,22.5],"rotation":{"angle":0,"axis":"y","origin":[8,10.75,8]},"faces":{"north":{"uv":[2.75,10,3.75,10.25],"texture":"#2"},"east":{"uv":[6,10.5,6.25,10.75],"texture":"#2"},"south":{"uv":[10,4,11,4.25],"texture":"#2"},"west":{"uv":[10.5,6,10.75,6.25],"texture":"#2"},"up":{"uv":[11,4.5,10,4.25],"texture":"#2"},"down":{"uv":[11,4.5,10,4.75],"texture":"#2"}}},{"from":[3.8125,8,20.5],"to":[5.8125,10,21.5],"rotation":{"angle":0,"axis":"y","origin":[8,10.75,8]},"faces":{"north":{"uv":[5.5,10.5,5.75,10.75],"texture":"#2"},"east":{"uv":[3.25,10.625,3.375,10.875],"texture":"#2"},"south":{"uv":[5.75,10.5,6,10.75],"texture":"#2"},"west":{"uv":[3.375,10.625,3.5,10.875],"texture":"#2"},"up":{"uv":[3.75,10.75,3.5,10.625],"texture":"#2"},"down":{"uv":[10.875,5.25,10.625,5.375],"texture":"#2"}}},{"from":[3.8125,2,20.5],"to":[5.8125,4,21.5],"rotation":{"angle":0,"axis":"y","origin":[8,10.75,8]},"faces":{"north":{"uv":[10.5,3.75,10.75,4],"texture":"#2"},"east":{"uv":[1.25,10.625,1.375,10.875],"texture":"#2"},"south":{"uv":[4,10.5,4.25,10.75],"texture":"#2"},"west":{"uv":[1.375,10.625,1.5,10.875],"texture":"#2"},"up":{"uv":[10.75,7.875,10.5,7.75],"texture":"#2"},"down":{"uv":[1.75,10.625,1.5,10.75],"texture":"#2"}}},{"from":[0.8125,5,20.5],"to":[2.8125,7,21.5],"rotation":{"angle":0,"axis":"y","origin":[8,10.75,8]},"faces":{"north":{"uv":[4.25,10.5,4.5,10.75],"texture":"#2"},"east":{"uv":[1.75,10.625,1.875,10.875],"texture":"#2"},"south":{"uv":[10.5,4.75,10.75,5],"texture":"#2"},"west":{"uv":[1.875,10.625,2,10.875],"texture":"#2"},"up":{"uv":[2.25,10.75,2,10.625],"texture":"#2"},"down":{"uv":[2.5,10.625,2.25,10.75],"texture":"#2"}}},{"from":[-1.1875,0,20.5],"to":[0.8125,12,22.5],"rotation":{"angle":0,"axis":"y","origin":[8,10.75,8]},"faces":{"north":{"uv":[0,8.75,0.25,10.25],"texture":"#2"},"east":{"uv":[0.25,8.75,0.5,10.25],"texture":"#2"},"south":{"uv":[0.5,8.75,0.75,10.25],"texture":"#2"},"west":{"uv":[0.75,8.75,1,10.25],"texture":"#2"},"up":{"uv":[10.75,1.75,10.5,1.5],"texture":"#2"},"down":{"uv":[10.75,1.75,10.5,2],"texture":"#2"}}},{"from":[2.8125,4,4],"to":[6.8125,8,12],"rotation":{"angle":0,"axis":"y","origin":[8,10.75,8]},"faces":{"north":{"uv":[1.25,9.75,1.75,10.25],"texture":"#2"},"east":{"uv":[8,8.125,9,8.625],"texture":"#2"},"south":{"uv":[1.75,9.75,2.25,10.25],"texture":"#2"},"west":{"uv":[0,8.25,1,8.75],"texture":"#2"},"up":{"uv":[1.5,9.25,1,8.25],"texture":"#2"},"down":{"uv":[2,8.25,1.5,9.25],"texture":"#2"}}},{"from":[3.8125,5,-5],"to":[5.8125,7,21],"rotation":{"angle":0,"axis":"y","origin":[8,10.75,8]},"faces":{"north":{"uv":[2.75,9.75,3,10],"texture":"#2"},"east":{"uv":[4.5,7.875,7.75,8.125],"texture":"#2"},"south":{"uv":[10.25,7.625,10.5,7.875],"texture":"#2"},"west":{"uv":[7.75,7.875,11,8.125],"texture":"#2"},"up":{"uv":[8.375,3.25,8.125,0],"texture":"#2"},"down":{"uv":[4.75,8.125,4.5,11.375],"texture":"#2"}}},{"from":[-16,9,-0.75],"to":[-0.25,12,1.25],"rotation":{"angle":0,"axis":"y","origin":[8,10.75,8]},"faces":{"north":{"uv":[8,4,10,4.375],"texture":"#2"},"east":{"uv":[2.75,10.25,3,10.625],"texture":"#2"},"south":{"uv":[8,4.375,10,4.75],"texture":"#2"},"west":{"uv":[3,10.25,3.25,10.625],"texture":"#2"},"up":{"uv":[10.125,6.875,8.125,6.625],"texture":"#2"},"down":{"uv":[4,8.25,2,8.5],"texture":"#2"}}},{"from":[-16,9,14.75],"to":[-0.25,12,16.75],"rotation":{"angle":0,"axis":"y","origin":[8,10.75,8]},"faces":{"north":{"uv":[10,4.375,8,4.75],"texture":"#2"},"east":{"uv":[3,10.25,2.75,10.625],"texture":"#2"},"south":{"uv":[10,4,8,4.375],"texture":"#2"},"west":{"uv":[3.25,10.25,3,10.625],"texture":"#2"},"up":{"uv":[10.125,6.625,8.125,6.875],"texture":"#2"},"down":{"uv":[4,8.5,2,8.25],"texture":"#2"}}},{"from":[-12.1875,8.75,-1],"to":[-4.4375,12.25,1.5],"rotation":{"angle":0,"axis":"y","origin":[8,10.75,8]},"faces":{"north":{"uv":[8.375,0,9.375,0.5],"texture":"#2"},"east":{"uv":[10.125,3.5,10.5,4],"texture":"#2"},"south":{"uv":[8.375,0.5,9.375,1],"texture":"#2"},"west":{"uv":[10.125,6.125,10.5,6.625],"texture":"#2"},"up":{"uv":[9.75,9,8.75,8.625],"texture":"#2"},"down":{"uv":[3,8.875,2,9.25],"texture":"#2"}}},{"name":"cube inverted","from":[-4.4375,12.25,1.5],"to":[-12.1875,8.75,-1],"rotation":{"angle":0,"axis":"y","origin":[8,10.75,8]},"faces":{"north":{"uv":[8.375,1,9.375,1.5],"texture":"#2"},"east":{"uv":[8,10.125,8.375,10.625],"texture":"#2"},"south":{"uv":[8.375,1.5,9.375,2],"texture":"#2"},"west":{"uv":[8.375,10.125,8.75,10.625],"texture":"#2"},"up":{"uv":[10,8.5,9,8.125],"texture":"#2"},"down":{"uv":[9.75,9,8.75,9.375],"texture":"#2"}}},{"name":"cube inverted","from":[-4.4375,12.25,17],"to":[-12.1875,8.75,14.5],"rotation":{"angle":0,"axis":"y","origin":[8,10.75,8]},"faces":{"north":{"uv":[8.375,2,9.375,2.5],"texture":"#2"},"east":{"uv":[10.125,10,10.5,10.5],"texture":"#2"},"south":{"uv":[8.375,2.5,9.375,3],"texture":"#2"},"west":{"uv":[0,10.25,0.375,10.75],"texture":"#2"},"up":{"uv":[6.25,9.5,5.25,9.125],"texture":"#2"},"down":{"uv":[10.125,6.125,9.125,6.5],"texture":"#2"}}}],"gui_light":"front","display":{"thirdperson_righthand":{"rotation":[49,0,0],"translation":[-1.75,1,0.25],"scale":[0.16,0.16,0.16]},"thirdperson_lefthand":{"rotation":[49,0,0],"translation":[1,1,0.25],"scale":[0.16,0.16,0.16]},"firstperson_righthand":{"rotation":[0,-84.25,0],"translation":[-0.75,4.75,3],"scale":[0.19,0.19,0.19]},"firstperson_lefthand":{"rotation":[0,-84.25,0],"translation":[-0.75,4.75,3],"scale":[0.19,0.19,0.19]},"ground":{"translation":[-1.75,2.25,0],"scale":[0.26,0.26,0.26]},"gui":{"rotation":[11.75,52,0],"translation":[-0.75,-1,0],"scale":[0.33,0.33,0.33]},"head":{"scale":[0,0,0]},"fixed":{"rotation":[-90,0,0],"translation":[0,0,-16],"scale":[2,2,2]}},"groups":[{"name":"group","origin":[-15.4375,14,1.25],"color":0,"children":[0,1,2,3,4,5,6,7,8,9,10,11,12,13,14,15,16,17,18,19,20,21,22,23,24,25,26,27,28,29,30,31,32,33,34,35,36,37,38,39,40,41,42,43,44,45,46,47,48,49,50,51,52,53,54,55,56,57,58,59,60,61,62]}],"mcmodels":"2001bf3a6a296acef32bcc300e868e72"}