{"credit":"Created by Workshop Six","texture_size":[128,128],"textures":{"3":"workshop_six:vanilla_outdoor_furniture/well_bamboo"},"elements":[{"from":[22,-16,6],"to":[24,30,10],"rotation":{"angle":0,"axis":"y","origin":[22,-16,8]},"faces":{"north":{"uv":[0,9.375,0.25,15.125],"texture":"#3"},"east":{"uv":[5.5,8.125,6,13.875],"texture":"#3"},"south":{"uv":[0.25,9.375,0.5,15.125],"texture":"#3"},"west":{"uv":[6,8.125,6.5,13.875],"texture":"#3"},"up":{"uv":[5.125,12.375,4.875,11.875],"texture":"#3"},"down":{"uv":[10.5,11.875,10.25,12.375],"texture":"#3"}}},{"from":[-8,-16,6],"to":[-6,30,10],"rotation":{"angle":0,"axis":"y","origin":[-6,-16,8]},"faces":{"north":{"uv":[0.5,9.375,0.75,15.125],"texture":"#3"},"east":{"uv":[6.5,8.125,7,13.875],"texture":"#3"},"south":{"uv":[0.75,9.375,1,15.125],"texture":"#3"},"west":{"uv":[7,8.125,7.5,13.875],"texture":"#3"},"up":{"uv":[12.375,10.875,12.125,10.375],"texture":"#3"},"down":{"uv":[12.125,12.125,11.875,12.625],"texture":"#3"}}},{"from":[-9,27.5,5.14645],"to":[25,31.5,9.14645],"rotation":{"angle":-45,"axis":"x","origin":[8,30.5,7.64645]},"faces":{"north":{"uv":[7.5,8.125,11.75,8.625],"texture":"#3"},"east":{"uv":[2.625,10.5,3.125,11],"texture":"#3"},"south":{"uv":[8.5,0,12.75,0.5],"texture":"#3"},"west":{"uv":[11.75,3.25,12.25,3.75],"texture":"#3"},"up":{"uv":[12.75,1,8.5,0.5],"texture":"#3"},"down":{"uv":[12.75,1,8.5,1.5],"texture":"#3"}}},{"from":[-6,12.5,6.14645],"to":[22,14.5,8.14645],"rotation":{"angle":-45,"axis":"x","origin":[8,14.5,7.64645]},"faces":{"north":{"uv":[9.75,6.25,13.25,6.5],"texture":"#3"},"east":{"uv":[2.5,9.375,2.75,9.625],"texture":"#3"},"south":{"uv":[9.75,6.5,13.25,6.75],"texture":"#3"},"west":{"uv":[12.25,5.375,12.5,5.625],"texture":"#3"},"up":{"uv":[13.25,7,9.75,6.75],"texture":"#3"},"down":{"uv":[13.25,7,9.75,7.25],"texture":"#3"}}},{"from":[-2,12,5.64645],"to":[18,15,8.64645],"rotation":{"angle":-45,"axis":"x","origin":[8,14.5,7.64645]},"faces":{"north":{"uv":[9.5,9.625,12,10],"texture":"#3"},"east":{"uv":[11.25,1.625,11.625,2],"texture":"#3"},"south":{"uv":[9.75,5.125,12.25,5.5],"texture":"#3"},"west":{"uv":[11.875,7.25,12.25,7.625],"texture":"#3"},"up":{"uv":[12.25,5.875,9.75,5.5],"texture":"#3"},"down":{"uv":[12.25,5.875,9.75,6.25],"texture":"#3"}}},{"from":[4,11.75,5.39645],"to":[12,15.25,8.89645],"rotation":{"angle":-45,"axis":"x","origin":[8,14.5,7.64645]},"faces":{"north":{"uv":[1,11.25,2,11.75],"texture":"#3"},"east":{"uv":[11.75,3.75,12.25,4.25],"texture":"#3"},"south":{"uv":[2,11.25,3,11.75],"texture":"#3"},"west":{"uv":[11.75,4.25,12.25,4.75],"texture":"#3"},"up":{"uv":[11.5,11.75,10.5,11.25],"texture":"#3"},"down":{"uv":[12.5,11.25,11.5,11.75],"texture":"#3"}}},{"name":"cube inverted","from":[12,15.25,8.89645],"to":[4,11.75,5.39645],"rotation":{"angle":-45,"axis":"x","origin":[8,14.5,7.64645]},"faces":{"north":{"uv":[1,11.75,2,12.25],"texture":"#3"},"east":{"uv":[11.75,8.125,12.25,8.625],"texture":"#3"},"south":{"uv":[11.75,1.625,12.75,2.125],"texture":"#3"},"west":{"uv":[10.875,11.75,11.375,12.25],"texture":"#3"},"up":{"uv":[3,12.25,2,11.75],"texture":"#3"},"down":{"uv":[12.75,2.125,11.75,2.625],"texture":"#3"}}},{"from":[-9,28.51256,-11.44454],"to":[25,29.51256,5.55546],"rotation":{"angle":-45,"axis":"x","origin":[15.5,29.26256,6.05546]},"faces":{"north":{"uv":[9.75,8,14,8.125],"texture":"#3"},"east":{"uv":[8.5,2,10.625,2.125],"texture":"#3"},"south":{"uv":[11,5,15.25,5.125],"texture":"#3"},"west":{"uv":[11.625,10,13.75,10.125],"texture":"#3"},"up":{"uv":[4.25,2.125,0,0],"texture":"#3"},"down":{"uv":[4.25,2.125,0,4.25],"texture":"#3"}}},{"from":[-9,28.51256,10.44454],"to":[25,29.51256,27.44454],"rotation":{"angle":45,"axis":"x","origin":[15.5,29.26256,9.94454]},"faces":{"north":{"uv":[10.5,11.125,14.75,11.25],"texture":"#3"},"east":{"uv":[11.625,10.125,13.75,10.25],"texture":"#3"},"south":{"uv":[11.25,1.5,15.5,1.625],"texture":"#3"},"west":{"uv":[11.625,10.25,13.75,10.375],"texture":"#3"},"up":{"uv":[4.25,6.375,0,4.25],"texture":"#3"},"down":{"uv":[8.5,0,4.25,2.125],"texture":"#3"}}},{"from":[-7.75,25.51256,-11.44454],"to":[-6.75,28.51256,5.55546],"rotation":{"angle":-45,"axis":"x","origin":[15.25,29.26256,6.05546]},"faces":{"north":{"uv":[11.625,1.625,11.75,2],"texture":"#3"},"east":{"uv":[9.75,7.25,11.875,7.625],"texture":"#3"},"south":{"uv":[9.5,12.25,9.625,12.625],"texture":"#3"},"west":{"uv":[9.75,7.625,11.875,8],"texture":"#3"},"up":{"uv":[5.375,11.75,5.25,9.625],"texture":"#3"},"down":{"uv":[5.5,9.625,5.375,11.75],"texture":"#3"}}},{"from":[-7.25,10.51256,-4.44454],"to":[-6.25,13.51256,8.55546],"rotation":{"angle":45,"axis":"x","origin":[15.75,13.26256,9.05546]},"faces":{"north":{"uv":[9.625,12.25,9.75,12.625],"texture":"#3"},"east":{"uv":[1,10.5,2.625,10.875],"texture":"#3"},"south":{"uv":[9.75,12.25,9.875,12.625],"texture":"#3"},"west":{"uv":[10.5,10.375,12.125,10.75],"texture":"#3"},"up":{"uv":[4.125,8,4,6.375],"texture":"#3"},"down":{"uv":[4.25,6.375,4.125,8],"texture":"#3"}}},{"from":[22.75,25.51256,-11.44454],"to":[23.75,28.51256,5.55546],"rotation":{"angle":-45,"axis":"x","origin":[0.75,29.26256,6.05546]},"faces":{"north":{"uv":[10.125,12.25,10.25,12.625],"texture":"#3"},"east":{"uv":[9.5,10,11.625,10.375],"texture":"#3"},"south":{"uv":[10.875,12.25,11,12.625],"texture":"#3"},"west":{"uv":[1,10.125,3.125,10.5],"texture":"#3"},"up":{"uv":[5.25,13.25,5.125,11.125],"texture":"#3"},"down":{"uv":[5.375,11.75,5.25,13.875],"texture":"#3"}}},{"from":[22.25,10.51256,-4.44454],"to":[23.25,13.51256,8.55546],"rotation":{"angle":45,"axis":"x","origin":[0.25,13.26256,9.05546]},"faces":{"north":{"uv":[9.875,12.25,10,12.625],"texture":"#3"},"east":{"uv":[10.5,10.75,12.125,11.125],"texture":"#3"},"south":{"uv":[10,12.25,10.125,12.625],"texture":"#3"},"west":{"uv":[1,10.875,2.625,11.25],"texture":"#3"},"up":{"uv":[11.5,13.375,11.375,11.75],"texture":"#3"},"down":{"uv":[11.625,11.75,11.5,13.375],"texture":"#3"}}},{"from":[22.75,25.51256,10.44454],"to":[23.75,28.51256,27.44454],"rotation":{"angle":45,"axis":"x","origin":[0.75,29.26256,9.94454]},"faces":{"north":{"uv":[9.5,12.25,9.625,12.625],"texture":"#3"},"east":{"uv":[9.75,7.625,11.875,8],"texture":"#3"},"south":{"uv":[11.625,1.625,11.75,2],"texture":"#3"},"west":{"uv":[9.75,7.25,11.875,7.625],"texture":"#3"},"up":{"uv":[10.75,13.875,10.625,11.75],"texture":"#3"},"down":{"uv":[10.875,11.75,10.75,13.875],"texture":"#3"}}},{"from":[22.25,10.51256,7.44454],"to":[23.25,13.51256,20.44454],"rotation":{"angle":-45,"axis":"x","origin":[0.25,13.26256,6.94454]},"faces":{"north":{"uv":[9.75,12.25,9.875,12.625],"texture":"#3"},"east":{"uv":[10.5,10.375,12.125,10.75],"texture":"#3"},"south":{"uv":[9.625,12.25,9.75,12.625],"texture":"#3"},"west":{"uv":[1,10.5,2.625,10.875],"texture":"#3"},"up":{"uv":[3.75,13.5,3.625,11.875],"texture":"#3"},"down":{"uv":[3.875,11.875,3.75,13.5],"texture":"#3"}}},{"from":[-7.75,25.51256,10.44454],"to":[-6.75,28.51256,27.44454],"rotation":{"angle":45,"axis":"x","origin":[15.25,29.26256,9.94454]},"faces":{"north":{"uv":[10.875,12.25,11,12.625],"texture":"#3"},"east":{"uv":[1,10.125,3.125,10.5],"texture":"#3"},"south":{"uv":[10.125,12.25,10.25,12.625],"texture":"#3"},"west":{"uv":[9.5,10,11.625,10.375],"texture":"#3"},"up":{"uv":[5.5,13.875,5.375,11.75],"texture":"#3"},"down":{"uv":[10.625,11.75,10.5,13.875],"texture":"#3"}}},{"from":[-7.25,10.51256,7.44454],"to":[-6.25,13.51256,20.44454],"rotation":{"angle":-45,"axis":"x","origin":[15.75,13.26256,6.94454]},"faces":{"north":{"uv":[10,12.25,10.125,12.625],"texture":"#3"},"east":{"uv":[1,10.875,2.625,11.25],"texture":"#3"},"south":{"uv":[9.875,12.25,10,12.625],"texture":"#3"},"west":{"uv":[10.5,10.75,12.125,11.125],"texture":"#3"},"up":{"uv":[11.75,13.375,11.625,11.75],"texture":"#3"},"down":{"uv":[11.875,11.75,11.75,13.375],"texture":"#3"}}},{"from":[-7,-16,-8],"to":[-3,-4,24],"rotation":{"angle":0,"axis":"y","origin":[-7,-16,0]},"faces":{"north":{"uv":[3.75,9.625,4.25,11.125],"texture":"#3"},"east":{"uv":[0,6.375,4,7.875],"texture":"#3"},"south":{"uv":[4.25,9.625,4.75,11.125],"texture":"#3"},"west":{"uv":[7,2.125,11,3.625],"texture":"#3"},"up":{"uv":[8,12.625,7.5,8.625],"texture":"#3"},"down":{"uv":[8.5,8.625,8,12.625],"texture":"#3"}}},{"from":[19,-16,-8],"to":[23,-4,24],"rotation":{"angle":0,"axis":"y","origin":[19,-16,0]},"faces":{"north":{"uv":[4.25,9.625,4.75,11.125],"texture":"#3"},"east":{"uv":[7,2.125,11,3.625],"texture":"#3"},"south":{"uv":[3.75,9.625,4.25,11.125],"texture":"#3"},"west":{"uv":[7,3.625,11,5.125],"texture":"#3"},"up":{"uv":[9,12.625,8.5,8.625],"texture":"#3"},"down":{"uv":[9.5,8.625,9,12.625],"texture":"#3"}}},{"from":[-3,-16,20],"to":[19,-4,24],"rotation":{"angle":0,"axis":"y","origin":[8,-10,9]},"faces":{"north":{"uv":[0,7.875,2.75,9.375],"texture":"#3"},"east":{"uv":[9.5,10.375,10,11.875],"texture":"#3"},"south":{"uv":[2.75,8.125,5.5,9.625],"texture":"#3"},"west":{"uv":[10,10.375,10.5,11.875],"texture":"#3"},"up":{"uv":[12.25,9.625,9.5,9.125],"texture":"#3"},"down":{"uv":[3.75,9.625,1,10.125],"texture":"#3"}}},{"from":[-3,-16,-8],"to":[19,-4,-4],"rotation":{"angle":0,"axis":"y","origin":[8,-10,7]},"faces":{"north":{"uv":[7,5.125,9.75,6.625],"texture":"#3"},"east":{"uv":[4.75,9.625,5.25,11.125],"texture":"#3"},"south":{"uv":[7,6.625,9.75,8.125],"texture":"#3"},"west":{"uv":[3.125,10.125,3.625,11.625],"texture":"#3"},"up":{"uv":[11.25,2,8.5,1.5],"texture":"#3"},"down":{"uv":[12.25,8.625,9.5,9.125],"texture":"#3"}}},{"from":[-3,-15.75,-4],"to":[19,-15.75,20],"rotation":{"angle":0,"axis":"y","origin":[-3,-15.75,0]},"faces":{"north":{"uv":[0,0,2.75,0],"texture":"#3"},"east":{"uv":[0,0,3,0],"texture":"#3"},"south":{"uv":[0,0,2.75,0],"texture":"#3"},"west":{"uv":[0,0,3,0],"texture":"#3"},"up":{"uv":[7,5.125,4.25,2.125],"texture":"#3"},"down":{"uv":[7,5.125,4.25,8.125],"texture":"#3"}}},{"from":[7.5,5,8],"to":[8.5,12,8],"rotation":{"angle":0,"axis":"y","origin":[6.5,10,8]},"faces":{"north":{"uv":[3.625,10.125,3.75,11],"texture":"#3"},"east":{"uv":[0,0,0,0.875],"texture":"#3"},"south":{"uv":[3.625,10.125,3.75,11],"texture":"#3"},"west":{"uv":[0,0,0,0.875],"texture":"#3"},"up":{"uv":[0.125,0,0,0],"texture":"#3"},"down":{"uv":[0.125,0,0,0],"texture":"#3"}}},{"from":[5,-4,5],"to":[11,2,11],"rotation":{"angle":0,"axis":"y","origin":[4,-4,5]},"faces":{"north":{"uv":[11,2,11.75,2.75],"texture":"#3"},"east":{"uv":[11,2.75,11.75,3.5],"texture":"#3"},"south":{"uv":[11,3.5,11.75,4.25],"texture":"#3"},"west":{"uv":[11,4.25,11.75,5],"texture":"#3"},"up":{"uv":[4.375,11.875,3.625,11.125],"texture":"#3"},"down":{"uv":[5.125,11.125,4.375,11.875],"texture":"#3"}}},{"from":[5,2,5],"to":[11,3,6],"rotation":{"angle":0,"axis":"y","origin":[4,2,5]},"faces":{"north":{"uv":[1,9.375,1.75,9.5],"texture":"#3"},"east":{"uv":[10.875,2,11,2.125],"texture":"#3"},"south":{"uv":[1.75,9.375,2.5,9.5],"texture":"#3"},"west":{"uv":[3.625,11,3.75,11.125],"texture":"#3"},"up":{"uv":[1.75,9.625,1,9.5],"texture":"#3"},"down":{"uv":[2.5,9.5,1.75,9.625],"texture":"#3"}}},{"from":[5,2,10],"to":[11,3,11],"rotation":{"angle":0,"axis":"y","origin":[4,2,10]},"faces":{"north":{"uv":[11.75,4.75,12.5,4.875],"texture":"#3"},"east":{"uv":[12.25,6.125,12.375,6.25],"texture":"#3"},"south":{"uv":[11.75,4.875,12.5,5],"texture":"#3"},"west":{"uv":[12.25,11.75,12.375,11.875],"texture":"#3"},"up":{"uv":[12.75,9.75,12,9.625],"texture":"#3"},"down":{"uv":[12.75,9.75,12,9.875],"texture":"#3"}}},{"from":[5,2,6],"to":[6,3,10],"rotation":{"angle":0,"axis":"y","origin":[8,2.5,9]},"faces":{"north":{"uv":[12.25,11.875,12.375,12],"texture":"#3"},"east":{"uv":[12.25,5.625,12.75,5.75],"texture":"#3"},"south":{"uv":[12.25,12,12.375,12.125],"texture":"#3"},"west":{"uv":[12.25,5.75,12.75,5.875],"texture":"#3"},"up":{"uv":[12.375,7.75,12.25,7.25],"texture":"#3"},"down":{"uv":[12.375,8.125,12.25,8.625],"texture":"#3"}}},{"from":[10,2,6],"to":[11,3,10],"rotation":{"angle":0,"axis":"y","origin":[8,2.5,9]},"faces":{"north":{"uv":[12.375,2.625,12.5,2.75],"texture":"#3"},"east":{"uv":[12.25,5.875,12.75,6],"texture":"#3"},"south":{"uv":[12.375,2.75,12.5,2.875],"texture":"#3"},"west":{"uv":[12.25,6,12.75,6.125],"texture":"#3"},"up":{"uv":[12.375,9.125,12.25,8.625],"texture":"#3"},"down":{"uv":[12.375,9.125,12.25,9.625],"texture":"#3"}}},{"from":[5.5,-5,5.5],"to":[10.5,-4,10.5],"rotation":{"angle":0,"axis":"y","origin":[3.5,-5,5.5]},"faces":{"north":{"uv":[12,9.875,12.625,10],"texture":"#3"},"east":{"uv":[2.875,12.25,3.5,12.375],"texture":"#3"},"south":{"uv":[12.25,3.25,12.875,3.375],"texture":"#3"},"west":{"uv":[12.25,3.375,12.875,3.5],"texture":"#3"},"up":{"uv":[3.625,12.25,3,11.625],"texture":"#3"},"down":{"uv":[12.375,2.625,11.75,3.25],"texture":"#3"}}},{"from":[10.5,0,7],"to":[11.5,5,9],"rotation":{"angle":0,"axis":"y","origin":[4.5,0,5]},"faces":{"north":{"uv":[3,11,3.125,11.625],"texture":"#3"},"east":{"uv":[3.875,11.875,4.125,12.5],"texture":"#3"},"south":{"uv":[3.5,12.25,3.625,12.875],"texture":"#3"},"west":{"uv":[4.125,11.875,4.375,12.5],"texture":"#3"},"up":{"uv":[12.375,8,12.25,7.75],"texture":"#3"},"down":{"uv":[11.125,12.25,11,12.5],"texture":"#3"}}},{"from":[4.5,0,7],"to":[5.5,5,9],"rotation":{"angle":0,"axis":"y","origin":[-1.5,0,5]},"faces":{"north":{"uv":[12.25,3.5,12.375,4.125],"texture":"#3"},"east":{"uv":[4.375,11.875,4.625,12.5],"texture":"#3"},"south":{"uv":[12.25,4.125,12.375,4.75],"texture":"#3"},"west":{"uv":[4.625,11.875,4.875,12.5],"texture":"#3"},"up":{"uv":[11.25,12.5,11.125,12.25],"texture":"#3"},"down":{"uv":[11.375,12.25,11.25,12.5],"texture":"#3"}}},{"from":[5.5,4,7],"to":[10.5,5,9],"rotation":{"angle":0,"axis":"y","origin":[-0.5,0,5]},"faces":{"north":{"uv":[12.25,5.125,12.875,5.25],"texture":"#3"},"east":{"uv":[4,8,4.25,8.125],"texture":"#3"},"south":{"uv":[12.25,5.25,12.875,5.375],"texture":"#3"},"west":{"uv":[10.625,2,10.875,2.125],"texture":"#3"},"up":{"uv":[3.375,8.125,2.75,7.875],"texture":"#3"},"down":{"uv":[4,7.875,3.375,8.125],"texture":"#3"}}},{"from":[6.5,3.75,6.75],"to":[9.5,5.25,9.25],"rotation":{"angle":0,"axis":"y","origin":[-0.5,0,5]},"faces":{"north":{"uv":[2.625,11,3,11.25],"texture":"#3"},"east":{"uv":[12.125,10.875,12.5,11.125],"texture":"#3"},"south":{"uv":[12.125,12.125,12.5,12.375],"texture":"#3"},"west":{"uv":[1,12.25,1.375,12.5],"texture":"#3"},"up":{"uv":[12.25,8,11.875,7.625],"texture":"#3"},"down":{"uv":[9.875,11.875,9.5,12.25],"texture":"#3"}}},{"name":"cube inverted","from":[9.5,5.25,9.25],"to":[6.5,3.75,6.75],"rotation":{"angle":0,"axis":"y","origin":[-0.5,0,5]},"faces":{"north":{"uv":[1.375,12.25,1.75,12.5],"texture":"#3"},"east":{"uv":[1.75,12.25,2.125,12.5],"texture":"#3"},"south":{"uv":[2.125,12.25,2.5,12.5],"texture":"#3"},"west":{"uv":[2.5,12.25,2.875,12.5],"texture":"#3"},"up":{"uv":[10.25,12.25,9.875,11.875],"texture":"#3"},"down":{"uv":[12.25,11.75,11.875,12.125],"texture":"#3"}}}],"gui_light":"front","display":{"thirdperson_righthand":{"rotation":[49,0,0],"translation":[0,0,-0.5],"scale":[0.27,0.27,0.27]},"thirdperson_lefthand":{"rotation":[49,0,0],"translation":[0.5,0,-0.5],"scale":[0.27,0.27,0.27]},"firstperson_righthand":{"translation":[2,4.75,1.5],"scale":[0.27,0.27,0.27]},"firstperson_lefthand":{"translation":[2,4.75,1.5],"scale":[0.27,0.27,0.27]},"ground":{"translation":[0,7,0],"scale":[0.3,0.3,0.3]},"gui":{"rotation":[11.75,-24,0],"translation":[0,0.5,0],"scale":[0.27,0.27,0.27]},"head":{"scale":[0,0,0]},"fixed":{"rotation":[-90,0,0],"translation":[0,0,-48],"scale":[2,2,2]}},"groups":[0,1,2,3,4,5,6,7,8,9,10,11,12,13,14,15,16,17,18,19,20,21,22,{"name":"bucket","origin":[-20.5,5,0],"color":0,"children":[23,24,25,26,27,28,29,30,31,32,33]}],"mcmodels":"2001bf3a6a296acef32bcc300e868e72"}