{"variants":{"west=true,up=true,south=true,north=true,east=true,down=true":{"model":"block/original/chorus_plant"},"down=false,east=false,north=false,south=false,up=false,west=true":{"model":"woods:ia_auto_gen/autumn_leaves"},"down=false,east=false,north=false,south=false,up=true,west=false":{"model":"woods:ia_auto_gen/winter_leaves"},"down=false,east=false,north=false,south=false,up=true,west=true":{"model":"woods:ia_auto_gen/cherry_leaves"},"down=false,east=false,north=false,south=true,up=false,west=false":{"model":"woods:ia_auto_gen/tropical_leaves"},"down=false,east=false,north=false,south=true,up=false,west=true":{"model":"woods:ia_auto_gen/hell_leaves"},"down=false,east=false,north=false,south=true,up=true,west=false":{"model":"woods:ia_auto_gen/enchanted_leaves"},"down=false,east=false,north=false,south=true,up=true,west=true":{"model":"crops:machine"},"down=false,east=false,north=true,south=false,up=false,west=true":{"model":"fishing_pack:item/crabtrap2"}}}