{"variants":{"attached=false,east=false,north=false,south=false,disarmed=false,west=false,powered=false":{"model":"block/tripwire_attached_n"},"attached=false,east=false,north=false,south=true,disarmed=true,west=false,powered=false":{"model":"block/tripwire_attached_n"},"attached=false,east=false,north=false,south=true,disarmed=true,west=false,powered=true":{"model":"block/tripwire_attached_n"},"attached=false,east=false,north=false,south=true,disarmed=true,west=true,powered=true":{"model":"block/tripwire_attached_n"},"attached=false,east=false,north=true,south=false,disarmed=false,west=false,powered=false":{"model":"block/tripwire_attached_n"},"attached=false,east=false,north=true,south=false,disarmed=false,west=false,powered=true":{"model":"block/tripwire_attached_n"},"attached=false,east=false,north=true,south=false,disarmed=false,west=true,powered=false":{"model":"block/tripwire_attached_n"},"attached=false,east=false,north=true,south=false,disarmed=false,west=true,powered=true":{"model":"block/tripwire_attached_n"},"attached=false,east=false,north=true,south=false,disarmed=true,west=false,powered=false":{"model":"block/tripwire_attached_n"},"attached=false,east=false,north=true,south=false,disarmed=true,west=false,powered=true":{"model":"block/tripwire_attached_n"},"attached=false,east=false,north=true,south=false,disarmed=true,west=true,powered=false":{"model":"block/tripwire_attached_n"},"attached=false,east=false,north=true,south=false,disarmed=true,west=true,powered=true":{"model":"block/tripwire_attached_n"},"attached=false,east=false,north=true,south=true,disarmed=false,west=false,powered=false":{"model":"block/tripwire_attached_n"},"attached=false,east=false,north=true,south=true,disarmed=false,west=false,powered=true":{"model":"block/tripwire_attached_n"},"attached=false,east=false,north=true,south=true,disarmed=false,west=true,powered=false":{"model":"block/tripwire_attached_n"},"attached=false,east=false,north=true,south=true,disarmed=false,west=true,powered=true":{"model":"block/tripwire_attached_n"},"attached=false,east=false,north=true,south=true,disarmed=true,west=false,powered=false":{"model":"block/tripwire_attached_n"},"attached=false,east=false,north=true,south=true,disarmed=true,west=false,powered=true":{"model":"block/tripwire_attached_n"},"attached=false,east=false,north=true,south=true,disarmed=true,west=true,powered=false":{"model":"block/tripwire_attached_n"},"attached=false,east=false,north=true,south=true,disarmed=true,west=true,powered=true":{"model":"block/tripwire_attached_n"},"attached=false,east=true,north=false,south=false,disarmed=false,west=false,powered=false":{"model":"block/tripwire_attached_n"},"attached=false,east=true,north=false,south=false,disarmed=false,west=false,powered=true":{"model":"block/tripwire_attached_n"},"attached=false,east=true,north=false,south=false,disarmed=false,west=true,powered=false":{"model":"block/tripwire_attached_n"},"attached=false,east=true,north=false,south=false,disarmed=false,west=true,powered=true":{"model":"block/tripwire_attached_n"},"attached=false,east=true,north=false,south=false,disarmed=true,west=false,powered=false":{"model":"block/tripwire_attached_n"},"attached=false,east=true,north=false,south=false,disarmed=true,west=false,powered=true":{"model":"block/tripwire_attached_n"},"attached=false,east=true,north=false,south=false,disarmed=true,west=true,powered=false":{"model":"block/tripwire_attached_n"},"attached=false,east=true,north=false,south=false,disarmed=true,west=true,powered=true":{"model":"block/tripwire_attached_n"},"attached=false,east=true,north=false,south=true,disarmed=false,west=false,powered=false":{"model":"block/tripwire_attached_n"},"attached=false,east=true,north=false,south=true,disarmed=false,west=false,powered=true":{"model":"block/tripwire_attached_n"},"attached=false,east=true,north=false,south=true,disarmed=false,west=true,powered=false":{"model":"block/tripwire_attached_n"},"attached=false,east=true,north=false,south=true,disarmed=false,west=true,powered=true":{"model":"block/tripwire_attached_n"},"attached=false,east=true,north=false,south=true,disarmed=true,west=false,powered=false":{"model":"block/tripwire_attached_n"},"attached=false,east=true,north=false,south=true,disarmed=true,west=false,powered=true":{"model":"block/tripwire_attached_n"},"attached=false,east=true,north=false,south=true,disarmed=true,west=true,powered=false":{"model":"block/tripwire_attached_n"},"attached=false,east=true,north=false,south=true,disarmed=true,west=true,powered=true":{"model":"block/tripwire_attached_n"},"attached=false,east=true,north=true,south=false,disarmed=false,west=false,powered=false":{"model":"block/tripwire_attached_n"},"attached=false,east=true,north=true,south=false,disarmed=false,west=false,powered=true":{"model":"block/tripwire_attached_n"},"attached=false,east=true,north=true,south=false,disarmed=false,west=true,powered=false":{"model":"block/tripwire_attached_n"},"attached=false,east=true,north=true,south=false,disarmed=false,west=true,powered=true":{"model":"block/tripwire_attached_n"},"attached=false,east=true,north=true,south=false,disarmed=true,west=false,powered=false":{"model":"block/tripwire_attached_n"},"attached=false,east=true,north=true,south=false,disarmed=true,west=false,powered=true":{"model":"block/tripwire_attached_n"},"attached=false,east=true,north=true,south=false,disarmed=true,west=true,powered=false":{"model":"block/tripwire_attached_n"},"attached=false,east=true,north=true,south=false,disarmed=true,west=true,powered=true":{"model":"block/tripwire_attached_n"},"attached=false,east=true,north=true,south=true,disarmed=false,west=false,powered=false":{"model":"block/tripwire_attached_n"},"attached=false,east=true,north=true,south=true,disarmed=false,west=false,powered=true":{"model":"block/tripwire_attached_n"},"attached=false,east=true,north=true,south=true,disarmed=false,west=true,powered=false":{"model":"block/tripwire_attached_n"},"attached=false,east=true,north=true,south=true,disarmed=false,west=true,powered=true":{"model":"block/tripwire_attached_n"},"attached=false,east=true,north=true,south=true,disarmed=true,west=false,powered=false":{"model":"block/tripwire_attached_n"},"attached=false,east=true,north=true,south=true,disarmed=true,west=false,powered=true":{"model":"block/tripwire_attached_n"},"attached=false,east=true,north=true,south=true,disarmed=true,west=true,powered=false":{"model":"block/tripwire_attached_n"},"attached=false,east=true,north=true,south=true,disarmed=true,west=true,powered=true":{"model":"block/tripwire_attached_n"},"attached=true,east=false,north=false,south=false,disarmed=false,west=false,powered=false":{"model":"block/tripwire_attached_n"},"attached=true,east=false,north=false,south=false,disarmed=false,west=false,powered=true":{"model":"block/tripwire_attached_n"},"attached=true,east=false,north=false,south=false,disarmed=false,west=true,powered=false":{"model":"block/tripwire_attached_n"},"attached=true,east=false,north=false,south=false,disarmed=false,west=true,powered=true":{"model":"block/tripwire_attached_n"},"attached=true,east=false,north=false,south=false,disarmed=true,west=false,powered=false":{"model":"block/tripwire_attached_n"},"attached=true,east=false,north=false,south=false,disarmed=true,west=false,powered=true":{"model":"block/tripwire_attached_n"},"attached=true,east=false,north=false,south=false,disarmed=true,west=true,powered=false":{"model":"block/tripwire_attached_n"},"attached=true,east=false,north=false,south=false,disarmed=true,west=true,powered=true":{"model":"block/tripwire_attached_n"},"attached=true,east=false,north=false,south=true,disarmed=false,west=false,powered=false":{"model":"block/tripwire_attached_n"},"attached=true,east=false,north=false,south=true,disarmed=false,west=false,powered=true":{"model":"block/tripwire_attached_n"},"attached=true,east=false,north=false,south=true,disarmed=false,west=true,powered=false":{"model":"block/tripwire_attached_n"},"attached=true,east=false,north=false,south=true,disarmed=false,west=true,powered=true":{"model":"block/tripwire_attached_n"},"attached=true,east=false,north=false,south=true,disarmed=true,west=false,powered=false":{"model":"block/tripwire_attached_n"},"attached=true,east=false,north=false,south=true,disarmed=true,west=false,powered=true":{"model":"block/tripwire_attached_n"},"attached=true,east=false,north=false,south=true,disarmed=true,west=true,powered=false":{"model":"block/tripwire_attached_n"},"attached=true,east=false,north=false,south=true,disarmed=true,west=true,powered=true":{"model":"block/tripwire_attached_n"},"attached=true,east=false,north=true,south=false,disarmed=false,west=false,powered=false":{"model":"block/tripwire_attached_n"},"attached=true,east=false,north=true,south=false,disarmed=false,west=false,powered=true":{"model":"block/tripwire_attached_n"},"attached=true,east=false,north=true,south=false,disarmed=false,west=true,powered=false":{"model":"block/tripwire_attached_n"},"attached=true,east=false,north=true,south=false,disarmed=false,west=true,powered=true":{"model":"block/tripwire_attached_n"},"attached=true,east=false,north=true,south=false,disarmed=true,west=false,powered=false":{"model":"block/tripwire_attached_n"},"attached=true,east=false,north=true,south=false,disarmed=true,west=false,powered=true":{"model":"block/tripwire_attached_n"},"attached=true,east=false,north=true,south=false,disarmed=true,west=true,powered=false":{"model":"block/tripwire_attached_n"},"attached=true,east=false,north=true,south=false,disarmed=true,west=true,powered=true":{"model":"block/tripwire_attached_n"},"attached=true,east=false,north=true,south=true,disarmed=false,west=false,powered=false":{"model":"block/tripwire_attached_n"},"attached=true,east=false,north=true,south=true,disarmed=false,west=false,powered=true":{"model":"block/tripwire_attached_n"},"attached=true,east=false,north=true,south=true,disarmed=false,west=true,powered=false":{"model":"block/tripwire_attached_n"},"attached=true,east=false,north=true,south=true,disarmed=false,west=true,powered=true":{"model":"block/tripwire_attached_n"},"attached=true,east=false,north=true,south=true,disarmed=true,west=false,powered=false":{"model":"block/tripwire_attached_n"},"attached=true,east=false,north=true,south=true,disarmed=true,west=false,powered=true":{"model":"block/tripwire_attached_n"},"attached=true,east=false,north=true,south=true,disarmed=true,west=true,powered=false":{"model":"block/tripwire_attached_n"},"attached=true,east=false,north=true,south=true,disarmed=true,west=true,powered=true":{"model":"block/tripwire_attached_n"},"attached=true,east=true,north=false,south=false,disarmed=false,west=false,powered=false":{"model":"block/tripwire_attached_n"},"attached=true,east=true,north=false,south=false,disarmed=false,west=false,powered=true":{"model":"block/tripwire_attached_n"},"attached=true,east=true,north=false,south=false,disarmed=false,west=true,powered=false":{"model":"block/tripwire_attached_n"},"attached=true,east=true,north=false,south=false,disarmed=false,west=true,powered=true":{"model":"block/tripwire_attached_n"},"attached=true,east=true,north=false,south=false,disarmed=true,west=false,powered=false":{"model":"block/tripwire_attached_n"},"attached=true,east=true,north=false,south=false,disarmed=true,west=false,powered=true":{"model":"block/tripwire_attached_n"},"attached=true,east=true,north=false,south=false,disarmed=true,west=true,powered=false":{"model":"block/tripwire_attached_n"},"attached=true,east=true,north=false,south=false,disarmed=true,west=true,powered=true":{"model":"block/tripwire_attached_n"},"attached=true,east=true,north=false,south=true,disarmed=false,west=false,powered=false":{"model":"block/tripwire_attached_n"},"attached=true,east=true,north=false,south=true,disarmed=false,west=false,powered=true":{"model":"block/tripwire_attached_n"},"attached=true,east=true,north=false,south=true,disarmed=false,west=true,powered=false":{"model":"block/tripwire_attached_n"},"attached=true,east=true,north=false,south=true,disarmed=false,west=true,powered=true":{"model":"block/tripwire_attached_n"},"attached=true,east=true,north=false,south=true,disarmed=true,west=false,powered=false":{"model":"block/tripwire_attached_n"},"attached=true,east=true,north=false,south=true,disarmed=true,west=false,powered=true":{"model":"block/tripwire_attached_n"},"attached=true,east=true,north=false,south=true,disarmed=true,west=true,powered=false":{"model":"block/tripwire_attached_n"},"attached=true,east=true,north=false,south=true,disarmed=true,west=true,powered=true":{"model":"block/tripwire_attached_n"},"attached=true,east=true,north=true,south=false,disarmed=false,west=false,powered=false":{"model":"block/tripwire_attached_n"},"attached=true,east=true,north=true,south=false,disarmed=false,west=false,powered=true":{"model":"block/tripwire_attached_n"},"attached=true,east=true,north=true,south=false,disarmed=false,west=true,powered=false":{"model":"block/tripwire_attached_n"},"attached=true,east=true,north=true,south=false,disarmed=false,west=true,powered=true":{"model":"block/tripwire_attached_n"},"attached=true,east=true,north=true,south=false,disarmed=true,west=false,powered=false":{"model":"block/tripwire_attached_n"},"attached=true,east=true,north=true,south=false,disarmed=true,west=false,powered=true":{"model":"block/tripwire_attached_n"},"attached=true,east=true,north=true,south=false,disarmed=true,west=true,powered=false":{"model":"block/tripwire_attached_n"},"attached=true,east=true,north=true,south=false,disarmed=true,west=true,powered=true":{"model":"block/tripwire_attached_n"},"attached=true,east=true,north=true,south=true,disarmed=false,west=false,powered=false":{"model":"block/tripwire_attached_n"},"attached=true,east=true,north=true,south=true,disarmed=false,west=false,powered=true":{"model":"block/tripwire_attached_n"},"attached=true,east=true,north=true,south=true,disarmed=false,west=true,powered=false":{"model":"block/tripwire_attached_n"},"attached=true,east=true,north=true,south=true,disarmed=false,west=true,powered=true":{"model":"block/tripwire_attached_n"},"attached=true,east=true,north=true,south=true,disarmed=true,west=false,powered=false":{"model":"block/tripwire_attached_n"},"attached=true,east=true,north=true,south=true,disarmed=true,west=false,powered=true":{"model":"block/tripwire_attached_n"},"attached=true,east=true,north=true,south=true,disarmed=true,west=true,powered=false":{"model":"block/tripwire_attached_n"},"attached=true,east=true,north=true,south=true,disarmed=true,west=true,powered=true":{"model":"block/tripwire_attached_n"},"attached=false,east=false,north=false,south=false,disarmed=false,west=false,powered=true":{"model":"crops:applecrop"},"attached=false,east=false,north=false,south=false,disarmed=false,west=true,powered=false":{"model":"crops:bananacrop"},"attached=false,east=false,north=false,south=false,disarmed=false,west=true,powered=true":{"model":"crops:blueberrycrop"},"attached=false,east=false,north=false,south=false,disarmed=true,west=false,powered=false":{"model":"crops:coconutcrop"},"attached=false,east=false,north=false,south=false,disarmed=true,west=false,powered=true":{"model":"crops:corncrop"},"attached=false,east=false,north=false,south=false,disarmed=true,west=true,powered=false":{"model":"crops:cucumbercrop"},"attached=false,east=false,north=false,south=false,disarmed=true,west=true,powered=true":{"model":"crops:lettucecrop"},"attached=false,east=false,north=false,south=true,disarmed=false,west=false,powered=false":{"model":"crops:mangocrop"},"attached=false,east=false,north=false,south=true,disarmed=false,west=false,powered=true":{"model":"crops:tomatocrop"}}}