{"parent":"minecraft:item/generated","textures":{"layer0":"minecraft:item/charcoal"},"overrides":[{"predicate":{"custom_model_data":10000},"model":"workshop_six:essentials/nature_decor/brown_mushroom_patch"},{"predicate":{"custom_model_data":10001},"model":"workshop_six:essentials/nature_decor/brown_mushroom_patch_large"},{"predicate":{"custom_model_data":10002},"model":"workshop_six:essentials/nature_decor/cattails"},{"predicate":{"custom_model_data":10003},"model":"workshop_six:essentials/nature_decor/clovers"},{"predicate":{"custom_model_data":10004},"model":"workshop_six:essentials/nature_decor/glow_mushroom_patch"},{"predicate":{"custom_model_data":10005},"model":"workshop_six:essentials/nature_decor/glow_mushroom_patch_large"},{"predicate":{"custom_model_data":10006},"model":"workshop_six:essentials/nature_decor/log_mushroom"},{"predicate":{"custom_model_data":10007},"model":"workshop_six:essentials/nature_decor/log_mushroom_corner"},{"predicate":{"custom_model_data":10008},"model":"workshop_six:essentials/nature_decor/log_pile_large"},{"predicate":{"custom_model_data":10009},"model":"workshop_six:essentials/nature_decor/log_pile_large_overgrown"},{"predicate":{"custom_model_data":10010},"model":"workshop_six:essentials/nature_decor/log_pile_small_1"},{"predicate":{"custom_model_data":10011},"model":"workshop_six:essentials/nature_decor/log_pile_small_2"},{"predicate":{"custom_model_data":10012},"model":"workshop_six:essentials/nature_decor/log_pile_small_3"},{"predicate":{"custom_model_data":10013},"model":"workshop_six:essentials/nature_decor/orange_mushroom_patch"},{"predicate":{"custom_model_data":10014},"model":"workshop_six:essentials/nature_decor/orange_mushroom_patch_large"},{"predicate":{"custom_model_data":10015},"model":"workshop_six:essentials/nature_decor/pebbles_1"},{"predicate":{"custom_model_data":10016},"model":"workshop_six:essentials/nature_decor/pebbles_2"},{"predicate":{"custom_model_data":10017},"model":"workshop_six:essentials/nature_decor/pebbles_3"},{"predicate":{"custom_model_data":10018},"model":"workshop_six:essentials/nature_decor/plant"},{"predicate":{"custom_model_data":10019},"model":"workshop_six:essentials/nature_decor/red_mushroom_patch"},{"predicate":{"custom_model_data":10020},"model":"workshop_six:essentials/nature_decor/red_mushroom_patch_large"},{"predicate":{"custom_model_data":10021},"model":"workshop_six:essentials/nature_decor/rock_1"},{"predicate":{"custom_model_data":10022},"model":"workshop_six:essentials/nature_decor/rock_2"},{"predicate":{"custom_model_data":10023},"model":"workshop_six:essentials/nature_decor/rock_3"},{"predicate":{"custom_model_data":10024},"model":"workshop_six:essentials/nature_decor/rock_4"},{"predicate":{"custom_model_data":10025},"model":"workshop_six:blacksmith_forge_furniture/blacksmith_anvil"},{"predicate":{"custom_model_data":10026},"model":"workshop_six:blacksmith_forge_furniture/blacksmith_forge"},{"predicate":{"custom_model_data":10027},"model":"workshop_six:blacksmith_forge_furniture/blacksmith_grinding_wheel"},{"predicate":{"custom_model_data":10028},"model":"workshop_six:blacksmith_forge_furniture/blacksmith_shield_wall_rack"},{"predicate":{"custom_model_data":10029},"model":"workshop_six:blacksmith_forge_furniture/blacksmith_sword_wall_rack"},{"predicate":{"custom_model_data":10030},"model":"workshop_six:blacksmith_forge_furniture/blacksmith_sword_wall_rack_empty"},{"predicate":{"custom_model_data":10031},"model":"workshop_six:blacksmith_forge_furniture/blacksmith_water_bath"},{"predicate":{"custom_model_data":10032},"model":"workshop_six:blacksmith_forge_furniture/blacksmith_weapon_stand"},{"predicate":{"custom_model_data":10033},"model":"workshop_six:blacksmith_forge_furniture/blacksmith_weapon_stand_empty"},{"predicate":{"custom_model_data":10034},"model":"workshop_six:blacksmith_forge_furniture/blacksmith_weapon_stand_small"},{"predicate":{"custom_model_data":10035},"model":"workshop_six:blacksmith_forge_furniture/blacksmith_weapon_stand_small_empty"},{"predicate":{"custom_model_data":10036},"model":"item/charcoal"}]}