{"parent":"builtin/entity","textures":{"particle":"block/oak_planks"},"display":{"gui":{"rotation":[30,45,0],"translation":[0,0,0],"scale":[0.625,0.625,0.625]},"ground":{"rotation":[0,0,0],"translation":[0,3,0],"scale":[0.25,0.25,0.25]},"head":{"rotation":[0,180,0],"translation":[0,0,0],"scale":[1,1,1]},"fixed":{"rotation":[0,180,0],"translation":[0,0,0],"scale":[0.5,0.5,0.5]},"thirdperson_righthand":{"rotation":[75,315,0],"translation":[0,2.5,0],"scale":[0.375,0.375,0.375]},"firstperson_righthand":{"rotation":[0,315,0],"translation":[0,0,0],"scale":[0.4,0.4,0.4]}},"overrides":[{"predicate":{"custom_model_data":10000},"model":"farming:diamond-crate"},{"predicate":{"custom_model_data":10001},"model":"farming:gold-crate"},{"predicate":{"custom_model_data":10002},"model":"farming:silver-crate"},{"predicate":{"custom_model_data":10003},"model":"farming:halloween-crate"},{"predicate":{"custom_model_data":10004},"model":"farming:elemental-crate"},{"predicate":{"custom_model_data":10005},"model":"farming:orange-crate"},{"predicate":{"custom_model_data":10006},"model":"farming:anniversary-crate"},{"predicate":{"custom_model_data":10007},"model":"farming:winter-crate"},{"predicate":{"custom_model_data":10008},"model":"farming:valentine-crate"},{"predicate":{"custom_model_data":10009},"model":"item/chest"}]}