{"parent":"minecraft:item/handheld","textures":{"layer0":"minecraft:item/diamond_hoe"},"overrides":[{"predicate":{"custom_model_data":10000},"model":"hoe_textures:ia_auto_gen/adamantite_hoe"},{"predicate":{"custom_model_data":10001},"model":"hoe_textures:ia_auto_gen/advanced_hoe"},{"predicate":{"custom_model_data":10002},"model":"hoe_textures:ia_auto_gen/amethyst_hoe"},{"predicate":{"custom_model_data":10003},"model":"hoe_textures:ia_auto_gen/aquametal_hoe"},{"predicate":{"custom_model_data":10004},"model":"hoe_textures:ia_auto_gen/bluesteel_hoe"},{"predicate":{"custom_model_data":10005},"model":"hoe_textures:ia_auto_gen/dark_iron_hoe"},{"predicate":{"custom_model_data":10006},"model":"hoe_textures:ia_auto_gen/lava_forge_hoe"},{"predicate":{"custom_model_data":10007},"model":"hoe_textures:ia_auto_gen/meteorite_hoe"},{"predicate":{"custom_model_data":10008},"model":"hoe_textures:ia_auto_gen/mythril_hoe"},{"predicate":{"custom_model_data":10009},"model":"hoe_textures:ia_auto_gen/nuclear_core_hoe"},{"predicate":{"custom_model_data":10010},"model":"hoe_textures:ia_auto_gen/phantom_hoe"},{"predicate":{"custom_model_data":10011},"model":"hoe_textures:ia_auto_gen/prometheum_hoe"},{"predicate":{"custom_model_data":10012},"model":"hoe_textures:ia_auto_gen/spirit_hoe"},{"predicate":{"custom_model_data":10013},"model":"hoe_textures:ia_auto_gen/stardust_hoe"},{"predicate":{"custom_model_data":10014},"model":"hoe_textures:ia_auto_gen/void_hoe"},{"predicate":{"custom_model_data":10015},"model":"detailed_tools:ia_auto_gen/blackhole_hoe"},{"predicate":{"custom_model_data":10016},"model":"detailed_tools:ia_auto_gen/blue_hoe"},{"predicate":{"custom_model_data":10017},"model":"detailed_tools:ia_auto_gen/red_hoe"},{"predicate":{"custom_model_data":10018},"model":"item/diamond_hoe"}]}