{"parent":"minecraft:item/handheld","textures":{"layer0":"minecraft:item/diamond_pickaxe"},"overrides":[{"predicate":{"custom_model_data":10000},"model":"detailed_tools:ia_auto_gen/blackhole_pickaxe"},{"predicate":{"custom_model_data":10001},"model":"detailed_tools:ia_auto_gen/blue_pickaxe"},{"predicate":{"custom_model_data":10002},"model":"detailed_tools:ia_auto_gen/red_pickaxe"},{"predicate":{"custom_model_data":10003},"model":"detailed_tools:ia_auto_gen/purple_pickaxe1"},{"predicate":{"custom_model_data":10004},"model":"detailed_tools:ia_auto_gen/laser_pickaxe"},{"predicate":{"custom_model_data":10005},"model":"item/diamond_pickaxe"}]}