{"parent":"minecraft:item/handheld","textures":{"layer0":"minecraft:item/diamond_sword"},"overrides":[{"predicate":{"custom_model_data":10000},"model":"detailed_tools:ia_auto_gen/blackhole_sword"},{"predicate":{"custom_model_data":10001},"model":"detailed_tools:ia_auto_gen/blue_sword"},{"predicate":{"custom_model_data":10002},"model":"detailed_tools:ia_auto_gen/red_sword"},{"predicate":{"custom_model_data":10003},"model":"armor:violet/sword"},{"predicate":{"custom_model_data":10004},"model":"armor:enderdragon/sword"},{"predicate":{"custom_model_data":10005},"model":"dungeons:ia_auto_gen/aisword"},{"predicate":{"custom_model_data":10006},"model":"armor:azure/sword"},{"predicate":{"custom_model_data":10007},"model":"armor:sweetheart/sword"},{"predicate":{"custom_model_data":10008},"model":"armor:beats/sword"},{"predicate":{"custom_model_data":10009},"model":"armor:nexus/sword"},{"predicate":{"custom_model_data":10010},"model":"armor:littledragon/sword"},{"predicate":{"custom_model_data":10011},"model":"dungeons:ia_auto_gen/67_garen_sword"},{"predicate":{"custom_model_data":10012},"model":"armor:saintpatrick/sword"},{"predicate":{"custom_model_data":10013},"model":"armor:ufo/sword"},{"predicate":{"custom_model_data":10014},"model":"armor:winter/sword"},{"predicate":{"custom_model_data":10015},"model":"armor:inferno/sword"},{"predicate":{"custom_model_data":10016},"model":"armor:fairy/sword"},{"predicate":{"custom_model_data":10017},"model":"armor:arcanist/sword"},{"predicate":{"custom_model_data":10018},"model":"armor:mysticcyan/sword"},{"predicate":{"custom_model_data":10019},"model":"armor:easter/sword"},{"predicate":{"custom_model_data":10020},"model":"dungeons:ia_auto_gen/spacesword"},{"predicate":{"custom_model_data":10021},"model":"dungeons:ia_auto_gen/crystalsword"},{"predicate":{"custom_model_data":10022},"model":"dungeons:ia_auto_gen/volcanosword"},{"predicate":{"custom_model_data":10023},"model":"dungeons:ia_auto_gen/toxicsword"},{"predicate":{"custom_model_data":10024},"model":"dungeons:ia_auto_gen/medievalsword"},{"predicate":{"custom_model_data":10025},"model":"dungeons:ia_auto_gen/angelsword"},{"predicate":{"custom_model_data":10026},"model":"dungeons:ia_auto_gen/sunsword"},{"predicate":{"custom_model_data":10027},"model":"dungeons:ia_auto_gen/poisonsword"},{"predicate":{"custom_model_data":10028},"model":"dungeons:ia_auto_gen/icesword"},{"predicate":{"custom_model_data":10029},"model":"dungeons:ia_auto_gen/oceansword"},{"predicate":{"custom_model_data":10030},"model":"dungeons:ia_auto_gen/treesword"},{"predicate":{"custom_model_data":10031},"model":"dungeons:ia_auto_gen/darksword"},{"predicate":{"custom_model_data":10032},"model":"dungeons:ia_auto_gen/bonesword"},{"predicate":{"custom_model_data":10033},"model":"dungeons:ia_auto_gen/prismarinesword"},{"predicate":{"custom_model_data":10034},"model":"dungeons:ia_auto_gen/ghostsword"},{"predicate":{"custom_model_data":10035},"model":"dungeons:ia_auto_gen/flamesword"},{"predicate":{"custom_model_data":10036},"model":"dungeons:ia_auto_gen/demonsword"},{"predicate":{"custom_model_data":10037},"model":"dungeons:ia_auto_gen/eclipsesword"},{"predicate":{"custom_model_data":10038},"model":"dungeons:ia_auto_gen/rainbowsword"},{"predicate":{"custom_model_data":10039},"model":"dungeons:ia_auto_gen/cloudsword"},{"predicate":{"custom_model_data":10040},"model":"dungeons:ia_auto_gen/starsword"},{"predicate":{"custom_model_data":10041},"model":"dungeons:ia_auto_gen/royalsword"},{"predicate":{"custom_model_data":10042},"model":"dungeons:ia_auto_gen/spidersword"},{"predicate":{"custom_model_data":10043},"model":"dungeons:ia_auto_gen/samuraisword"},{"predicate":{"custom_model_data":10044},"model":"dungeons:ia_auto_gen/piratesword"},{"predicate":{"custom_model_data":10045},"model":"dungeons:ia_auto_gen/portalsword"},{"predicate":{"custom_model_data":10046},"model":"dungeons:ia_auto_gen/wizardstaff"},{"predicate":{"custom_model_data":10047},"model":"dungeons:ia_auto_gen/twinsword"},{"predicate":{"custom_model_data":10048},"model":"dungeons:ia_auto_gen/bloodsword"},{"predicate":{"custom_model_data":10049},"model":"dungeons:ia_auto_gen/fireworksword"},{"predicate":{"custom_model_data":10050},"model":"dungeons:ia_auto_gen/elementalsword"},{"predicate":{"custom_model_data":10051},"model":"dungeons:ia_auto_gen/pumpkinsword"},{"predicate":{"custom_model_data":10052},"model":"dungeons:ia_auto_gen/xmassword"},{"predicate":{"custom_model_data":10053},"model":"dungeons:ia_auto_gen/lightningsword"},{"predicate":{"custom_model_data":10054},"model":"dungeons:ia_auto_gen/steampipesword"},{"predicate":{"custom_model_data":10055},"model":"dungeons:ia_auto_gen/sawsword"},{"predicate":{"custom_model_data":10056},"model":"dungeons:ia_auto_gen/futuristicsword"},{"predicate":{"custom_model_data":10057},"model":"dungeons:ia_auto_gen/roboticsword"},{"predicate":{"custom_model_data":10058},"model":"dungeons:ia_auto_gen/shadowsword"},{"predicate":{"custom_model_data":10059},"model":"dungeons:ia_auto_gen/marshsword"},{"predicate":{"custom_model_data":10060},"model":"dungeons:ia_auto_gen/scissorsword"},{"predicate":{"custom_model_data":10061},"model":"dungeons:ia_auto_gen/spaceshipsword"},{"predicate":{"custom_model_data":10062},"model":"dungeons:ia_auto_gen/pinkstarsword"},{"predicate":{"custom_model_data":10063},"model":"dungeons:ia_auto_gen/starwarssword"},{"predicate":{"custom_model_data":10064},"model":"dungeons:ia_auto_gen/planetsword"},{"predicate":{"custom_model_data":10065},"model":"dungeons:ia_auto_gen/bluescythe"},{"predicate":{"custom_model_data":10066},"model":"dungeons:ia_auto_gen/treasuresword"},{"predicate":{"custom_model_data":10067},"model":"dungeons:ia_auto_gen/neonsword"},{"predicate":{"custom_model_data":10068},"model":"dungeons:ia_auto_gen/rubysword"},{"predicate":{"custom_model_data":10069},"model":"dungeons:ia_auto_gen/pinkaliensword"},{"predicate":{"custom_model_data":10070},"model":"dungeons:ia_auto_gen/lasersword"},{"predicate":{"custom_model_data":10071},"model":"dungeons:item/darkscythe"},{"predicate":{"custom_model_data":10072},"model":"dungeons:item/medievalscythe"},{"predicate":{"custom_model_data":10073},"model":"dungeons:item/neonscythe"},{"predicate":{"custom_model_data":10074},"model":"dungeons:item/firescythe"},{"predicate":{"custom_model_data":10075},"model":"dungeons:ia_auto_gen/electricsword"},{"predicate":{"custom_model_data":10076},"model":"dungeons:ia_auto_gen/hellsword"},{"predicate":{"custom_model_data":10077},"model":"dungeons:ia_auto_gen/seatrident"},{"predicate":{"custom_model_data":10078},"model":"dungeons:ia_auto_gen/purpleflamesword"},{"predicate":{"custom_model_data":10079},"model":"dungeons:ia_auto_gen/wavesword"},{"predicate":{"custom_model_data":10080},"model":"dungeons:ia_auto_gen/earthquakesword"},{"predicate":{"custom_model_data":10081},"model":"dungeons:ia_auto_gen/candycanesword"},{"predicate":{"custom_model_data":10082},"model":"dungeons:ia_auto_gen/vampiresword"},{"predicate":{"custom_model_data":10083},"model":"dungeons:ia_auto_gen/devilsword"},{"predicate":{"custom_model_data":10084},"model":"dungeons:ia_auto_gen/1_eye_sword"},{"predicate":{"custom_model_data":10085},"model":"dungeons:ia_auto_gen/2_slime_sword"},{"predicate":{"custom_model_data":10086},"model":"dungeons:ia_auto_gen/3_yinyang_sword"},{"predicate":{"custom_model_data":10087},"model":"dungeons:ia_auto_gen/4_jungle_sword"},{"predicate":{"custom_model_data":10088},"model":"dungeons:ia_auto_gen/5_junglefloral_sword"},{"predicate":{"custom_model_data":10089},"model":"dungeons:ia_auto_gen/6_warped_sword"},{"predicate":{"custom_model_data":10090},"model":"dungeons:ia_auto_gen/7_crimson_sword"},{"predicate":{"custom_model_data":10091},"model":"dungeons:ia_auto_gen/8_end_sword"},{"predicate":{"custom_model_data":10092},"model":"dungeons:ia_auto_gen/9_snowy_sword"},{"predicate":{"custom_model_data":10093},"model":"dungeons:ia_auto_gen/10_dark_matter_sword"},{"predicate":{"custom_model_data":10094},"model":"dungeons:ia_auto_gen/11_fire_trident"},{"predicate":{"custom_model_data":10095},"model":"dungeons:ia_auto_gen/12_devil_trident"},{"predicate":{"custom_model_data":10096},"model":"dungeons:ia_auto_gen/13_dinosaur_sword"},{"predicate":{"custom_model_data":10097},"model":"dungeons:ia_auto_gen/14_medusa_sword"},{"predicate":{"custom_model_data":10098},"model":"dungeons:ia_auto_gen/15_coral_sword"},{"predicate":{"custom_model_data":10099},"model":"dungeons:ia_auto_gen/16_light_sword"},{"predicate":{"custom_model_data":10100},"model":"dungeons:ia_auto_gen/17_sand_sword"},{"predicate":{"custom_model_data":10101},"model":"dungeons:ia_auto_gen/18_spider_sword"},{"predicate":{"custom_model_data":10102},"model":"dungeons:ia_auto_gen/19_excalibur"},{"predicate":{"custom_model_data":10103},"model":"dungeons:ia_auto_gen/20_barbarian_sword"},{"predicate":{"custom_model_data":10104},"model":"dungeons:ia_auto_gen/21_ghastly_sword"},{"predicate":{"custom_model_data":10105},"model":"dungeons:ia_auto_gen/22_farm_sword"},{"predicate":{"custom_model_data":10106},"model":"dungeons:ia_auto_gen/23_flower_sword"},{"predicate":{"custom_model_data":10107},"model":"dungeons:ia_auto_gen/24_spikes_swords"},{"predicate":{"custom_model_data":10108},"model":"dungeons:ia_auto_gen/25_runic_nature_sword"},{"predicate":{"custom_model_data":10109},"model":"dungeons:ia_auto_gen/26_earth_sword"},{"predicate":{"custom_model_data":10110},"model":"dungeons:ia_auto_gen/27_futurist_sword"},{"predicate":{"custom_model_data":10111},"model":"dungeons:ia_auto_gen/28_guardian_sword"},{"predicate":{"custom_model_data":10112},"model":"dungeons:ia_auto_gen/29_jelly_sword"},{"predicate":{"custom_model_data":10113},"model":"dungeons:ia_auto_gen/30_unicorn_sword"},{"predicate":{"custom_model_data":10114},"model":"dungeons:ia_auto_gen/31_flashsword"},{"predicate":{"custom_model_data":10115},"model":"dungeons:ia_auto_gen/32_rose_sword"},{"predicate":{"custom_model_data":10116},"model":"dungeons:item/33_flower_scythe"},{"predicate":{"custom_model_data":10117},"model":"dungeons:ia_auto_gen/34_snow_trident"},{"predicate":{"custom_model_data":10118},"model":"dungeons:ia_auto_gen/35_tree_sword"},{"predicate":{"custom_model_data":10119},"model":"dungeons:ia_auto_gen/36_dark_cloud_sword"},{"predicate":{"custom_model_data":10120},"model":"dungeons:item/37_bone_scythe"},{"predicate":{"custom_model_data":10121},"model":"dungeons:ia_auto_gen/38_cherry_sword"},{"predicate":{"custom_model_data":10122},"model":"dungeons:ia_auto_gen/39_cherry_blossom_sword"},{"predicate":{"custom_model_data":10123},"model":"dungeons:ia_auto_gen/40_garden_sword"},{"predicate":{"custom_model_data":10124},"model":"dungeons:ia_auto_gen/41_spirit_sword"},{"predicate":{"custom_model_data":10125},"model":"dungeons:ia_auto_gen/42_lostvayne_sword"},{"predicate":{"custom_model_data":10126},"model":"dungeons:ia_auto_gen/43_guts_sword"},{"predicate":{"custom_model_data":10127},"model":"dungeons:ia_auto_gen/44_fox_sword"},{"predicate":{"custom_model_data":10128},"model":"dungeons:ia_auto_gen/45_bird_sword"},{"predicate":{"custom_model_data":10129},"model":"dungeons:ia_auto_gen/46_emerald_sword"},{"predicate":{"custom_model_data":10130},"model":"dungeons:ia_auto_gen/47_greek_sword"},{"predicate":{"custom_model_data":10131},"model":"dungeons:ia_auto_gen/48_dinosaur_egg_sword"},{"predicate":{"custom_model_data":10132},"model":"dungeons:ia_auto_gen/49_brush_sword"},{"predicate":{"custom_model_data":10133},"model":"dungeons:ia_auto_gen/50_wizard_sword"},{"predicate":{"custom_model_data":10134},"model":"dungeons:ia_auto_gen/51_cupcake_sword"},{"predicate":{"custom_model_data":10135},"model":"dungeons:ia_auto_gen/52_potion_sword"},{"predicate":{"custom_model_data":10136},"model":"dungeons:ia_auto_gen/53_tsunami_sword"},{"predicate":{"custom_model_data":10137},"model":"dungeons:ia_auto_gen/54_golden_trident"},{"predicate":{"custom_model_data":10138},"model":"dungeons:item/55_blueberry_scythe"},{"predicate":{"custom_model_data":10139},"model":"dungeons:ia_auto_gen/56_alien_sword"},{"predicate":{"custom_model_data":10140},"model":"dungeons:ia_auto_gen/57_panda_sword"},{"predicate":{"custom_model_data":10141},"model":"dungeons:ia_auto_gen/58_airplane_sword"},{"predicate":{"custom_model_data":10142},"model":"dungeons:ia_auto_gen/59_medical_sword"},{"predicate":{"custom_model_data":10143},"model":"dungeons:ia_auto_gen/60_money_sword"},{"predicate":{"custom_model_data":10144},"model":"dungeons:ia_auto_gen/61_z_sword"},{"predicate":{"custom_model_data":10145},"model":"dungeons:ia_auto_gen/62_elucidator"},{"predicate":{"custom_model_data":10146},"model":"dungeons:ia_auto_gen/63_demon_sword"},{"predicate":{"custom_model_data":10147},"model":"dungeons:ia_auto_gen/64_he_man_sword"},{"predicate":{"custom_model_data":10148},"model":"dungeons:ia_auto_gen/65_thundercats_sword_of_omens"},{"predicate":{"custom_model_data":10149},"model":"dungeons:ia_auto_gen/66_buster_sword"},{"predicate":{"custom_model_data":10151},"model":"dungeons:ia_auto_gen/68_kratos_sword"},{"predicate":{"custom_model_data":10152},"model":"dungeons:ia_auto_gen/69_master_sword"},{"predicate":{"custom_model_data":10153},"model":"dungeons:ia_auto_gen/70_riven_sword"},{"predicate":{"custom_model_data":10154},"model":"dungeons:item/71_emerald_scythe"},{"predicate":{"custom_model_data":10155},"model":"dungeons:ia_auto_gen/72_ruby_sword"},{"predicate":{"custom_model_data":10156},"model":"dungeons:item/73_ore_scythe"},{"predicate":{"custom_model_data":10157},"model":"dungeons:ia_auto_gen/74_zapphire_sword"},{"predicate":{"custom_model_data":10158},"model":"dungeons:ia_auto_gen/75_rose_quartz"},{"predicate":{"custom_model_data":10159},"model":"dungeons:ia_auto_gen/76_amber_sword"},{"predicate":{"custom_model_data":10160},"model":"dungeons:ia_auto_gen/77_dark_amethyst_sword"},{"predicate":{"custom_model_data":10161},"model":"dungeons:ia_auto_gen/78_aquamarine_sword"},{"predicate":{"custom_model_data":10162},"model":"dungeons:ia_auto_gen/79_bismuth_sword"},{"predicate":{"custom_model_data":10163},"model":"dungeons:ia_auto_gen/80_turquesa_sword"},{"predicate":{"custom_model_data":10164},"model":"dungeons:ia_auto_gen/81_burn_sword"},{"predicate":{"custom_model_data":10165},"model":"dungeons:ia_auto_gen/82_adamantite_sword"},{"predicate":{"custom_model_data":10166},"model":"dungeons:ia_auto_gen/83_daarkin_sword"},{"predicate":{"custom_model_data":10167},"model":"dungeons:ia_auto_gen/84_kryptonite_sword"},{"predicate":{"custom_model_data":10168},"model":"dungeons:ia_auto_gen/85_emo_sword"},{"predicate":{"custom_model_data":10169},"model":"dungeons:ia_auto_gen/86_chocolate_sword"},{"predicate":{"custom_model_data":10170},"model":"dungeons:ia_auto_gen/87_scissor_sword"},{"predicate":{"custom_model_data":10171},"model":"dungeons:ia_auto_gen/88_litch_sword"},{"predicate":{"custom_model_data":10172},"model":"dungeons:ia_auto_gen/89_mace"},{"predicate":{"custom_model_data":10173},"model":"dungeons:ia_auto_gen/90_gladiator_sword"},{"predicate":{"custom_model_data":10174},"model":"dungeons:ia_auto_gen/91_popcorn_sword"},{"predicate":{"custom_model_data":10175},"model":"dungeons:ia_auto_gen/92_puppet_sword"},{"predicate":{"custom_model_data":10176},"model":"dungeons:ia_auto_gen/93_glitch_sword"},{"predicate":{"custom_model_data":10177},"model":"dungeons:ia_auto_gen/94_angel_wings_sword"},{"predicate":{"custom_model_data":10178},"model":"dungeons:ia_auto_gen/95_demon_wings_sword"},{"predicate":{"custom_model_data":10179},"model":"dungeons:ia_auto_gen/96_leprechaun_sword"},{"predicate":{"custom_model_data":10180},"model":"dungeons:ia_auto_gen/97_bee_sword"},{"predicate":{"custom_model_data":10181},"model":"dungeons:ia_auto_gen/98_amethyst_sword"},{"predicate":{"custom_model_data":10182},"model":"dungeons:ia_auto_gen/99_blackstone_sword"},{"predicate":{"custom_model_data":10183},"model":"dungeons:ia_auto_gen/100_carrot_sword"},{"predicate":{"custom_model_data":10184},"model":"item/diamond_sword"}]}