{"parent":"minecraft:item/generated","textures":{"layer0":"minecraft:item/ender_eye"},"overrides":[{"predicate":{"custom_model_data":10000},"model":"other:ia_auto_gen/azurerock"},{"predicate":{"custom_model_data":10001},"model":"other:ia_auto_gen/beatsrock"},{"predicate":{"custom_model_data":10002},"model":"other:ia_auto_gen/enderdragonrock"},{"predicate":{"custom_model_data":10003},"model":"other:ia_auto_gen/infernorock"},{"predicate":{"custom_model_data":10004},"model":"other:ia_auto_gen/littledragonrock"},{"predicate":{"custom_model_data":10005},"model":"other:ia_auto_gen/nexusrock"},{"predicate":{"custom_model_data":10006},"model":"other:ia_auto_gen/stpatrickrock"},{"predicate":{"custom_model_data":10007},"model":"other:ia_auto_gen/sweetheartrock"},{"predicate":{"custom_model_data":10008},"model":"other:ia_auto_gen/uforock"},{"predicate":{"custom_model_data":10009},"model":"other:ia_auto_gen/violetrock"},{"predicate":{"custom_model_data":10010},"model":"other:ia_auto_gen/winterrock"},{"predicate":{"custom_model_data":10011},"model":"other:ia_auto_gen/fairyrock"},{"predicate":{"custom_model_data":10012},"model":"other:ia_auto_gen/arcanistrock"},{"predicate":{"custom_model_data":10013},"model":"other:ia_auto_gen/mysticcyanrock"},{"predicate":{"custom_model_data":10014},"model":"other:ia_auto_gen/easterrock"},{"predicate":{"custom_model_data":10015},"model":"other:ia_auto_gen/purpledice"},{"predicate":{"custom_model_data":10016},"model":"other:ia_auto_gen/pinkdice"},{"predicate":{"custom_model_data":10017},"model":"other:ia_auto_gen/bluedice"},{"predicate":{"custom_model_data":10018},"model":"other:ia_auto_gen/reddice"},{"predicate":{"custom_model_data":10019},"model":"other:ia_auto_gen/greendice"},{"predicate":{"custom_model_data":10020},"model":"other:ia_auto_gen/golddice"},{"predicate":{"custom_model_data":10021},"model":"other:ia_auto_gen/mythicalscroll"},{"predicate":{"custom_model_data":10022},"model":"other:ia_auto_gen/perkscroll"},{"predicate":{"custom_model_data":10023},"model":"other:ia_auto_gen/rainbowdice"},{"predicate":{"custom_model_data":10024},"model":"item/ender_eye"}]}