{"parent":"item/generated","textures":{"layer0":"item/feather"},"display":{"head":{"rotation":[0,0,45],"translation":[-1,13,7],"scale":[1,1,1]}},"overrides":[{"predicate":{"custom_model_data":10000},"model":"magiccosmetics:menu/back"},{"predicate":{"custom_model_data":10001},"model":"magiccosmetics:menu/back_gray"},{"predicate":{"custom_model_data":10002},"model":"magiccosmetics:menu/next"},{"predicate":{"custom_model_data":10003},"model":"magiccosmetics:menu/next_gray"},{"predicate":{"custom_model_data":10004},"model":"magiccosmetics:menu/empty"},{"predicate":{"custom_model_data":10005},"model":"magiccosmetics:item/spray"},{"predicate":{"custom_model_data":10006},"model":"item/feather"}]}