{"parent":"item/handheld_rod","textures":{"layer0":"item/fishing_rod"},"overrides":[{"predicate":{"cast":1},"model":"item/fishing_rod_cast"},{"predicate":{"custom_model_data":10000},"model":"detailed_tools:item/pastel_rainbow_fishing_rod"},{"predicate":{"cast":1,"custom_model_data":10000},"model":"detailed_tools:item/pastel_rainbow_fishing_rod_cast"},{"predicate":{"custom_model_data":10001},"model":"detailed_tools:item/angel_fishing_rod"},{"predicate":{"cast":1,"custom_model_data":10001},"model":"detailed_tools:item/angel_fishing_rod_cast"},{"predicate":{"custom_model_data":10002},"model":"detailed_tools:item/neon_fishing_rod"},{"predicate":{"cast":1,"custom_model_data":10002},"model":"detailed_tools:item/neon_fishing_rod_cast"},{"predicate":{"custom_model_data":10003},"model":"gens:item/stone_fishing_rod"},{"predicate":{"cast":1,"custom_model_data":10003},"model":"gens:item/stone_fishing_rod_cast"},{"predicate":{"custom_model_data":10004},"model":"gens:item/iron_fishing_rod"},{"predicate":{"cast":1,"custom_model_data":10004},"model":"gens:item/iron_fishing_rod_cast"},{"predicate":{"custom_model_data":10005},"model":"gens:item/golden_fishing_rod"},{"predicate":{"cast":1,"custom_model_data":10005},"model":"gens:item/golden_fishing_rod_cast"},{"predicate":{"custom_model_data":10006},"model":"gens:item/diamond_fishing_rod"},{"predicate":{"cast":1,"custom_model_data":10006},"model":"gens:item/diamond_fishing_rod_cast"},{"predicate":{"custom_model_data":10007},"model":"gens:item/netherite_fishing_rod"},{"predicate":{"cast":1,"custom_model_data":10007},"model":"gens:item/netherite_fishing_rod_cast"},{"predicate":{"custom_model_data":10008},"model":"gens:item/1_dark_cloud_rod"},{"predicate":{"cast":1,"custom_model_data":10008},"model":"gens:item/1_dark_cloud_rod_cast"},{"predicate":{"custom_model_data":10009},"model":"gens:item/2_chocolate_rod"},{"predicate":{"cast":1,"custom_model_data":10009},"model":"gens:item/2_chocolate_rod_cast"},{"predicate":{"custom_model_data":10010},"model":"gens:item/3_solar_rod"},{"predicate":{"cast":1,"custom_model_data":10010},"model":"gens:item/3_solar_rod_cast"},{"predicate":{"custom_model_data":10011},"model":"gens:item/4_demon_fishing_rod"},{"predicate":{"cast":1,"custom_model_data":10011},"model":"gens:item/4_demon_fishing_rod_cast"},{"predicate":{"custom_model_data":10012},"model":"gens:item/5_garden_rod"},{"predicate":{"cast":1,"custom_model_data":10012},"model":"gens:item/5_garden_rod_cast"},{"predicate":{"custom_model_data":10013},"model":"gens:item/6_fire_rod"},{"predicate":{"cast":1,"custom_model_data":10013},"model":"gens:item/6_fire_rod_cast"},{"predicate":{"custom_model_data":10014},"model":"gens:item/7_snow_fishing_rod"},{"predicate":{"cast":1,"custom_model_data":10014},"model":"gens:item/7_snow_fishing_rod_cast"},{"predicate":{"custom_model_data":10015},"model":"gens:item/8_shadow_fishing_rod"},{"predicate":{"cast":1,"custom_model_data":10015},"model":"gens:item/8_shadow_fishing_rod_cast"},{"predicate":{"custom_model_data":10016},"model":"gens:item/9_tree_fishing_rod"},{"predicate":{"cast":1,"custom_model_data":10016},"model":"gens:item/9_tree_fishing_rod_cast"},{"predicate":{"custom_model_data":10017},"model":"gens:item/10_bone_fishing_rod"},{"predicate":{"cast":1,"custom_model_data":10017},"model":"gens:item/10_bone_fishing_rod_cast"},{"predicate":{"custom_model_data":10018},"model":"gens:item/11_bee_fishing_rod"},{"predicate":{"cast":1,"custom_model_data":10018},"model":"gens:item/11_bee_fishing_rod_cast"},{"predicate":{"custom_model_data":10019},"model":"gens:item/12_earthquake_fishing_rod"},{"predicate":{"cast":1,"custom_model_data":10019},"model":"gens:item/12_earthquake_fishing_rod_cast"},{"predicate":{"custom_model_data":10020},"model":"gens:item/13_purple_flame_fishing_rod"},{"predicate":{"cast":1,"custom_model_data":10020},"model":"gens:item/13_purple_flame_fishing_rod_cast"},{"predicate":{"custom_model_data":10021},"model":"gens:item/14_eclipse_fishing_rod"},{"predicate":{"cast":1,"custom_model_data":10021},"model":"gens:item/14_eclipse_fishing_rod_cast"},{"predicate":{"custom_model_data":10022},"model":"gens:item/15_ghost_fishing_rod"},{"predicate":{"cast":1,"custom_model_data":10022},"model":"gens:item/15_ghost_fishing_rod_cast"},{"predicate":{"custom_model_data":10023},"model":"gens:item/16_sun_fishing_rod"},{"predicate":{"cast":1,"custom_model_data":10023},"model":"gens:item/16_sun_fishing_rod_cast"},{"predicate":{"custom_model_data":10024},"model":"gens:item/17_portal_fishing_rod"},{"predicate":{"cast":1,"custom_model_data":10024},"model":"gens:item/17_portal_fishing_rod_cast"},{"predicate":{"custom_model_data":10025},"model":"gens:item/18_lightning_fishing_rod"},{"predicate":{"cast":1,"custom_model_data":10025},"model":"gens:item/18_lightning_fishing_rod_cast"},{"predicate":{"custom_model_data":10026},"model":"gens:item/19_laser_fishing_rod"},{"predicate":{"cast":1,"custom_model_data":10026},"model":"gens:item/19_laser_fishing_rod_cast"},{"predicate":{"custom_model_data":10027},"model":"gens:item/20_electric_fishing_rod"},{"predicate":{"cast":1,"custom_model_data":10027},"model":"gens:item/20_electric_fishing_rod_cast"},{"predicate":{"custom_model_data":10028},"model":"gens:item/21_oceanic_fishing_rod"},{"predicate":{"cast":1,"custom_model_data":10028},"model":"gens:item/21_oceanic_fishing_rod_cast"},{"predicate":{"custom_model_data":10029},"model":"gens:item/22_space_fishing_rod"},{"predicate":{"cast":1,"custom_model_data":10029},"model":"gens:item/22_space_fishing_rod_cast"},{"predicate":{"custom_model_data":10030},"model":"item/fishing_rod"}]}