{"parent":"minecraft:item/generated","overrides":[{"model":"minecraft:item/leather_helmet_quartz_trim","predicate":{"trim_type":0.1}},{"model":"minecraft:item/leather_helmet_iron_trim","predicate":{"trim_type":0.2}},{"model":"minecraft:item/leather_helmet_netherite_trim","predicate":{"trim_type":0.3}},{"model":"minecraft:item/leather_helmet_redstone_trim","predicate":{"trim_type":0.4}},{"model":"minecraft:item/leather_helmet_copper_trim","predicate":{"trim_type":0.5}},{"model":"minecraft:item/leather_helmet_gold_trim","predicate":{"trim_type":0.6}},{"model":"minecraft:item/leather_helmet_emerald_trim","predicate":{"trim_type":0.7}},{"model":"minecraft:item/leather_helmet_diamond_trim","predicate":{"trim_type":0.8}},{"model":"minecraft:item/leather_helmet_lapis_trim","predicate":{"trim_type":0.9}},{"model":"minecraft:item/leather_helmet_amethyst_trim","predicate":{"trim_type":1.0}},{"predicate":{"custom_model_data":10000},"model":"crop_armors:ia_auto_gen/sugarcane_helmet"},{"predicate":{"trim_type":0.1,"custom_model_data":10000},"model":"crop_armors:ia_auto_gen/sugarcane_helmet"},{"predicate":{"trim_type":0.2,"custom_model_data":10000},"model":"crop_armors:ia_auto_gen/sugarcane_helmet"},{"predicate":{"trim_type":0.3,"custom_model_data":10000},"model":"crop_armors:ia_auto_gen/sugarcane_helmet"},{"predicate":{"trim_type":0.4,"custom_model_data":10000},"model":"crop_armors:ia_auto_gen/sugarcane_helmet"},{"predicate":{"trim_type":0.5,"custom_model_data":10000},"model":"crop_armors:ia_auto_gen/sugarcane_helmet"},{"predicate":{"trim_type":0.6,"custom_model_data":10000},"model":"crop_armors:ia_auto_gen/sugarcane_helmet"},{"predicate":{"trim_type":0.7,"custom_model_data":10000},"model":"crop_armors:ia_auto_gen/sugarcane_helmet"},{"predicate":{"trim_type":0.8,"custom_model_data":10000},"model":"crop_armors:ia_auto_gen/sugarcane_helmet"},{"predicate":{"trim_type":0.9,"custom_model_data":10000},"model":"crop_armors:ia_auto_gen/sugarcane_helmet"},{"predicate":{"trim_type":1.0,"custom_model_data":10000},"model":"crop_armors:ia_auto_gen/sugarcane_helmet"},{"predicate":{"custom_model_data":10001},"model":"crop_armors:ia_auto_gen/sweet_berry_helmet"},{"predicate":{"trim_type":0.1,"custom_model_data":10001},"model":"crop_armors:ia_auto_gen/sweet_berry_helmet"},{"predicate":{"trim_type":0.2,"custom_model_data":10001},"model":"crop_armors:ia_auto_gen/sweet_berry_helmet"},{"predicate":{"trim_type":0.3,"custom_model_data":10001},"model":"crop_armors:ia_auto_gen/sweet_berry_helmet"},{"predicate":{"trim_type":0.4,"custom_model_data":10001},"model":"crop_armors:ia_auto_gen/sweet_berry_helmet"},{"predicate":{"trim_type":0.5,"custom_model_data":10001},"model":"crop_armors:ia_auto_gen/sweet_berry_helmet"},{"predicate":{"trim_type":0.6,"custom_model_data":10001},"model":"crop_armors:ia_auto_gen/sweet_berry_helmet"},{"predicate":{"trim_type":0.7,"custom_model_data":10001},"model":"crop_armors:ia_auto_gen/sweet_berry_helmet"},{"predicate":{"trim_type":0.8,"custom_model_data":10001},"model":"crop_armors:ia_auto_gen/sweet_berry_helmet"},{"predicate":{"trim_type":0.9,"custom_model_data":10001},"model":"crop_armors:ia_auto_gen/sweet_berry_helmet"},{"predicate":{"trim_type":1.0,"custom_model_data":10001},"model":"crop_armors:ia_auto_gen/sweet_berry_helmet"},{"predicate":{"custom_model_data":10002},"model":"crop_armors:ia_auto_gen/nether_wart_helmet"},{"predicate":{"trim_type":0.1,"custom_model_data":10002},"model":"crop_armors:ia_auto_gen/nether_wart_helmet"},{"predicate":{"trim_type":0.2,"custom_model_data":10002},"model":"crop_armors:ia_auto_gen/nether_wart_helmet"},{"predicate":{"trim_type":0.3,"custom_model_data":10002},"model":"crop_armors:ia_auto_gen/nether_wart_helmet"},{"predicate":{"trim_type":0.4,"custom_model_data":10002},"model":"crop_armors:ia_auto_gen/nether_wart_helmet"},{"predicate":{"trim_type":0.5,"custom_model_data":10002},"model":"crop_armors:ia_auto_gen/nether_wart_helmet"},{"predicate":{"trim_type":0.6,"custom_model_data":10002},"model":"crop_armors:ia_auto_gen/nether_wart_helmet"},{"predicate":{"trim_type":0.7,"custom_model_data":10002},"model":"crop_armors:ia_auto_gen/nether_wart_helmet"},{"predicate":{"trim_type":0.8,"custom_model_data":10002},"model":"crop_armors:ia_auto_gen/nether_wart_helmet"},{"predicate":{"trim_type":0.9,"custom_model_data":10002},"model":"crop_armors:ia_auto_gen/nether_wart_helmet"},{"predicate":{"trim_type":1.0,"custom_model_data":10002},"model":"crop_armors:ia_auto_gen/nether_wart_helmet"},{"predicate":{"custom_model_data":10003},"model":"crop_armors:ia_auto_gen/beetroot_helmet"},{"predicate":{"trim_type":0.1,"custom_model_data":10003},"model":"crop_armors:ia_auto_gen/beetroot_helmet"},{"predicate":{"trim_type":0.2,"custom_model_data":10003},"model":"crop_armors:ia_auto_gen/beetroot_helmet"},{"predicate":{"trim_type":0.3,"custom_model_data":10003},"model":"crop_armors:ia_auto_gen/beetroot_helmet"},{"predicate":{"trim_type":0.4,"custom_model_data":10003},"model":"crop_armors:ia_auto_gen/beetroot_helmet"},{"predicate":{"trim_type":0.5,"custom_model_data":10003},"model":"crop_armors:ia_auto_gen/beetroot_helmet"},{"predicate":{"trim_type":0.6,"custom_model_data":10003},"model":"crop_armors:ia_auto_gen/beetroot_helmet"},{"predicate":{"trim_type":0.7,"custom_model_data":10003},"model":"crop_armors:ia_auto_gen/beetroot_helmet"},{"predicate":{"trim_type":0.8,"custom_model_data":10003},"model":"crop_armors:ia_auto_gen/beetroot_helmet"},{"predicate":{"trim_type":0.9,"custom_model_data":10003},"model":"crop_armors:ia_auto_gen/beetroot_helmet"},{"predicate":{"trim_type":1.0,"custom_model_data":10003},"model":"crop_armors:ia_auto_gen/beetroot_helmet"},{"predicate":{"custom_model_data":10004},"model":"crop_armors:ia_auto_gen/potato_helmet"},{"predicate":{"trim_type":0.1,"custom_model_data":10004},"model":"crop_armors:ia_auto_gen/potato_helmet"},{"predicate":{"trim_type":0.2,"custom_model_data":10004},"model":"crop_armors:ia_auto_gen/potato_helmet"},{"predicate":{"trim_type":0.3,"custom_model_data":10004},"model":"crop_armors:ia_auto_gen/potato_helmet"},{"predicate":{"trim_type":0.4,"custom_model_data":10004},"model":"crop_armors:ia_auto_gen/potato_helmet"},{"predicate":{"trim_type":0.5,"custom_model_data":10004},"model":"crop_armors:ia_auto_gen/potato_helmet"},{"predicate":{"trim_type":0.6,"custom_model_data":10004},"model":"crop_armors:ia_auto_gen/potato_helmet"},{"predicate":{"trim_type":0.7,"custom_model_data":10004},"model":"crop_armors:ia_auto_gen/potato_helmet"},{"predicate":{"trim_type":0.8,"custom_model_data":10004},"model":"crop_armors:ia_auto_gen/potato_helmet"},{"predicate":{"trim_type":0.9,"custom_model_data":10004},"model":"crop_armors:ia_auto_gen/potato_helmet"},{"predicate":{"trim_type":1.0,"custom_model_data":10004},"model":"crop_armors:ia_auto_gen/potato_helmet"},{"predicate":{"custom_model_data":10005},"model":"crop_armors:ia_auto_gen/wheat_helmet"},{"predicate":{"trim_type":0.1,"custom_model_data":10005},"model":"crop_armors:ia_auto_gen/wheat_helmet"},{"predicate":{"trim_type":0.2,"custom_model_data":10005},"model":"crop_armors:ia_auto_gen/wheat_helmet"},{"predicate":{"trim_type":0.3,"custom_model_data":10005},"model":"crop_armors:ia_auto_gen/wheat_helmet"},{"predicate":{"trim_type":0.4,"custom_model_data":10005},"model":"crop_armors:ia_auto_gen/wheat_helmet"},{"predicate":{"trim_type":0.5,"custom_model_data":10005},"model":"crop_armors:ia_auto_gen/wheat_helmet"},{"predicate":{"trim_type":0.6,"custom_model_data":10005},"model":"crop_armors:ia_auto_gen/wheat_helmet"},{"predicate":{"trim_type":0.7,"custom_model_data":10005},"model":"crop_armors:ia_auto_gen/wheat_helmet"},{"predicate":{"trim_type":0.8,"custom_model_data":10005},"model":"crop_armors:ia_auto_gen/wheat_helmet"},{"predicate":{"trim_type":0.9,"custom_model_data":10005},"model":"crop_armors:ia_auto_gen/wheat_helmet"},{"predicate":{"trim_type":1.0,"custom_model_data":10005},"model":"crop_armors:ia_auto_gen/wheat_helmet"},{"predicate":{"custom_model_data":10006},"model":"crop_armors:ia_auto_gen/carrot_helmet"},{"predicate":{"trim_type":0.1,"custom_model_data":10006},"model":"crop_armors:ia_auto_gen/carrot_helmet"},{"predicate":{"trim_type":0.2,"custom_model_data":10006},"model":"crop_armors:ia_auto_gen/carrot_helmet"},{"predicate":{"trim_type":0.3,"custom_model_data":10006},"model":"crop_armors:ia_auto_gen/carrot_helmet"},{"predicate":{"trim_type":0.4,"custom_model_data":10006},"model":"crop_armors:ia_auto_gen/carrot_helmet"},{"predicate":{"trim_type":0.5,"custom_model_data":10006},"model":"crop_armors:ia_auto_gen/carrot_helmet"},{"predicate":{"trim_type":0.6,"custom_model_data":10006},"model":"crop_armors:ia_auto_gen/carrot_helmet"},{"predicate":{"trim_type":0.7,"custom_model_data":10006},"model":"crop_armors:ia_auto_gen/carrot_helmet"},{"predicate":{"trim_type":0.8,"custom_model_data":10006},"model":"crop_armors:ia_auto_gen/carrot_helmet"},{"predicate":{"trim_type":0.9,"custom_model_data":10006},"model":"crop_armors:ia_auto_gen/carrot_helmet"},{"predicate":{"trim_type":1.0,"custom_model_data":10006},"model":"crop_armors:ia_auto_gen/carrot_helmet"},{"predicate":{"custom_model_data":10007},"model":"armor:ia_auto_gen/azurehelmet"},{"predicate":{"trim_type":0.1,"custom_model_data":10007},"model":"armor:ia_auto_gen/azurehelmet"},{"predicate":{"trim_type":0.2,"custom_model_data":10007},"model":"armor:ia_auto_gen/azurehelmet"},{"predicate":{"trim_type":0.3,"custom_model_data":10007},"model":"armor:ia_auto_gen/azurehelmet"},{"predicate":{"trim_type":0.4,"custom_model_data":10007},"model":"armor:ia_auto_gen/azurehelmet"},{"predicate":{"trim_type":0.5,"custom_model_data":10007},"model":"armor:ia_auto_gen/azurehelmet"},{"predicate":{"trim_type":0.6,"custom_model_data":10007},"model":"armor:ia_auto_gen/azurehelmet"},{"predicate":{"trim_type":0.7,"custom_model_data":10007},"model":"armor:ia_auto_gen/azurehelmet"},{"predicate":{"trim_type":0.8,"custom_model_data":10007},"model":"armor:ia_auto_gen/azurehelmet"},{"predicate":{"trim_type":0.9,"custom_model_data":10007},"model":"armor:ia_auto_gen/azurehelmet"},{"predicate":{"trim_type":1.0,"custom_model_data":10007},"model":"armor:ia_auto_gen/azurehelmet"},{"predicate":{"custom_model_data":10008},"model":"armor:ia_auto_gen/violethelmet"},{"predicate":{"trim_type":0.1,"custom_model_data":10008},"model":"armor:ia_auto_gen/violethelmet"},{"predicate":{"trim_type":0.2,"custom_model_data":10008},"model":"armor:ia_auto_gen/violethelmet"},{"predicate":{"trim_type":0.3,"custom_model_data":10008},"model":"armor:ia_auto_gen/violethelmet"},{"predicate":{"trim_type":0.4,"custom_model_data":10008},"model":"armor:ia_auto_gen/violethelmet"},{"predicate":{"trim_type":0.5,"custom_model_data":10008},"model":"armor:ia_auto_gen/violethelmet"},{"predicate":{"trim_type":0.6,"custom_model_data":10008},"model":"armor:ia_auto_gen/violethelmet"},{"predicate":{"trim_type":0.7,"custom_model_data":10008},"model":"armor:ia_auto_gen/violethelmet"},{"predicate":{"trim_type":0.8,"custom_model_data":10008},"model":"armor:ia_auto_gen/violethelmet"},{"predicate":{"trim_type":0.9,"custom_model_data":10008},"model":"armor:ia_auto_gen/violethelmet"},{"predicate":{"trim_type":1.0,"custom_model_data":10008},"model":"armor:ia_auto_gen/violethelmet"},{"predicate":{"custom_model_data":10009},"model":"armor:ia_auto_gen/enderdragonhelmet"},{"predicate":{"trim_type":0.1,"custom_model_data":10009},"model":"armor:ia_auto_gen/enderdragonhelmet"},{"predicate":{"trim_type":0.2,"custom_model_data":10009},"model":"armor:ia_auto_gen/enderdragonhelmet"},{"predicate":{"trim_type":0.3,"custom_model_data":10009},"model":"armor:ia_auto_gen/enderdragonhelmet"},{"predicate":{"trim_type":0.4,"custom_model_data":10009},"model":"armor:ia_auto_gen/enderdragonhelmet"},{"predicate":{"trim_type":0.5,"custom_model_data":10009},"model":"armor:ia_auto_gen/enderdragonhelmet"},{"predicate":{"trim_type":0.6,"custom_model_data":10009},"model":"armor:ia_auto_gen/enderdragonhelmet"},{"predicate":{"trim_type":0.7,"custom_model_data":10009},"model":"armor:ia_auto_gen/enderdragonhelmet"},{"predicate":{"trim_type":0.8,"custom_model_data":10009},"model":"armor:ia_auto_gen/enderdragonhelmet"},{"predicate":{"trim_type":0.9,"custom_model_data":10009},"model":"armor:ia_auto_gen/enderdragonhelmet"},{"predicate":{"trim_type":1.0,"custom_model_data":10009},"model":"armor:ia_auto_gen/enderdragonhelmet"},{"predicate":{"custom_model_data":10012},"model":"armor:ia_auto_gen/sweethearthelmet"},{"predicate":{"trim_type":0.1,"custom_model_data":10012},"model":"armor:ia_auto_gen/sweethearthelmet"},{"predicate":{"trim_type":0.2,"custom_model_data":10012},"model":"armor:ia_auto_gen/sweethearthelmet"},{"predicate":{"trim_type":0.3,"custom_model_data":10012},"model":"armor:ia_auto_gen/sweethearthelmet"},{"predicate":{"trim_type":0.4,"custom_model_data":10012},"model":"armor:ia_auto_gen/sweethearthelmet"},{"predicate":{"trim_type":0.5,"custom_model_data":10012},"model":"armor:ia_auto_gen/sweethearthelmet"},{"predicate":{"trim_type":0.6,"custom_model_data":10012},"model":"armor:ia_auto_gen/sweethearthelmet"},{"predicate":{"trim_type":0.7,"custom_model_data":10012},"model":"armor:ia_auto_gen/sweethearthelmet"},{"predicate":{"trim_type":0.8,"custom_model_data":10012},"model":"armor:ia_auto_gen/sweethearthelmet"},{"predicate":{"trim_type":0.9,"custom_model_data":10012},"model":"armor:ia_auto_gen/sweethearthelmet"},{"predicate":{"trim_type":1.0,"custom_model_data":10012},"model":"armor:ia_auto_gen/sweethearthelmet"},{"predicate":{"custom_model_data":10013},"model":"armor:ia_auto_gen/beatshelmet"},{"predicate":{"trim_type":0.1,"custom_model_data":10013},"model":"armor:ia_auto_gen/beatshelmet"},{"predicate":{"trim_type":0.2,"custom_model_data":10013},"model":"armor:ia_auto_gen/beatshelmet"},{"predicate":{"trim_type":0.3,"custom_model_data":10013},"model":"armor:ia_auto_gen/beatshelmet"},{"predicate":{"trim_type":0.4,"custom_model_data":10013},"model":"armor:ia_auto_gen/beatshelmet"},{"predicate":{"trim_type":0.5,"custom_model_data":10013},"model":"armor:ia_auto_gen/beatshelmet"},{"predicate":{"trim_type":0.6,"custom_model_data":10013},"model":"armor:ia_auto_gen/beatshelmet"},{"predicate":{"trim_type":0.7,"custom_model_data":10013},"model":"armor:ia_auto_gen/beatshelmet"},{"predicate":{"trim_type":0.8,"custom_model_data":10013},"model":"armor:ia_auto_gen/beatshelmet"},{"predicate":{"trim_type":0.9,"custom_model_data":10013},"model":"armor:ia_auto_gen/beatshelmet"},{"predicate":{"trim_type":1.0,"custom_model_data":10013},"model":"armor:ia_auto_gen/beatshelmet"},{"predicate":{"custom_model_data":10014},"model":"armor:ia_auto_gen/nexushelmet"},{"predicate":{"trim_type":0.1,"custom_model_data":10014},"model":"armor:ia_auto_gen/nexushelmet"},{"predicate":{"trim_type":0.2,"custom_model_data":10014},"model":"armor:ia_auto_gen/nexushelmet"},{"predicate":{"trim_type":0.3,"custom_model_data":10014},"model":"armor:ia_auto_gen/nexushelmet"},{"predicate":{"trim_type":0.4,"custom_model_data":10014},"model":"armor:ia_auto_gen/nexushelmet"},{"predicate":{"trim_type":0.5,"custom_model_data":10014},"model":"armor:ia_auto_gen/nexushelmet"},{"predicate":{"trim_type":0.6,"custom_model_data":10014},"model":"armor:ia_auto_gen/nexushelmet"},{"predicate":{"trim_type":0.7,"custom_model_data":10014},"model":"armor:ia_auto_gen/nexushelmet"},{"predicate":{"trim_type":0.8,"custom_model_data":10014},"model":"armor:ia_auto_gen/nexushelmet"},{"predicate":{"trim_type":0.9,"custom_model_data":10014},"model":"armor:ia_auto_gen/nexushelmet"},{"predicate":{"trim_type":1.0,"custom_model_data":10014},"model":"armor:ia_auto_gen/nexushelmet"},{"predicate":{"custom_model_data":10015},"model":"armor:ia_auto_gen/littledragonhelmet"},{"predicate":{"trim_type":0.1,"custom_model_data":10015},"model":"armor:ia_auto_gen/littledragonhelmet"},{"predicate":{"trim_type":0.2,"custom_model_data":10015},"model":"armor:ia_auto_gen/littledragonhelmet"},{"predicate":{"trim_type":0.3,"custom_model_data":10015},"model":"armor:ia_auto_gen/littledragonhelmet"},{"predicate":{"trim_type":0.4,"custom_model_data":10015},"model":"armor:ia_auto_gen/littledragonhelmet"},{"predicate":{"trim_type":0.5,"custom_model_data":10015},"model":"armor:ia_auto_gen/littledragonhelmet"},{"predicate":{"trim_type":0.6,"custom_model_data":10015},"model":"armor:ia_auto_gen/littledragonhelmet"},{"predicate":{"trim_type":0.7,"custom_model_data":10015},"model":"armor:ia_auto_gen/littledragonhelmet"},{"predicate":{"trim_type":0.8,"custom_model_data":10015},"model":"armor:ia_auto_gen/littledragonhelmet"},{"predicate":{"trim_type":0.9,"custom_model_data":10015},"model":"armor:ia_auto_gen/littledragonhelmet"},{"predicate":{"trim_type":1.0,"custom_model_data":10015},"model":"armor:ia_auto_gen/littledragonhelmet"},{"predicate":{"custom_model_data":10016},"model":"armor:ia_auto_gen/iridium_helmet"},{"predicate":{"trim_type":0.1,"custom_model_data":10016},"model":"armor:ia_auto_gen/iridium_helmet"},{"predicate":{"trim_type":0.2,"custom_model_data":10016},"model":"armor:ia_auto_gen/iridium_helmet"},{"predicate":{"trim_type":0.3,"custom_model_data":10016},"model":"armor:ia_auto_gen/iridium_helmet"},{"predicate":{"trim_type":0.4,"custom_model_data":10016},"model":"armor:ia_auto_gen/iridium_helmet"},{"predicate":{"trim_type":0.5,"custom_model_data":10016},"model":"armor:ia_auto_gen/iridium_helmet"},{"predicate":{"trim_type":0.6,"custom_model_data":10016},"model":"armor:ia_auto_gen/iridium_helmet"},{"predicate":{"trim_type":0.7,"custom_model_data":10016},"model":"armor:ia_auto_gen/iridium_helmet"},{"predicate":{"trim_type":0.8,"custom_model_data":10016},"model":"armor:ia_auto_gen/iridium_helmet"},{"predicate":{"trim_type":0.9,"custom_model_data":10016},"model":"armor:ia_auto_gen/iridium_helmet"},{"predicate":{"trim_type":1.0,"custom_model_data":10016},"model":"armor:ia_auto_gen/iridium_helmet"},{"predicate":{"custom_model_data":10017},"model":"armor:ia_auto_gen/saintpatrickhelmet"},{"predicate":{"trim_type":0.1,"custom_model_data":10017},"model":"armor:ia_auto_gen/saintpatrickhelmet"},{"predicate":{"trim_type":0.2,"custom_model_data":10017},"model":"armor:ia_auto_gen/saintpatrickhelmet"},{"predicate":{"trim_type":0.3,"custom_model_data":10017},"model":"armor:ia_auto_gen/saintpatrickhelmet"},{"predicate":{"trim_type":0.4,"custom_model_data":10017},"model":"armor:ia_auto_gen/saintpatrickhelmet"},{"predicate":{"trim_type":0.5,"custom_model_data":10017},"model":"armor:ia_auto_gen/saintpatrickhelmet"},{"predicate":{"trim_type":0.6,"custom_model_data":10017},"model":"armor:ia_auto_gen/saintpatrickhelmet"},{"predicate":{"trim_type":0.7,"custom_model_data":10017},"model":"armor:ia_auto_gen/saintpatrickhelmet"},{"predicate":{"trim_type":0.8,"custom_model_data":10017},"model":"armor:ia_auto_gen/saintpatrickhelmet"},{"predicate":{"trim_type":0.9,"custom_model_data":10017},"model":"armor:ia_auto_gen/saintpatrickhelmet"},{"predicate":{"trim_type":1.0,"custom_model_data":10017},"model":"armor:ia_auto_gen/saintpatrickhelmet"},{"predicate":{"custom_model_data":10018},"model":"armor:ia_auto_gen/ufohelmet"},{"predicate":{"trim_type":0.1,"custom_model_data":10018},"model":"armor:ia_auto_gen/ufohelmet"},{"predicate":{"trim_type":0.2,"custom_model_data":10018},"model":"armor:ia_auto_gen/ufohelmet"},{"predicate":{"trim_type":0.3,"custom_model_data":10018},"model":"armor:ia_auto_gen/ufohelmet"},{"predicate":{"trim_type":0.4,"custom_model_data":10018},"model":"armor:ia_auto_gen/ufohelmet"},{"predicate":{"trim_type":0.5,"custom_model_data":10018},"model":"armor:ia_auto_gen/ufohelmet"},{"predicate":{"trim_type":0.6,"custom_model_data":10018},"model":"armor:ia_auto_gen/ufohelmet"},{"predicate":{"trim_type":0.7,"custom_model_data":10018},"model":"armor:ia_auto_gen/ufohelmet"},{"predicate":{"trim_type":0.8,"custom_model_data":10018},"model":"armor:ia_auto_gen/ufohelmet"},{"predicate":{"trim_type":0.9,"custom_model_data":10018},"model":"armor:ia_auto_gen/ufohelmet"},{"predicate":{"trim_type":1.0,"custom_model_data":10018},"model":"armor:ia_auto_gen/ufohelmet"},{"predicate":{"custom_model_data":10019},"model":"armor:ia_auto_gen/winterhelmet"},{"predicate":{"trim_type":0.1,"custom_model_data":10019},"model":"armor:ia_auto_gen/winterhelmet"},{"predicate":{"trim_type":0.2,"custom_model_data":10019},"model":"armor:ia_auto_gen/winterhelmet"},{"predicate":{"trim_type":0.3,"custom_model_data":10019},"model":"armor:ia_auto_gen/winterhelmet"},{"predicate":{"trim_type":0.4,"custom_model_data":10019},"model":"armor:ia_auto_gen/winterhelmet"},{"predicate":{"trim_type":0.5,"custom_model_data":10019},"model":"armor:ia_auto_gen/winterhelmet"},{"predicate":{"trim_type":0.6,"custom_model_data":10019},"model":"armor:ia_auto_gen/winterhelmet"},{"predicate":{"trim_type":0.7,"custom_model_data":10019},"model":"armor:ia_auto_gen/winterhelmet"},{"predicate":{"trim_type":0.8,"custom_model_data":10019},"model":"armor:ia_auto_gen/winterhelmet"},{"predicate":{"trim_type":0.9,"custom_model_data":10019},"model":"armor:ia_auto_gen/winterhelmet"},{"predicate":{"trim_type":1.0,"custom_model_data":10019},"model":"armor:ia_auto_gen/winterhelmet"},{"predicate":{"custom_model_data":10020},"model":"armor:ia_auto_gen/infernohelmet"},{"predicate":{"trim_type":0.1,"custom_model_data":10020},"model":"armor:ia_auto_gen/infernohelmet"},{"predicate":{"trim_type":0.2,"custom_model_data":10020},"model":"armor:ia_auto_gen/infernohelmet"},{"predicate":{"trim_type":0.3,"custom_model_data":10020},"model":"armor:ia_auto_gen/infernohelmet"},{"predicate":{"trim_type":0.4,"custom_model_data":10020},"model":"armor:ia_auto_gen/infernohelmet"},{"predicate":{"trim_type":0.5,"custom_model_data":10020},"model":"armor:ia_auto_gen/infernohelmet"},{"predicate":{"trim_type":0.6,"custom_model_data":10020},"model":"armor:ia_auto_gen/infernohelmet"},{"predicate":{"trim_type":0.7,"custom_model_data":10020},"model":"armor:ia_auto_gen/infernohelmet"},{"predicate":{"trim_type":0.8,"custom_model_data":10020},"model":"armor:ia_auto_gen/infernohelmet"},{"predicate":{"trim_type":0.9,"custom_model_data":10020},"model":"armor:ia_auto_gen/infernohelmet"},{"predicate":{"trim_type":1.0,"custom_model_data":10020},"model":"armor:ia_auto_gen/infernohelmet"},{"predicate":{"custom_model_data":10022},"model":"armor:ia_auto_gen/fairyhelmet"},{"predicate":{"trim_type":0.1,"custom_model_data":10022},"model":"armor:ia_auto_gen/fairyhelmet"},{"predicate":{"trim_type":0.2,"custom_model_data":10022},"model":"armor:ia_auto_gen/fairyhelmet"},{"predicate":{"trim_type":0.3,"custom_model_data":10022},"model":"armor:ia_auto_gen/fairyhelmet"},{"predicate":{"trim_type":0.4,"custom_model_data":10022},"model":"armor:ia_auto_gen/fairyhelmet"},{"predicate":{"trim_type":0.5,"custom_model_data":10022},"model":"armor:ia_auto_gen/fairyhelmet"},{"predicate":{"trim_type":0.6,"custom_model_data":10022},"model":"armor:ia_auto_gen/fairyhelmet"},{"predicate":{"trim_type":0.7,"custom_model_data":10022},"model":"armor:ia_auto_gen/fairyhelmet"},{"predicate":{"trim_type":0.8,"custom_model_data":10022},"model":"armor:ia_auto_gen/fairyhelmet"},{"predicate":{"trim_type":0.9,"custom_model_data":10022},"model":"armor:ia_auto_gen/fairyhelmet"},{"predicate":{"trim_type":1.0,"custom_model_data":10022},"model":"armor:ia_auto_gen/fairyhelmet"},{"predicate":{"custom_model_data":10023},"model":"armor:ia_auto_gen/arcanisthelmet"},{"predicate":{"trim_type":0.1,"custom_model_data":10023},"model":"armor:ia_auto_gen/arcanisthelmet"},{"predicate":{"trim_type":0.2,"custom_model_data":10023},"model":"armor:ia_auto_gen/arcanisthelmet"},{"predicate":{"trim_type":0.3,"custom_model_data":10023},"model":"armor:ia_auto_gen/arcanisthelmet"},{"predicate":{"trim_type":0.4,"custom_model_data":10023},"model":"armor:ia_auto_gen/arcanisthelmet"},{"predicate":{"trim_type":0.5,"custom_model_data":10023},"model":"armor:ia_auto_gen/arcanisthelmet"},{"predicate":{"trim_type":0.6,"custom_model_data":10023},"model":"armor:ia_auto_gen/arcanisthelmet"},{"predicate":{"trim_type":0.7,"custom_model_data":10023},"model":"armor:ia_auto_gen/arcanisthelmet"},{"predicate":{"trim_type":0.8,"custom_model_data":10023},"model":"armor:ia_auto_gen/arcanisthelmet"},{"predicate":{"trim_type":0.9,"custom_model_data":10023},"model":"armor:ia_auto_gen/arcanisthelmet"},{"predicate":{"trim_type":1.0,"custom_model_data":10023},"model":"armor:ia_auto_gen/arcanisthelmet"},{"predicate":{"custom_model_data":10024},"model":"armor:ia_auto_gen/mysticcyanhelmet"},{"predicate":{"trim_type":0.1,"custom_model_data":10024},"model":"armor:ia_auto_gen/mysticcyanhelmet"},{"predicate":{"trim_type":0.2,"custom_model_data":10024},"model":"armor:ia_auto_gen/mysticcyanhelmet"},{"predicate":{"trim_type":0.3,"custom_model_data":10024},"model":"armor:ia_auto_gen/mysticcyanhelmet"},{"predicate":{"trim_type":0.4,"custom_model_data":10024},"model":"armor:ia_auto_gen/mysticcyanhelmet"},{"predicate":{"trim_type":0.5,"custom_model_data":10024},"model":"armor:ia_auto_gen/mysticcyanhelmet"},{"predicate":{"trim_type":0.6,"custom_model_data":10024},"model":"armor:ia_auto_gen/mysticcyanhelmet"},{"predicate":{"trim_type":0.7,"custom_model_data":10024},"model":"armor:ia_auto_gen/mysticcyanhelmet"},{"predicate":{"trim_type":0.8,"custom_model_data":10024},"model":"armor:ia_auto_gen/mysticcyanhelmet"},{"predicate":{"trim_type":0.9,"custom_model_data":10024},"model":"armor:ia_auto_gen/mysticcyanhelmet"},{"predicate":{"trim_type":1.0,"custom_model_data":10024},"model":"armor:ia_auto_gen/mysticcyanhelmet"},{"predicate":{"custom_model_data":10025},"model":"armor:ia_auto_gen/easterhelmet"},{"predicate":{"trim_type":0.1,"custom_model_data":10025},"model":"armor:ia_auto_gen/easterhelmet"},{"predicate":{"trim_type":0.2,"custom_model_data":10025},"model":"armor:ia_auto_gen/easterhelmet"},{"predicate":{"trim_type":0.3,"custom_model_data":10025},"model":"armor:ia_auto_gen/easterhelmet"},{"predicate":{"trim_type":0.4,"custom_model_data":10025},"model":"armor:ia_auto_gen/easterhelmet"},{"predicate":{"trim_type":0.5,"custom_model_data":10025},"model":"armor:ia_auto_gen/easterhelmet"},{"predicate":{"trim_type":0.6,"custom_model_data":10025},"model":"armor:ia_auto_gen/easterhelmet"},{"predicate":{"trim_type":0.7,"custom_model_data":10025},"model":"armor:ia_auto_gen/easterhelmet"},{"predicate":{"trim_type":0.8,"custom_model_data":10025},"model":"armor:ia_auto_gen/easterhelmet"},{"predicate":{"trim_type":0.9,"custom_model_data":10025},"model":"armor:ia_auto_gen/easterhelmet"},{"predicate":{"trim_type":1.0,"custom_model_data":10025},"model":"armor:ia_auto_gen/easterhelmet"},{"predicate":{"custom_model_data":10026},"model":"item/leather_helmet"}],"textures":{"layer0":"minecraft:item/leather_helmet","layer1":"minecraft:item/leather_helmet_overlay"}}