{"parent":"minecraft:item/generated","overrides":[{"model":"minecraft:item/leather_leggings_quartz_trim","predicate":{"trim_type":0.1}},{"model":"minecraft:item/leather_leggings_iron_trim","predicate":{"trim_type":0.2}},{"model":"minecraft:item/leather_leggings_netherite_trim","predicate":{"trim_type":0.3}},{"model":"minecraft:item/leather_leggings_redstone_trim","predicate":{"trim_type":0.4}},{"model":"minecraft:item/leather_leggings_copper_trim","predicate":{"trim_type":0.5}},{"model":"minecraft:item/leather_leggings_gold_trim","predicate":{"trim_type":0.6}},{"model":"minecraft:item/leather_leggings_emerald_trim","predicate":{"trim_type":0.7}},{"model":"minecraft:item/leather_leggings_diamond_trim","predicate":{"trim_type":0.8}},{"model":"minecraft:item/leather_leggings_lapis_trim","predicate":{"trim_type":0.9}},{"model":"minecraft:item/leather_leggings_amethyst_trim","predicate":{"trim_type":1.0}},{"predicate":{"custom_model_data":10000},"model":"crop_armors:ia_auto_gen/sugarcane_leggings"},{"predicate":{"trim_type":0.1,"custom_model_data":10000},"model":"crop_armors:ia_auto_gen/sugarcane_leggings"},{"predicate":{"trim_type":0.2,"custom_model_data":10000},"model":"crop_armors:ia_auto_gen/sugarcane_leggings"},{"predicate":{"trim_type":0.3,"custom_model_data":10000},"model":"crop_armors:ia_auto_gen/sugarcane_leggings"},{"predicate":{"trim_type":0.4,"custom_model_data":10000},"model":"crop_armors:ia_auto_gen/sugarcane_leggings"},{"predicate":{"trim_type":0.5,"custom_model_data":10000},"model":"crop_armors:ia_auto_gen/sugarcane_leggings"},{"predicate":{"trim_type":0.6,"custom_model_data":10000},"model":"crop_armors:ia_auto_gen/sugarcane_leggings"},{"predicate":{"trim_type":0.7,"custom_model_data":10000},"model":"crop_armors:ia_auto_gen/sugarcane_leggings"},{"predicate":{"trim_type":0.8,"custom_model_data":10000},"model":"crop_armors:ia_auto_gen/sugarcane_leggings"},{"predicate":{"trim_type":0.9,"custom_model_data":10000},"model":"crop_armors:ia_auto_gen/sugarcane_leggings"},{"predicate":{"trim_type":1.0,"custom_model_data":10000},"model":"crop_armors:ia_auto_gen/sugarcane_leggings"},{"predicate":{"custom_model_data":10001},"model":"crop_armors:ia_auto_gen/sweet_berry_leggings"},{"predicate":{"trim_type":0.1,"custom_model_data":10001},"model":"crop_armors:ia_auto_gen/sweet_berry_leggings"},{"predicate":{"trim_type":0.2,"custom_model_data":10001},"model":"crop_armors:ia_auto_gen/sweet_berry_leggings"},{"predicate":{"trim_type":0.3,"custom_model_data":10001},"model":"crop_armors:ia_auto_gen/sweet_berry_leggings"},{"predicate":{"trim_type":0.4,"custom_model_data":10001},"model":"crop_armors:ia_auto_gen/sweet_berry_leggings"},{"predicate":{"trim_type":0.5,"custom_model_data":10001},"model":"crop_armors:ia_auto_gen/sweet_berry_leggings"},{"predicate":{"trim_type":0.6,"custom_model_data":10001},"model":"crop_armors:ia_auto_gen/sweet_berry_leggings"},{"predicate":{"trim_type":0.7,"custom_model_data":10001},"model":"crop_armors:ia_auto_gen/sweet_berry_leggings"},{"predicate":{"trim_type":0.8,"custom_model_data":10001},"model":"crop_armors:ia_auto_gen/sweet_berry_leggings"},{"predicate":{"trim_type":0.9,"custom_model_data":10001},"model":"crop_armors:ia_auto_gen/sweet_berry_leggings"},{"predicate":{"trim_type":1.0,"custom_model_data":10001},"model":"crop_armors:ia_auto_gen/sweet_berry_leggings"},{"predicate":{"custom_model_data":10002},"model":"crop_armors:ia_auto_gen/nether_wart_leggings"},{"predicate":{"trim_type":0.1,"custom_model_data":10002},"model":"crop_armors:ia_auto_gen/nether_wart_leggings"},{"predicate":{"trim_type":0.2,"custom_model_data":10002},"model":"crop_armors:ia_auto_gen/nether_wart_leggings"},{"predicate":{"trim_type":0.3,"custom_model_data":10002},"model":"crop_armors:ia_auto_gen/nether_wart_leggings"},{"predicate":{"trim_type":0.4,"custom_model_data":10002},"model":"crop_armors:ia_auto_gen/nether_wart_leggings"},{"predicate":{"trim_type":0.5,"custom_model_data":10002},"model":"crop_armors:ia_auto_gen/nether_wart_leggings"},{"predicate":{"trim_type":0.6,"custom_model_data":10002},"model":"crop_armors:ia_auto_gen/nether_wart_leggings"},{"predicate":{"trim_type":0.7,"custom_model_data":10002},"model":"crop_armors:ia_auto_gen/nether_wart_leggings"},{"predicate":{"trim_type":0.8,"custom_model_data":10002},"model":"crop_armors:ia_auto_gen/nether_wart_leggings"},{"predicate":{"trim_type":0.9,"custom_model_data":10002},"model":"crop_armors:ia_auto_gen/nether_wart_leggings"},{"predicate":{"trim_type":1.0,"custom_model_data":10002},"model":"crop_armors:ia_auto_gen/nether_wart_leggings"},{"predicate":{"custom_model_data":10003},"model":"crop_armors:ia_auto_gen/beetroot_leggings"},{"predicate":{"trim_type":0.1,"custom_model_data":10003},"model":"crop_armors:ia_auto_gen/beetroot_leggings"},{"predicate":{"trim_type":0.2,"custom_model_data":10003},"model":"crop_armors:ia_auto_gen/beetroot_leggings"},{"predicate":{"trim_type":0.3,"custom_model_data":10003},"model":"crop_armors:ia_auto_gen/beetroot_leggings"},{"predicate":{"trim_type":0.4,"custom_model_data":10003},"model":"crop_armors:ia_auto_gen/beetroot_leggings"},{"predicate":{"trim_type":0.5,"custom_model_data":10003},"model":"crop_armors:ia_auto_gen/beetroot_leggings"},{"predicate":{"trim_type":0.6,"custom_model_data":10003},"model":"crop_armors:ia_auto_gen/beetroot_leggings"},{"predicate":{"trim_type":0.7,"custom_model_data":10003},"model":"crop_armors:ia_auto_gen/beetroot_leggings"},{"predicate":{"trim_type":0.8,"custom_model_data":10003},"model":"crop_armors:ia_auto_gen/beetroot_leggings"},{"predicate":{"trim_type":0.9,"custom_model_data":10003},"model":"crop_armors:ia_auto_gen/beetroot_leggings"},{"predicate":{"trim_type":1.0,"custom_model_data":10003},"model":"crop_armors:ia_auto_gen/beetroot_leggings"},{"predicate":{"custom_model_data":10004},"model":"crop_armors:ia_auto_gen/potato_leggings"},{"predicate":{"trim_type":0.1,"custom_model_data":10004},"model":"crop_armors:ia_auto_gen/potato_leggings"},{"predicate":{"trim_type":0.2,"custom_model_data":10004},"model":"crop_armors:ia_auto_gen/potato_leggings"},{"predicate":{"trim_type":0.3,"custom_model_data":10004},"model":"crop_armors:ia_auto_gen/potato_leggings"},{"predicate":{"trim_type":0.4,"custom_model_data":10004},"model":"crop_armors:ia_auto_gen/potato_leggings"},{"predicate":{"trim_type":0.5,"custom_model_data":10004},"model":"crop_armors:ia_auto_gen/potato_leggings"},{"predicate":{"trim_type":0.6,"custom_model_data":10004},"model":"crop_armors:ia_auto_gen/potato_leggings"},{"predicate":{"trim_type":0.7,"custom_model_data":10004},"model":"crop_armors:ia_auto_gen/potato_leggings"},{"predicate":{"trim_type":0.8,"custom_model_data":10004},"model":"crop_armors:ia_auto_gen/potato_leggings"},{"predicate":{"trim_type":0.9,"custom_model_data":10004},"model":"crop_armors:ia_auto_gen/potato_leggings"},{"predicate":{"trim_type":1.0,"custom_model_data":10004},"model":"crop_armors:ia_auto_gen/potato_leggings"},{"predicate":{"custom_model_data":10005},"model":"crop_armors:ia_auto_gen/wheat_leggings"},{"predicate":{"trim_type":0.1,"custom_model_data":10005},"model":"crop_armors:ia_auto_gen/wheat_leggings"},{"predicate":{"trim_type":0.2,"custom_model_data":10005},"model":"crop_armors:ia_auto_gen/wheat_leggings"},{"predicate":{"trim_type":0.3,"custom_model_data":10005},"model":"crop_armors:ia_auto_gen/wheat_leggings"},{"predicate":{"trim_type":0.4,"custom_model_data":10005},"model":"crop_armors:ia_auto_gen/wheat_leggings"},{"predicate":{"trim_type":0.5,"custom_model_data":10005},"model":"crop_armors:ia_auto_gen/wheat_leggings"},{"predicate":{"trim_type":0.6,"custom_model_data":10005},"model":"crop_armors:ia_auto_gen/wheat_leggings"},{"predicate":{"trim_type":0.7,"custom_model_data":10005},"model":"crop_armors:ia_auto_gen/wheat_leggings"},{"predicate":{"trim_type":0.8,"custom_model_data":10005},"model":"crop_armors:ia_auto_gen/wheat_leggings"},{"predicate":{"trim_type":0.9,"custom_model_data":10005},"model":"crop_armors:ia_auto_gen/wheat_leggings"},{"predicate":{"trim_type":1.0,"custom_model_data":10005},"model":"crop_armors:ia_auto_gen/wheat_leggings"},{"predicate":{"custom_model_data":10006},"model":"crop_armors:ia_auto_gen/carrot_leggings"},{"predicate":{"trim_type":0.1,"custom_model_data":10006},"model":"crop_armors:ia_auto_gen/carrot_leggings"},{"predicate":{"trim_type":0.2,"custom_model_data":10006},"model":"crop_armors:ia_auto_gen/carrot_leggings"},{"predicate":{"trim_type":0.3,"custom_model_data":10006},"model":"crop_armors:ia_auto_gen/carrot_leggings"},{"predicate":{"trim_type":0.4,"custom_model_data":10006},"model":"crop_armors:ia_auto_gen/carrot_leggings"},{"predicate":{"trim_type":0.5,"custom_model_data":10006},"model":"crop_armors:ia_auto_gen/carrot_leggings"},{"predicate":{"trim_type":0.6,"custom_model_data":10006},"model":"crop_armors:ia_auto_gen/carrot_leggings"},{"predicate":{"trim_type":0.7,"custom_model_data":10006},"model":"crop_armors:ia_auto_gen/carrot_leggings"},{"predicate":{"trim_type":0.8,"custom_model_data":10006},"model":"crop_armors:ia_auto_gen/carrot_leggings"},{"predicate":{"trim_type":0.9,"custom_model_data":10006},"model":"crop_armors:ia_auto_gen/carrot_leggings"},{"predicate":{"trim_type":1.0,"custom_model_data":10006},"model":"crop_armors:ia_auto_gen/carrot_leggings"},{"predicate":{"custom_model_data":10008},"model":"armor:ia_auto_gen/violetleggings"},{"predicate":{"trim_type":0.1,"custom_model_data":10008},"model":"armor:ia_auto_gen/violetleggings"},{"predicate":{"trim_type":0.2,"custom_model_data":10008},"model":"armor:ia_auto_gen/violetleggings"},{"predicate":{"trim_type":0.3,"custom_model_data":10008},"model":"armor:ia_auto_gen/violetleggings"},{"predicate":{"trim_type":0.4,"custom_model_data":10008},"model":"armor:ia_auto_gen/violetleggings"},{"predicate":{"trim_type":0.5,"custom_model_data":10008},"model":"armor:ia_auto_gen/violetleggings"},{"predicate":{"trim_type":0.6,"custom_model_data":10008},"model":"armor:ia_auto_gen/violetleggings"},{"predicate":{"trim_type":0.7,"custom_model_data":10008},"model":"armor:ia_auto_gen/violetleggings"},{"predicate":{"trim_type":0.8,"custom_model_data":10008},"model":"armor:ia_auto_gen/violetleggings"},{"predicate":{"trim_type":0.9,"custom_model_data":10008},"model":"armor:ia_auto_gen/violetleggings"},{"predicate":{"trim_type":1.0,"custom_model_data":10008},"model":"armor:ia_auto_gen/violetleggings"},{"predicate":{"custom_model_data":10009},"model":"armor:ia_auto_gen/enderdragonleggings"},{"predicate":{"trim_type":0.1,"custom_model_data":10009},"model":"armor:ia_auto_gen/enderdragonleggings"},{"predicate":{"trim_type":0.2,"custom_model_data":10009},"model":"armor:ia_auto_gen/enderdragonleggings"},{"predicate":{"trim_type":0.3,"custom_model_data":10009},"model":"armor:ia_auto_gen/enderdragonleggings"},{"predicate":{"trim_type":0.4,"custom_model_data":10009},"model":"armor:ia_auto_gen/enderdragonleggings"},{"predicate":{"trim_type":0.5,"custom_model_data":10009},"model":"armor:ia_auto_gen/enderdragonleggings"},{"predicate":{"trim_type":0.6,"custom_model_data":10009},"model":"armor:ia_auto_gen/enderdragonleggings"},{"predicate":{"trim_type":0.7,"custom_model_data":10009},"model":"armor:ia_auto_gen/enderdragonleggings"},{"predicate":{"trim_type":0.8,"custom_model_data":10009},"model":"armor:ia_auto_gen/enderdragonleggings"},{"predicate":{"trim_type":0.9,"custom_model_data":10009},"model":"armor:ia_auto_gen/enderdragonleggings"},{"predicate":{"trim_type":1.0,"custom_model_data":10009},"model":"armor:ia_auto_gen/enderdragonleggings"},{"predicate":{"custom_model_data":10011},"model":"armor:ia_auto_gen/azureleggings"},{"predicate":{"trim_type":0.1,"custom_model_data":10011},"model":"armor:ia_auto_gen/azureleggings"},{"predicate":{"trim_type":0.2,"custom_model_data":10011},"model":"armor:ia_auto_gen/azureleggings"},{"predicate":{"trim_type":0.3,"custom_model_data":10011},"model":"armor:ia_auto_gen/azureleggings"},{"predicate":{"trim_type":0.4,"custom_model_data":10011},"model":"armor:ia_auto_gen/azureleggings"},{"predicate":{"trim_type":0.5,"custom_model_data":10011},"model":"armor:ia_auto_gen/azureleggings"},{"predicate":{"trim_type":0.6,"custom_model_data":10011},"model":"armor:ia_auto_gen/azureleggings"},{"predicate":{"trim_type":0.7,"custom_model_data":10011},"model":"armor:ia_auto_gen/azureleggings"},{"predicate":{"trim_type":0.8,"custom_model_data":10011},"model":"armor:ia_auto_gen/azureleggings"},{"predicate":{"trim_type":0.9,"custom_model_data":10011},"model":"armor:ia_auto_gen/azureleggings"},{"predicate":{"trim_type":1.0,"custom_model_data":10011},"model":"armor:ia_auto_gen/azureleggings"},{"predicate":{"custom_model_data":10012},"model":"armor:ia_auto_gen/sweetheartleggings"},{"predicate":{"trim_type":0.1,"custom_model_data":10012},"model":"armor:ia_auto_gen/sweetheartleggings"},{"predicate":{"trim_type":0.2,"custom_model_data":10012},"model":"armor:ia_auto_gen/sweetheartleggings"},{"predicate":{"trim_type":0.3,"custom_model_data":10012},"model":"armor:ia_auto_gen/sweetheartleggings"},{"predicate":{"trim_type":0.4,"custom_model_data":10012},"model":"armor:ia_auto_gen/sweetheartleggings"},{"predicate":{"trim_type":0.5,"custom_model_data":10012},"model":"armor:ia_auto_gen/sweetheartleggings"},{"predicate":{"trim_type":0.6,"custom_model_data":10012},"model":"armor:ia_auto_gen/sweetheartleggings"},{"predicate":{"trim_type":0.7,"custom_model_data":10012},"model":"armor:ia_auto_gen/sweetheartleggings"},{"predicate":{"trim_type":0.8,"custom_model_data":10012},"model":"armor:ia_auto_gen/sweetheartleggings"},{"predicate":{"trim_type":0.9,"custom_model_data":10012},"model":"armor:ia_auto_gen/sweetheartleggings"},{"predicate":{"trim_type":1.0,"custom_model_data":10012},"model":"armor:ia_auto_gen/sweetheartleggings"},{"predicate":{"custom_model_data":10013},"model":"armor:ia_auto_gen/beatsleggings"},{"predicate":{"trim_type":0.1,"custom_model_data":10013},"model":"armor:ia_auto_gen/beatsleggings"},{"predicate":{"trim_type":0.2,"custom_model_data":10013},"model":"armor:ia_auto_gen/beatsleggings"},{"predicate":{"trim_type":0.3,"custom_model_data":10013},"model":"armor:ia_auto_gen/beatsleggings"},{"predicate":{"trim_type":0.4,"custom_model_data":10013},"model":"armor:ia_auto_gen/beatsleggings"},{"predicate":{"trim_type":0.5,"custom_model_data":10013},"model":"armor:ia_auto_gen/beatsleggings"},{"predicate":{"trim_type":0.6,"custom_model_data":10013},"model":"armor:ia_auto_gen/beatsleggings"},{"predicate":{"trim_type":0.7,"custom_model_data":10013},"model":"armor:ia_auto_gen/beatsleggings"},{"predicate":{"trim_type":0.8,"custom_model_data":10013},"model":"armor:ia_auto_gen/beatsleggings"},{"predicate":{"trim_type":0.9,"custom_model_data":10013},"model":"armor:ia_auto_gen/beatsleggings"},{"predicate":{"trim_type":1.0,"custom_model_data":10013},"model":"armor:ia_auto_gen/beatsleggings"},{"predicate":{"custom_model_data":10014},"model":"armor:ia_auto_gen/nexusleggings"},{"predicate":{"trim_type":0.1,"custom_model_data":10014},"model":"armor:ia_auto_gen/nexusleggings"},{"predicate":{"trim_type":0.2,"custom_model_data":10014},"model":"armor:ia_auto_gen/nexusleggings"},{"predicate":{"trim_type":0.3,"custom_model_data":10014},"model":"armor:ia_auto_gen/nexusleggings"},{"predicate":{"trim_type":0.4,"custom_model_data":10014},"model":"armor:ia_auto_gen/nexusleggings"},{"predicate":{"trim_type":0.5,"custom_model_data":10014},"model":"armor:ia_auto_gen/nexusleggings"},{"predicate":{"trim_type":0.6,"custom_model_data":10014},"model":"armor:ia_auto_gen/nexusleggings"},{"predicate":{"trim_type":0.7,"custom_model_data":10014},"model":"armor:ia_auto_gen/nexusleggings"},{"predicate":{"trim_type":0.8,"custom_model_data":10014},"model":"armor:ia_auto_gen/nexusleggings"},{"predicate":{"trim_type":0.9,"custom_model_data":10014},"model":"armor:ia_auto_gen/nexusleggings"},{"predicate":{"trim_type":1.0,"custom_model_data":10014},"model":"armor:ia_auto_gen/nexusleggings"},{"predicate":{"custom_model_data":10015},"model":"armor:ia_auto_gen/littledragonleggings"},{"predicate":{"trim_type":0.1,"custom_model_data":10015},"model":"armor:ia_auto_gen/littledragonleggings"},{"predicate":{"trim_type":0.2,"custom_model_data":10015},"model":"armor:ia_auto_gen/littledragonleggings"},{"predicate":{"trim_type":0.3,"custom_model_data":10015},"model":"armor:ia_auto_gen/littledragonleggings"},{"predicate":{"trim_type":0.4,"custom_model_data":10015},"model":"armor:ia_auto_gen/littledragonleggings"},{"predicate":{"trim_type":0.5,"custom_model_data":10015},"model":"armor:ia_auto_gen/littledragonleggings"},{"predicate":{"trim_type":0.6,"custom_model_data":10015},"model":"armor:ia_auto_gen/littledragonleggings"},{"predicate":{"trim_type":0.7,"custom_model_data":10015},"model":"armor:ia_auto_gen/littledragonleggings"},{"predicate":{"trim_type":0.8,"custom_model_data":10015},"model":"armor:ia_auto_gen/littledragonleggings"},{"predicate":{"trim_type":0.9,"custom_model_data":10015},"model":"armor:ia_auto_gen/littledragonleggings"},{"predicate":{"trim_type":1.0,"custom_model_data":10015},"model":"armor:ia_auto_gen/littledragonleggings"},{"predicate":{"custom_model_data":10016},"model":"armor:ia_auto_gen/iridium_leggings"},{"predicate":{"trim_type":0.1,"custom_model_data":10016},"model":"armor:ia_auto_gen/iridium_leggings"},{"predicate":{"trim_type":0.2,"custom_model_data":10016},"model":"armor:ia_auto_gen/iridium_leggings"},{"predicate":{"trim_type":0.3,"custom_model_data":10016},"model":"armor:ia_auto_gen/iridium_leggings"},{"predicate":{"trim_type":0.4,"custom_model_data":10016},"model":"armor:ia_auto_gen/iridium_leggings"},{"predicate":{"trim_type":0.5,"custom_model_data":10016},"model":"armor:ia_auto_gen/iridium_leggings"},{"predicate":{"trim_type":0.6,"custom_model_data":10016},"model":"armor:ia_auto_gen/iridium_leggings"},{"predicate":{"trim_type":0.7,"custom_model_data":10016},"model":"armor:ia_auto_gen/iridium_leggings"},{"predicate":{"trim_type":0.8,"custom_model_data":10016},"model":"armor:ia_auto_gen/iridium_leggings"},{"predicate":{"trim_type":0.9,"custom_model_data":10016},"model":"armor:ia_auto_gen/iridium_leggings"},{"predicate":{"trim_type":1.0,"custom_model_data":10016},"model":"armor:ia_auto_gen/iridium_leggings"},{"predicate":{"custom_model_data":10017},"model":"armor:ia_auto_gen/saintpatrickleggings"},{"predicate":{"trim_type":0.1,"custom_model_data":10017},"model":"armor:ia_auto_gen/saintpatrickleggings"},{"predicate":{"trim_type":0.2,"custom_model_data":10017},"model":"armor:ia_auto_gen/saintpatrickleggings"},{"predicate":{"trim_type":0.3,"custom_model_data":10017},"model":"armor:ia_auto_gen/saintpatrickleggings"},{"predicate":{"trim_type":0.4,"custom_model_data":10017},"model":"armor:ia_auto_gen/saintpatrickleggings"},{"predicate":{"trim_type":0.5,"custom_model_data":10017},"model":"armor:ia_auto_gen/saintpatrickleggings"},{"predicate":{"trim_type":0.6,"custom_model_data":10017},"model":"armor:ia_auto_gen/saintpatrickleggings"},{"predicate":{"trim_type":0.7,"custom_model_data":10017},"model":"armor:ia_auto_gen/saintpatrickleggings"},{"predicate":{"trim_type":0.8,"custom_model_data":10017},"model":"armor:ia_auto_gen/saintpatrickleggings"},{"predicate":{"trim_type":0.9,"custom_model_data":10017},"model":"armor:ia_auto_gen/saintpatrickleggings"},{"predicate":{"trim_type":1.0,"custom_model_data":10017},"model":"armor:ia_auto_gen/saintpatrickleggings"},{"predicate":{"custom_model_data":10018},"model":"armor:ia_auto_gen/ufoleggings"},{"predicate":{"trim_type":0.1,"custom_model_data":10018},"model":"armor:ia_auto_gen/ufoleggings"},{"predicate":{"trim_type":0.2,"custom_model_data":10018},"model":"armor:ia_auto_gen/ufoleggings"},{"predicate":{"trim_type":0.3,"custom_model_data":10018},"model":"armor:ia_auto_gen/ufoleggings"},{"predicate":{"trim_type":0.4,"custom_model_data":10018},"model":"armor:ia_auto_gen/ufoleggings"},{"predicate":{"trim_type":0.5,"custom_model_data":10018},"model":"armor:ia_auto_gen/ufoleggings"},{"predicate":{"trim_type":0.6,"custom_model_data":10018},"model":"armor:ia_auto_gen/ufoleggings"},{"predicate":{"trim_type":0.7,"custom_model_data":10018},"model":"armor:ia_auto_gen/ufoleggings"},{"predicate":{"trim_type":0.8,"custom_model_data":10018},"model":"armor:ia_auto_gen/ufoleggings"},{"predicate":{"trim_type":0.9,"custom_model_data":10018},"model":"armor:ia_auto_gen/ufoleggings"},{"predicate":{"trim_type":1.0,"custom_model_data":10018},"model":"armor:ia_auto_gen/ufoleggings"},{"predicate":{"custom_model_data":10019},"model":"armor:ia_auto_gen/winterleggings"},{"predicate":{"trim_type":0.1,"custom_model_data":10019},"model":"armor:ia_auto_gen/winterleggings"},{"predicate":{"trim_type":0.2,"custom_model_data":10019},"model":"armor:ia_auto_gen/winterleggings"},{"predicate":{"trim_type":0.3,"custom_model_data":10019},"model":"armor:ia_auto_gen/winterleggings"},{"predicate":{"trim_type":0.4,"custom_model_data":10019},"model":"armor:ia_auto_gen/winterleggings"},{"predicate":{"trim_type":0.5,"custom_model_data":10019},"model":"armor:ia_auto_gen/winterleggings"},{"predicate":{"trim_type":0.6,"custom_model_data":10019},"model":"armor:ia_auto_gen/winterleggings"},{"predicate":{"trim_type":0.7,"custom_model_data":10019},"model":"armor:ia_auto_gen/winterleggings"},{"predicate":{"trim_type":0.8,"custom_model_data":10019},"model":"armor:ia_auto_gen/winterleggings"},{"predicate":{"trim_type":0.9,"custom_model_data":10019},"model":"armor:ia_auto_gen/winterleggings"},{"predicate":{"trim_type":1.0,"custom_model_data":10019},"model":"armor:ia_auto_gen/winterleggings"},{"predicate":{"custom_model_data":10020},"model":"armor:ia_auto_gen/infernoleggings"},{"predicate":{"trim_type":0.1,"custom_model_data":10020},"model":"armor:ia_auto_gen/infernoleggings"},{"predicate":{"trim_type":0.2,"custom_model_data":10020},"model":"armor:ia_auto_gen/infernoleggings"},{"predicate":{"trim_type":0.3,"custom_model_data":10020},"model":"armor:ia_auto_gen/infernoleggings"},{"predicate":{"trim_type":0.4,"custom_model_data":10020},"model":"armor:ia_auto_gen/infernoleggings"},{"predicate":{"trim_type":0.5,"custom_model_data":10020},"model":"armor:ia_auto_gen/infernoleggings"},{"predicate":{"trim_type":0.6,"custom_model_data":10020},"model":"armor:ia_auto_gen/infernoleggings"},{"predicate":{"trim_type":0.7,"custom_model_data":10020},"model":"armor:ia_auto_gen/infernoleggings"},{"predicate":{"trim_type":0.8,"custom_model_data":10020},"model":"armor:ia_auto_gen/infernoleggings"},{"predicate":{"trim_type":0.9,"custom_model_data":10020},"model":"armor:ia_auto_gen/infernoleggings"},{"predicate":{"trim_type":1.0,"custom_model_data":10020},"model":"armor:ia_auto_gen/infernoleggings"},{"predicate":{"custom_model_data":10022},"model":"armor:ia_auto_gen/fairyleggings"},{"predicate":{"trim_type":0.1,"custom_model_data":10022},"model":"armor:ia_auto_gen/fairyleggings"},{"predicate":{"trim_type":0.2,"custom_model_data":10022},"model":"armor:ia_auto_gen/fairyleggings"},{"predicate":{"trim_type":0.3,"custom_model_data":10022},"model":"armor:ia_auto_gen/fairyleggings"},{"predicate":{"trim_type":0.4,"custom_model_data":10022},"model":"armor:ia_auto_gen/fairyleggings"},{"predicate":{"trim_type":0.5,"custom_model_data":10022},"model":"armor:ia_auto_gen/fairyleggings"},{"predicate":{"trim_type":0.6,"custom_model_data":10022},"model":"armor:ia_auto_gen/fairyleggings"},{"predicate":{"trim_type":0.7,"custom_model_data":10022},"model":"armor:ia_auto_gen/fairyleggings"},{"predicate":{"trim_type":0.8,"custom_model_data":10022},"model":"armor:ia_auto_gen/fairyleggings"},{"predicate":{"trim_type":0.9,"custom_model_data":10022},"model":"armor:ia_auto_gen/fairyleggings"},{"predicate":{"trim_type":1.0,"custom_model_data":10022},"model":"armor:ia_auto_gen/fairyleggings"},{"predicate":{"custom_model_data":10023},"model":"armor:ia_auto_gen/arcanistleggings"},{"predicate":{"trim_type":0.1,"custom_model_data":10023},"model":"armor:ia_auto_gen/arcanistleggings"},{"predicate":{"trim_type":0.2,"custom_model_data":10023},"model":"armor:ia_auto_gen/arcanistleggings"},{"predicate":{"trim_type":0.3,"custom_model_data":10023},"model":"armor:ia_auto_gen/arcanistleggings"},{"predicate":{"trim_type":0.4,"custom_model_data":10023},"model":"armor:ia_auto_gen/arcanistleggings"},{"predicate":{"trim_type":0.5,"custom_model_data":10023},"model":"armor:ia_auto_gen/arcanistleggings"},{"predicate":{"trim_type":0.6,"custom_model_data":10023},"model":"armor:ia_auto_gen/arcanistleggings"},{"predicate":{"trim_type":0.7,"custom_model_data":10023},"model":"armor:ia_auto_gen/arcanistleggings"},{"predicate":{"trim_type":0.8,"custom_model_data":10023},"model":"armor:ia_auto_gen/arcanistleggings"},{"predicate":{"trim_type":0.9,"custom_model_data":10023},"model":"armor:ia_auto_gen/arcanistleggings"},{"predicate":{"trim_type":1.0,"custom_model_data":10023},"model":"armor:ia_auto_gen/arcanistleggings"},{"predicate":{"custom_model_data":10024},"model":"armor:ia_auto_gen/mysticcyanleggings"},{"predicate":{"trim_type":0.1,"custom_model_data":10024},"model":"armor:ia_auto_gen/mysticcyanleggings"},{"predicate":{"trim_type":0.2,"custom_model_data":10024},"model":"armor:ia_auto_gen/mysticcyanleggings"},{"predicate":{"trim_type":0.3,"custom_model_data":10024},"model":"armor:ia_auto_gen/mysticcyanleggings"},{"predicate":{"trim_type":0.4,"custom_model_data":10024},"model":"armor:ia_auto_gen/mysticcyanleggings"},{"predicate":{"trim_type":0.5,"custom_model_data":10024},"model":"armor:ia_auto_gen/mysticcyanleggings"},{"predicate":{"trim_type":0.6,"custom_model_data":10024},"model":"armor:ia_auto_gen/mysticcyanleggings"},{"predicate":{"trim_type":0.7,"custom_model_data":10024},"model":"armor:ia_auto_gen/mysticcyanleggings"},{"predicate":{"trim_type":0.8,"custom_model_data":10024},"model":"armor:ia_auto_gen/mysticcyanleggings"},{"predicate":{"trim_type":0.9,"custom_model_data":10024},"model":"armor:ia_auto_gen/mysticcyanleggings"},{"predicate":{"trim_type":1.0,"custom_model_data":10024},"model":"armor:ia_auto_gen/mysticcyanleggings"},{"predicate":{"custom_model_data":10025},"model":"armor:ia_auto_gen/easterleggings"},{"predicate":{"trim_type":0.1,"custom_model_data":10025},"model":"armor:ia_auto_gen/easterleggings"},{"predicate":{"trim_type":0.2,"custom_model_data":10025},"model":"armor:ia_auto_gen/easterleggings"},{"predicate":{"trim_type":0.3,"custom_model_data":10025},"model":"armor:ia_auto_gen/easterleggings"},{"predicate":{"trim_type":0.4,"custom_model_data":10025},"model":"armor:ia_auto_gen/easterleggings"},{"predicate":{"trim_type":0.5,"custom_model_data":10025},"model":"armor:ia_auto_gen/easterleggings"},{"predicate":{"trim_type":0.6,"custom_model_data":10025},"model":"armor:ia_auto_gen/easterleggings"},{"predicate":{"trim_type":0.7,"custom_model_data":10025},"model":"armor:ia_auto_gen/easterleggings"},{"predicate":{"trim_type":0.8,"custom_model_data":10025},"model":"armor:ia_auto_gen/easterleggings"},{"predicate":{"trim_type":0.9,"custom_model_data":10025},"model":"armor:ia_auto_gen/easterleggings"},{"predicate":{"trim_type":1.0,"custom_model_data":10025},"model":"armor:ia_auto_gen/easterleggings"},{"predicate":{"custom_model_data":10026},"model":"item/leather_leggings"}],"textures":{"layer0":"minecraft:item/leather_leggings","layer1":"minecraft:item/leather_leggings_overlay"}}