{"parent":"minecraft:item/generated","overrides":[{"model":"minecraft:item/leather_boots_quartz_trim","predicate":{"trim_type":0.1}},{"model":"minecraft:item/leather_boots_iron_trim","predicate":{"trim_type":0.2}},{"model":"minecraft:item/leather_boots_netherite_trim","predicate":{"trim_type":0.3}},{"model":"minecraft:item/leather_boots_redstone_trim","predicate":{"trim_type":0.4}},{"model":"minecraft:item/leather_boots_copper_trim","predicate":{"trim_type":0.5}},{"model":"minecraft:item/leather_boots_gold_trim","predicate":{"trim_type":0.6}},{"model":"minecraft:item/leather_boots_emerald_trim","predicate":{"trim_type":0.7}},{"model":"minecraft:item/leather_boots_diamond_trim","predicate":{"trim_type":0.8}},{"model":"minecraft:item/leather_boots_lapis_trim","predicate":{"trim_type":0.9}},{"model":"minecraft:item/leather_boots_amethyst_trim","predicate":{"trim_type":1.0}},{"predicate":{"custom_model_data":10000},"model":"crop_armors:ia_auto_gen/sugarcane_boots"},{"predicate":{"trim_type":0.1,"custom_model_data":10000},"model":"crop_armors:ia_auto_gen/sugarcane_boots"},{"predicate":{"trim_type":0.2,"custom_model_data":10000},"model":"crop_armors:ia_auto_gen/sugarcane_boots"},{"predicate":{"trim_type":0.3,"custom_model_data":10000},"model":"crop_armors:ia_auto_gen/sugarcane_boots"},{"predicate":{"trim_type":0.4,"custom_model_data":10000},"model":"crop_armors:ia_auto_gen/sugarcane_boots"},{"predicate":{"trim_type":0.5,"custom_model_data":10000},"model":"crop_armors:ia_auto_gen/sugarcane_boots"},{"predicate":{"trim_type":0.6,"custom_model_data":10000},"model":"crop_armors:ia_auto_gen/sugarcane_boots"},{"predicate":{"trim_type":0.7,"custom_model_data":10000},"model":"crop_armors:ia_auto_gen/sugarcane_boots"},{"predicate":{"trim_type":0.8,"custom_model_data":10000},"model":"crop_armors:ia_auto_gen/sugarcane_boots"},{"predicate":{"trim_type":0.9,"custom_model_data":10000},"model":"crop_armors:ia_auto_gen/sugarcane_boots"},{"predicate":{"trim_type":1.0,"custom_model_data":10000},"model":"crop_armors:ia_auto_gen/sugarcane_boots"},{"predicate":{"custom_model_data":10001},"model":"crop_armors:ia_auto_gen/sweet_berry_boots"},{"predicate":{"trim_type":0.1,"custom_model_data":10001},"model":"crop_armors:ia_auto_gen/sweet_berry_boots"},{"predicate":{"trim_type":0.2,"custom_model_data":10001},"model":"crop_armors:ia_auto_gen/sweet_berry_boots"},{"predicate":{"trim_type":0.3,"custom_model_data":10001},"model":"crop_armors:ia_auto_gen/sweet_berry_boots"},{"predicate":{"trim_type":0.4,"custom_model_data":10001},"model":"crop_armors:ia_auto_gen/sweet_berry_boots"},{"predicate":{"trim_type":0.5,"custom_model_data":10001},"model":"crop_armors:ia_auto_gen/sweet_berry_boots"},{"predicate":{"trim_type":0.6,"custom_model_data":10001},"model":"crop_armors:ia_auto_gen/sweet_berry_boots"},{"predicate":{"trim_type":0.7,"custom_model_data":10001},"model":"crop_armors:ia_auto_gen/sweet_berry_boots"},{"predicate":{"trim_type":0.8,"custom_model_data":10001},"model":"crop_armors:ia_auto_gen/sweet_berry_boots"},{"predicate":{"trim_type":0.9,"custom_model_data":10001},"model":"crop_armors:ia_auto_gen/sweet_berry_boots"},{"predicate":{"trim_type":1.0,"custom_model_data":10001},"model":"crop_armors:ia_auto_gen/sweet_berry_boots"},{"predicate":{"custom_model_data":10002},"model":"crop_armors:ia_auto_gen/nether_wart_boots"},{"predicate":{"trim_type":0.1,"custom_model_data":10002},"model":"crop_armors:ia_auto_gen/nether_wart_boots"},{"predicate":{"trim_type":0.2,"custom_model_data":10002},"model":"crop_armors:ia_auto_gen/nether_wart_boots"},{"predicate":{"trim_type":0.3,"custom_model_data":10002},"model":"crop_armors:ia_auto_gen/nether_wart_boots"},{"predicate":{"trim_type":0.4,"custom_model_data":10002},"model":"crop_armors:ia_auto_gen/nether_wart_boots"},{"predicate":{"trim_type":0.5,"custom_model_data":10002},"model":"crop_armors:ia_auto_gen/nether_wart_boots"},{"predicate":{"trim_type":0.6,"custom_model_data":10002},"model":"crop_armors:ia_auto_gen/nether_wart_boots"},{"predicate":{"trim_type":0.7,"custom_model_data":10002},"model":"crop_armors:ia_auto_gen/nether_wart_boots"},{"predicate":{"trim_type":0.8,"custom_model_data":10002},"model":"crop_armors:ia_auto_gen/nether_wart_boots"},{"predicate":{"trim_type":0.9,"custom_model_data":10002},"model":"crop_armors:ia_auto_gen/nether_wart_boots"},{"predicate":{"trim_type":1.0,"custom_model_data":10002},"model":"crop_armors:ia_auto_gen/nether_wart_boots"},{"predicate":{"custom_model_data":10003},"model":"crop_armors:ia_auto_gen/beetroot_boots"},{"predicate":{"trim_type":0.1,"custom_model_data":10003},"model":"crop_armors:ia_auto_gen/beetroot_boots"},{"predicate":{"trim_type":0.2,"custom_model_data":10003},"model":"crop_armors:ia_auto_gen/beetroot_boots"},{"predicate":{"trim_type":0.3,"custom_model_data":10003},"model":"crop_armors:ia_auto_gen/beetroot_boots"},{"predicate":{"trim_type":0.4,"custom_model_data":10003},"model":"crop_armors:ia_auto_gen/beetroot_boots"},{"predicate":{"trim_type":0.5,"custom_model_data":10003},"model":"crop_armors:ia_auto_gen/beetroot_boots"},{"predicate":{"trim_type":0.6,"custom_model_data":10003},"model":"crop_armors:ia_auto_gen/beetroot_boots"},{"predicate":{"trim_type":0.7,"custom_model_data":10003},"model":"crop_armors:ia_auto_gen/beetroot_boots"},{"predicate":{"trim_type":0.8,"custom_model_data":10003},"model":"crop_armors:ia_auto_gen/beetroot_boots"},{"predicate":{"trim_type":0.9,"custom_model_data":10003},"model":"crop_armors:ia_auto_gen/beetroot_boots"},{"predicate":{"trim_type":1.0,"custom_model_data":10003},"model":"crop_armors:ia_auto_gen/beetroot_boots"},{"predicate":{"custom_model_data":10004},"model":"crop_armors:ia_auto_gen/potato_boots"},{"predicate":{"trim_type":0.1,"custom_model_data":10004},"model":"crop_armors:ia_auto_gen/potato_boots"},{"predicate":{"trim_type":0.2,"custom_model_data":10004},"model":"crop_armors:ia_auto_gen/potato_boots"},{"predicate":{"trim_type":0.3,"custom_model_data":10004},"model":"crop_armors:ia_auto_gen/potato_boots"},{"predicate":{"trim_type":0.4,"custom_model_data":10004},"model":"crop_armors:ia_auto_gen/potato_boots"},{"predicate":{"trim_type":0.5,"custom_model_data":10004},"model":"crop_armors:ia_auto_gen/potato_boots"},{"predicate":{"trim_type":0.6,"custom_model_data":10004},"model":"crop_armors:ia_auto_gen/potato_boots"},{"predicate":{"trim_type":0.7,"custom_model_data":10004},"model":"crop_armors:ia_auto_gen/potato_boots"},{"predicate":{"trim_type":0.8,"custom_model_data":10004},"model":"crop_armors:ia_auto_gen/potato_boots"},{"predicate":{"trim_type":0.9,"custom_model_data":10004},"model":"crop_armors:ia_auto_gen/potato_boots"},{"predicate":{"trim_type":1.0,"custom_model_data":10004},"model":"crop_armors:ia_auto_gen/potato_boots"},{"predicate":{"custom_model_data":10005},"model":"crop_armors:ia_auto_gen/wheat_boots"},{"predicate":{"trim_type":0.1,"custom_model_data":10005},"model":"crop_armors:ia_auto_gen/wheat_boots"},{"predicate":{"trim_type":0.2,"custom_model_data":10005},"model":"crop_armors:ia_auto_gen/wheat_boots"},{"predicate":{"trim_type":0.3,"custom_model_data":10005},"model":"crop_armors:ia_auto_gen/wheat_boots"},{"predicate":{"trim_type":0.4,"custom_model_data":10005},"model":"crop_armors:ia_auto_gen/wheat_boots"},{"predicate":{"trim_type":0.5,"custom_model_data":10005},"model":"crop_armors:ia_auto_gen/wheat_boots"},{"predicate":{"trim_type":0.6,"custom_model_data":10005},"model":"crop_armors:ia_auto_gen/wheat_boots"},{"predicate":{"trim_type":0.7,"custom_model_data":10005},"model":"crop_armors:ia_auto_gen/wheat_boots"},{"predicate":{"trim_type":0.8,"custom_model_data":10005},"model":"crop_armors:ia_auto_gen/wheat_boots"},{"predicate":{"trim_type":0.9,"custom_model_data":10005},"model":"crop_armors:ia_auto_gen/wheat_boots"},{"predicate":{"trim_type":1.0,"custom_model_data":10005},"model":"crop_armors:ia_auto_gen/wheat_boots"},{"predicate":{"custom_model_data":10006},"model":"crop_armors:ia_auto_gen/carrot_boots"},{"predicate":{"trim_type":0.1,"custom_model_data":10006},"model":"crop_armors:ia_auto_gen/carrot_boots"},{"predicate":{"trim_type":0.2,"custom_model_data":10006},"model":"crop_armors:ia_auto_gen/carrot_boots"},{"predicate":{"trim_type":0.3,"custom_model_data":10006},"model":"crop_armors:ia_auto_gen/carrot_boots"},{"predicate":{"trim_type":0.4,"custom_model_data":10006},"model":"crop_armors:ia_auto_gen/carrot_boots"},{"predicate":{"trim_type":0.5,"custom_model_data":10006},"model":"crop_armors:ia_auto_gen/carrot_boots"},{"predicate":{"trim_type":0.6,"custom_model_data":10006},"model":"crop_armors:ia_auto_gen/carrot_boots"},{"predicate":{"trim_type":0.7,"custom_model_data":10006},"model":"crop_armors:ia_auto_gen/carrot_boots"},{"predicate":{"trim_type":0.8,"custom_model_data":10006},"model":"crop_armors:ia_auto_gen/carrot_boots"},{"predicate":{"trim_type":0.9,"custom_model_data":10006},"model":"crop_armors:ia_auto_gen/carrot_boots"},{"predicate":{"trim_type":1.0,"custom_model_data":10006},"model":"crop_armors:ia_auto_gen/carrot_boots"},{"predicate":{"custom_model_data":10007},"model":"workshop_six:essentials/nature_decor/clover_flowers"},{"predicate":{"trim_type":0.1,"custom_model_data":10007},"model":"workshop_six:essentials/nature_decor/clover_flowers"},{"predicate":{"trim_type":0.2,"custom_model_data":10007},"model":"workshop_six:essentials/nature_decor/clover_flowers"},{"predicate":{"trim_type":0.3,"custom_model_data":10007},"model":"workshop_six:essentials/nature_decor/clover_flowers"},{"predicate":{"trim_type":0.4,"custom_model_data":10007},"model":"workshop_six:essentials/nature_decor/clover_flowers"},{"predicate":{"trim_type":0.5,"custom_model_data":10007},"model":"workshop_six:essentials/nature_decor/clover_flowers"},{"predicate":{"trim_type":0.6,"custom_model_data":10007},"model":"workshop_six:essentials/nature_decor/clover_flowers"},{"predicate":{"trim_type":0.7,"custom_model_data":10007},"model":"workshop_six:essentials/nature_decor/clover_flowers"},{"predicate":{"trim_type":0.8,"custom_model_data":10007},"model":"workshop_six:essentials/nature_decor/clover_flowers"},{"predicate":{"trim_type":0.9,"custom_model_data":10007},"model":"workshop_six:essentials/nature_decor/clover_flowers"},{"predicate":{"trim_type":1.0,"custom_model_data":10007},"model":"workshop_six:essentials/nature_decor/clover_flowers"},{"predicate":{"custom_model_data":10008},"model":"armor:ia_auto_gen/violetboots"},{"predicate":{"trim_type":0.1,"custom_model_data":10008},"model":"armor:ia_auto_gen/violetboots"},{"predicate":{"trim_type":0.2,"custom_model_data":10008},"model":"armor:ia_auto_gen/violetboots"},{"predicate":{"trim_type":0.3,"custom_model_data":10008},"model":"armor:ia_auto_gen/violetboots"},{"predicate":{"trim_type":0.4,"custom_model_data":10008},"model":"armor:ia_auto_gen/violetboots"},{"predicate":{"trim_type":0.5,"custom_model_data":10008},"model":"armor:ia_auto_gen/violetboots"},{"predicate":{"trim_type":0.6,"custom_model_data":10008},"model":"armor:ia_auto_gen/violetboots"},{"predicate":{"trim_type":0.7,"custom_model_data":10008},"model":"armor:ia_auto_gen/violetboots"},{"predicate":{"trim_type":0.8,"custom_model_data":10008},"model":"armor:ia_auto_gen/violetboots"},{"predicate":{"trim_type":0.9,"custom_model_data":10008},"model":"armor:ia_auto_gen/violetboots"},{"predicate":{"trim_type":1.0,"custom_model_data":10008},"model":"armor:ia_auto_gen/violetboots"},{"predicate":{"custom_model_data":10009},"model":"armor:ia_auto_gen/enderdragonboots"},{"predicate":{"trim_type":0.1,"custom_model_data":10009},"model":"armor:ia_auto_gen/enderdragonboots"},{"predicate":{"trim_type":0.2,"custom_model_data":10009},"model":"armor:ia_auto_gen/enderdragonboots"},{"predicate":{"trim_type":0.3,"custom_model_data":10009},"model":"armor:ia_auto_gen/enderdragonboots"},{"predicate":{"trim_type":0.4,"custom_model_data":10009},"model":"armor:ia_auto_gen/enderdragonboots"},{"predicate":{"trim_type":0.5,"custom_model_data":10009},"model":"armor:ia_auto_gen/enderdragonboots"},{"predicate":{"trim_type":0.6,"custom_model_data":10009},"model":"armor:ia_auto_gen/enderdragonboots"},{"predicate":{"trim_type":0.7,"custom_model_data":10009},"model":"armor:ia_auto_gen/enderdragonboots"},{"predicate":{"trim_type":0.8,"custom_model_data":10009},"model":"armor:ia_auto_gen/enderdragonboots"},{"predicate":{"trim_type":0.9,"custom_model_data":10009},"model":"armor:ia_auto_gen/enderdragonboots"},{"predicate":{"trim_type":1.0,"custom_model_data":10009},"model":"armor:ia_auto_gen/enderdragonboots"},{"predicate":{"custom_model_data":10010},"model":"workshop_six:essentials/nature_decor/crystal"},{"predicate":{"trim_type":0.1,"custom_model_data":10010},"model":"workshop_six:essentials/nature_decor/crystal"},{"predicate":{"trim_type":0.2,"custom_model_data":10010},"model":"workshop_six:essentials/nature_decor/crystal"},{"predicate":{"trim_type":0.3,"custom_model_data":10010},"model":"workshop_six:essentials/nature_decor/crystal"},{"predicate":{"trim_type":0.4,"custom_model_data":10010},"model":"workshop_six:essentials/nature_decor/crystal"},{"predicate":{"trim_type":0.5,"custom_model_data":10010},"model":"workshop_six:essentials/nature_decor/crystal"},{"predicate":{"trim_type":0.6,"custom_model_data":10010},"model":"workshop_six:essentials/nature_decor/crystal"},{"predicate":{"trim_type":0.7,"custom_model_data":10010},"model":"workshop_six:essentials/nature_decor/crystal"},{"predicate":{"trim_type":0.8,"custom_model_data":10010},"model":"workshop_six:essentials/nature_decor/crystal"},{"predicate":{"trim_type":0.9,"custom_model_data":10010},"model":"workshop_six:essentials/nature_decor/crystal"},{"predicate":{"trim_type":1.0,"custom_model_data":10010},"model":"workshop_six:essentials/nature_decor/crystal"},{"predicate":{"custom_model_data":10011},"model":"armor:ia_auto_gen/azureboots"},{"predicate":{"trim_type":0.1,"custom_model_data":10011},"model":"armor:ia_auto_gen/azureboots"},{"predicate":{"trim_type":0.2,"custom_model_data":10011},"model":"armor:ia_auto_gen/azureboots"},{"predicate":{"trim_type":0.3,"custom_model_data":10011},"model":"armor:ia_auto_gen/azureboots"},{"predicate":{"trim_type":0.4,"custom_model_data":10011},"model":"armor:ia_auto_gen/azureboots"},{"predicate":{"trim_type":0.5,"custom_model_data":10011},"model":"armor:ia_auto_gen/azureboots"},{"predicate":{"trim_type":0.6,"custom_model_data":10011},"model":"armor:ia_auto_gen/azureboots"},{"predicate":{"trim_type":0.7,"custom_model_data":10011},"model":"armor:ia_auto_gen/azureboots"},{"predicate":{"trim_type":0.8,"custom_model_data":10011},"model":"armor:ia_auto_gen/azureboots"},{"predicate":{"trim_type":0.9,"custom_model_data":10011},"model":"armor:ia_auto_gen/azureboots"},{"predicate":{"trim_type":1.0,"custom_model_data":10011},"model":"armor:ia_auto_gen/azureboots"},{"predicate":{"custom_model_data":10012},"model":"armor:ia_auto_gen/sweetheartboots"},{"predicate":{"trim_type":0.1,"custom_model_data":10012},"model":"armor:ia_auto_gen/sweetheartboots"},{"predicate":{"trim_type":0.2,"custom_model_data":10012},"model":"armor:ia_auto_gen/sweetheartboots"},{"predicate":{"trim_type":0.3,"custom_model_data":10012},"model":"armor:ia_auto_gen/sweetheartboots"},{"predicate":{"trim_type":0.4,"custom_model_data":10012},"model":"armor:ia_auto_gen/sweetheartboots"},{"predicate":{"trim_type":0.5,"custom_model_data":10012},"model":"armor:ia_auto_gen/sweetheartboots"},{"predicate":{"trim_type":0.6,"custom_model_data":10012},"model":"armor:ia_auto_gen/sweetheartboots"},{"predicate":{"trim_type":0.7,"custom_model_data":10012},"model":"armor:ia_auto_gen/sweetheartboots"},{"predicate":{"trim_type":0.8,"custom_model_data":10012},"model":"armor:ia_auto_gen/sweetheartboots"},{"predicate":{"trim_type":0.9,"custom_model_data":10012},"model":"armor:ia_auto_gen/sweetheartboots"},{"predicate":{"trim_type":1.0,"custom_model_data":10012},"model":"armor:ia_auto_gen/sweetheartboots"},{"predicate":{"custom_model_data":10013},"model":"armor:ia_auto_gen/beatsboots"},{"predicate":{"trim_type":0.1,"custom_model_data":10013},"model":"armor:ia_auto_gen/beatsboots"},{"predicate":{"trim_type":0.2,"custom_model_data":10013},"model":"armor:ia_auto_gen/beatsboots"},{"predicate":{"trim_type":0.3,"custom_model_data":10013},"model":"armor:ia_auto_gen/beatsboots"},{"predicate":{"trim_type":0.4,"custom_model_data":10013},"model":"armor:ia_auto_gen/beatsboots"},{"predicate":{"trim_type":0.5,"custom_model_data":10013},"model":"armor:ia_auto_gen/beatsboots"},{"predicate":{"trim_type":0.6,"custom_model_data":10013},"model":"armor:ia_auto_gen/beatsboots"},{"predicate":{"trim_type":0.7,"custom_model_data":10013},"model":"armor:ia_auto_gen/beatsboots"},{"predicate":{"trim_type":0.8,"custom_model_data":10013},"model":"armor:ia_auto_gen/beatsboots"},{"predicate":{"trim_type":0.9,"custom_model_data":10013},"model":"armor:ia_auto_gen/beatsboots"},{"predicate":{"trim_type":1.0,"custom_model_data":10013},"model":"armor:ia_auto_gen/beatsboots"},{"predicate":{"custom_model_data":10014},"model":"armor:ia_auto_gen/nexusboots"},{"predicate":{"trim_type":0.1,"custom_model_data":10014},"model":"armor:ia_auto_gen/nexusboots"},{"predicate":{"trim_type":0.2,"custom_model_data":10014},"model":"armor:ia_auto_gen/nexusboots"},{"predicate":{"trim_type":0.3,"custom_model_data":10014},"model":"armor:ia_auto_gen/nexusboots"},{"predicate":{"trim_type":0.4,"custom_model_data":10014},"model":"armor:ia_auto_gen/nexusboots"},{"predicate":{"trim_type":0.5,"custom_model_data":10014},"model":"armor:ia_auto_gen/nexusboots"},{"predicate":{"trim_type":0.6,"custom_model_data":10014},"model":"armor:ia_auto_gen/nexusboots"},{"predicate":{"trim_type":0.7,"custom_model_data":10014},"model":"armor:ia_auto_gen/nexusboots"},{"predicate":{"trim_type":0.8,"custom_model_data":10014},"model":"armor:ia_auto_gen/nexusboots"},{"predicate":{"trim_type":0.9,"custom_model_data":10014},"model":"armor:ia_auto_gen/nexusboots"},{"predicate":{"trim_type":1.0,"custom_model_data":10014},"model":"armor:ia_auto_gen/nexusboots"},{"predicate":{"custom_model_data":10015},"model":"armor:ia_auto_gen/littledragonboots"},{"predicate":{"trim_type":0.1,"custom_model_data":10015},"model":"armor:ia_auto_gen/littledragonboots"},{"predicate":{"trim_type":0.2,"custom_model_data":10015},"model":"armor:ia_auto_gen/littledragonboots"},{"predicate":{"trim_type":0.3,"custom_model_data":10015},"model":"armor:ia_auto_gen/littledragonboots"},{"predicate":{"trim_type":0.4,"custom_model_data":10015},"model":"armor:ia_auto_gen/littledragonboots"},{"predicate":{"trim_type":0.5,"custom_model_data":10015},"model":"armor:ia_auto_gen/littledragonboots"},{"predicate":{"trim_type":0.6,"custom_model_data":10015},"model":"armor:ia_auto_gen/littledragonboots"},{"predicate":{"trim_type":0.7,"custom_model_data":10015},"model":"armor:ia_auto_gen/littledragonboots"},{"predicate":{"trim_type":0.8,"custom_model_data":10015},"model":"armor:ia_auto_gen/littledragonboots"},{"predicate":{"trim_type":0.9,"custom_model_data":10015},"model":"armor:ia_auto_gen/littledragonboots"},{"predicate":{"trim_type":1.0,"custom_model_data":10015},"model":"armor:ia_auto_gen/littledragonboots"},{"predicate":{"custom_model_data":10016},"model":"armor:ia_auto_gen/iridium_boots"},{"predicate":{"trim_type":0.1,"custom_model_data":10016},"model":"armor:ia_auto_gen/iridium_boots"},{"predicate":{"trim_type":0.2,"custom_model_data":10016},"model":"armor:ia_auto_gen/iridium_boots"},{"predicate":{"trim_type":0.3,"custom_model_data":10016},"model":"armor:ia_auto_gen/iridium_boots"},{"predicate":{"trim_type":0.4,"custom_model_data":10016},"model":"armor:ia_auto_gen/iridium_boots"},{"predicate":{"trim_type":0.5,"custom_model_data":10016},"model":"armor:ia_auto_gen/iridium_boots"},{"predicate":{"trim_type":0.6,"custom_model_data":10016},"model":"armor:ia_auto_gen/iridium_boots"},{"predicate":{"trim_type":0.7,"custom_model_data":10016},"model":"armor:ia_auto_gen/iridium_boots"},{"predicate":{"trim_type":0.8,"custom_model_data":10016},"model":"armor:ia_auto_gen/iridium_boots"},{"predicate":{"trim_type":0.9,"custom_model_data":10016},"model":"armor:ia_auto_gen/iridium_boots"},{"predicate":{"trim_type":1.0,"custom_model_data":10016},"model":"armor:ia_auto_gen/iridium_boots"},{"predicate":{"custom_model_data":10017},"model":"armor:ia_auto_gen/saintpatrickboots"},{"predicate":{"trim_type":0.1,"custom_model_data":10017},"model":"armor:ia_auto_gen/saintpatrickboots"},{"predicate":{"trim_type":0.2,"custom_model_data":10017},"model":"armor:ia_auto_gen/saintpatrickboots"},{"predicate":{"trim_type":0.3,"custom_model_data":10017},"model":"armor:ia_auto_gen/saintpatrickboots"},{"predicate":{"trim_type":0.4,"custom_model_data":10017},"model":"armor:ia_auto_gen/saintpatrickboots"},{"predicate":{"trim_type":0.5,"custom_model_data":10017},"model":"armor:ia_auto_gen/saintpatrickboots"},{"predicate":{"trim_type":0.6,"custom_model_data":10017},"model":"armor:ia_auto_gen/saintpatrickboots"},{"predicate":{"trim_type":0.7,"custom_model_data":10017},"model":"armor:ia_auto_gen/saintpatrickboots"},{"predicate":{"trim_type":0.8,"custom_model_data":10017},"model":"armor:ia_auto_gen/saintpatrickboots"},{"predicate":{"trim_type":0.9,"custom_model_data":10017},"model":"armor:ia_auto_gen/saintpatrickboots"},{"predicate":{"trim_type":1.0,"custom_model_data":10017},"model":"armor:ia_auto_gen/saintpatrickboots"},{"predicate":{"custom_model_data":10018},"model":"armor:ia_auto_gen/ufoboots"},{"predicate":{"trim_type":0.1,"custom_model_data":10018},"model":"armor:ia_auto_gen/ufoboots"},{"predicate":{"trim_type":0.2,"custom_model_data":10018},"model":"armor:ia_auto_gen/ufoboots"},{"predicate":{"trim_type":0.3,"custom_model_data":10018},"model":"armor:ia_auto_gen/ufoboots"},{"predicate":{"trim_type":0.4,"custom_model_data":10018},"model":"armor:ia_auto_gen/ufoboots"},{"predicate":{"trim_type":0.5,"custom_model_data":10018},"model":"armor:ia_auto_gen/ufoboots"},{"predicate":{"trim_type":0.6,"custom_model_data":10018},"model":"armor:ia_auto_gen/ufoboots"},{"predicate":{"trim_type":0.7,"custom_model_data":10018},"model":"armor:ia_auto_gen/ufoboots"},{"predicate":{"trim_type":0.8,"custom_model_data":10018},"model":"armor:ia_auto_gen/ufoboots"},{"predicate":{"trim_type":0.9,"custom_model_data":10018},"model":"armor:ia_auto_gen/ufoboots"},{"predicate":{"trim_type":1.0,"custom_model_data":10018},"model":"armor:ia_auto_gen/ufoboots"},{"predicate":{"custom_model_data":10019},"model":"armor:ia_auto_gen/winterboots"},{"predicate":{"trim_type":0.1,"custom_model_data":10019},"model":"armor:ia_auto_gen/winterboots"},{"predicate":{"trim_type":0.2,"custom_model_data":10019},"model":"armor:ia_auto_gen/winterboots"},{"predicate":{"trim_type":0.3,"custom_model_data":10019},"model":"armor:ia_auto_gen/winterboots"},{"predicate":{"trim_type":0.4,"custom_model_data":10019},"model":"armor:ia_auto_gen/winterboots"},{"predicate":{"trim_type":0.5,"custom_model_data":10019},"model":"armor:ia_auto_gen/winterboots"},{"predicate":{"trim_type":0.6,"custom_model_data":10019},"model":"armor:ia_auto_gen/winterboots"},{"predicate":{"trim_type":0.7,"custom_model_data":10019},"model":"armor:ia_auto_gen/winterboots"},{"predicate":{"trim_type":0.8,"custom_model_data":10019},"model":"armor:ia_auto_gen/winterboots"},{"predicate":{"trim_type":0.9,"custom_model_data":10019},"model":"armor:ia_auto_gen/winterboots"},{"predicate":{"trim_type":1.0,"custom_model_data":10019},"model":"armor:ia_auto_gen/winterboots"},{"predicate":{"custom_model_data":10020},"model":"armor:ia_auto_gen/infernoboots"},{"predicate":{"trim_type":0.1,"custom_model_data":10020},"model":"armor:ia_auto_gen/infernoboots"},{"predicate":{"trim_type":0.2,"custom_model_data":10020},"model":"armor:ia_auto_gen/infernoboots"},{"predicate":{"trim_type":0.3,"custom_model_data":10020},"model":"armor:ia_auto_gen/infernoboots"},{"predicate":{"trim_type":0.4,"custom_model_data":10020},"model":"armor:ia_auto_gen/infernoboots"},{"predicate":{"trim_type":0.5,"custom_model_data":10020},"model":"armor:ia_auto_gen/infernoboots"},{"predicate":{"trim_type":0.6,"custom_model_data":10020},"model":"armor:ia_auto_gen/infernoboots"},{"predicate":{"trim_type":0.7,"custom_model_data":10020},"model":"armor:ia_auto_gen/infernoboots"},{"predicate":{"trim_type":0.8,"custom_model_data":10020},"model":"armor:ia_auto_gen/infernoboots"},{"predicate":{"trim_type":0.9,"custom_model_data":10020},"model":"armor:ia_auto_gen/infernoboots"},{"predicate":{"trim_type":1.0,"custom_model_data":10020},"model":"armor:ia_auto_gen/infernoboots"},{"predicate":{"custom_model_data":10021},"model":"workshop_six:essentials/nature_decor/ore"},{"predicate":{"trim_type":0.1,"custom_model_data":10021},"model":"workshop_six:essentials/nature_decor/ore"},{"predicate":{"trim_type":0.2,"custom_model_data":10021},"model":"workshop_six:essentials/nature_decor/ore"},{"predicate":{"trim_type":0.3,"custom_model_data":10021},"model":"workshop_six:essentials/nature_decor/ore"},{"predicate":{"trim_type":0.4,"custom_model_data":10021},"model":"workshop_six:essentials/nature_decor/ore"},{"predicate":{"trim_type":0.5,"custom_model_data":10021},"model":"workshop_six:essentials/nature_decor/ore"},{"predicate":{"trim_type":0.6,"custom_model_data":10021},"model":"workshop_six:essentials/nature_decor/ore"},{"predicate":{"trim_type":0.7,"custom_model_data":10021},"model":"workshop_six:essentials/nature_decor/ore"},{"predicate":{"trim_type":0.8,"custom_model_data":10021},"model":"workshop_six:essentials/nature_decor/ore"},{"predicate":{"trim_type":0.9,"custom_model_data":10021},"model":"workshop_six:essentials/nature_decor/ore"},{"predicate":{"trim_type":1.0,"custom_model_data":10021},"model":"workshop_six:essentials/nature_decor/ore"},{"predicate":{"custom_model_data":10022},"model":"armor:ia_auto_gen/fairyboots"},{"predicate":{"trim_type":0.1,"custom_model_data":10022},"model":"armor:ia_auto_gen/fairyboots"},{"predicate":{"trim_type":0.2,"custom_model_data":10022},"model":"armor:ia_auto_gen/fairyboots"},{"predicate":{"trim_type":0.3,"custom_model_data":10022},"model":"armor:ia_auto_gen/fairyboots"},{"predicate":{"trim_type":0.4,"custom_model_data":10022},"model":"armor:ia_auto_gen/fairyboots"},{"predicate":{"trim_type":0.5,"custom_model_data":10022},"model":"armor:ia_auto_gen/fairyboots"},{"predicate":{"trim_type":0.6,"custom_model_data":10022},"model":"armor:ia_auto_gen/fairyboots"},{"predicate":{"trim_type":0.7,"custom_model_data":10022},"model":"armor:ia_auto_gen/fairyboots"},{"predicate":{"trim_type":0.8,"custom_model_data":10022},"model":"armor:ia_auto_gen/fairyboots"},{"predicate":{"trim_type":0.9,"custom_model_data":10022},"model":"armor:ia_auto_gen/fairyboots"},{"predicate":{"trim_type":1.0,"custom_model_data":10022},"model":"armor:ia_auto_gen/fairyboots"},{"predicate":{"custom_model_data":10023},"model":"armor:ia_auto_gen/arcanistboots"},{"predicate":{"trim_type":0.1,"custom_model_data":10023},"model":"armor:ia_auto_gen/arcanistboots"},{"predicate":{"trim_type":0.2,"custom_model_data":10023},"model":"armor:ia_auto_gen/arcanistboots"},{"predicate":{"trim_type":0.3,"custom_model_data":10023},"model":"armor:ia_auto_gen/arcanistboots"},{"predicate":{"trim_type":0.4,"custom_model_data":10023},"model":"armor:ia_auto_gen/arcanistboots"},{"predicate":{"trim_type":0.5,"custom_model_data":10023},"model":"armor:ia_auto_gen/arcanistboots"},{"predicate":{"trim_type":0.6,"custom_model_data":10023},"model":"armor:ia_auto_gen/arcanistboots"},{"predicate":{"trim_type":0.7,"custom_model_data":10023},"model":"armor:ia_auto_gen/arcanistboots"},{"predicate":{"trim_type":0.8,"custom_model_data":10023},"model":"armor:ia_auto_gen/arcanistboots"},{"predicate":{"trim_type":0.9,"custom_model_data":10023},"model":"armor:ia_auto_gen/arcanistboots"},{"predicate":{"trim_type":1.0,"custom_model_data":10023},"model":"armor:ia_auto_gen/arcanistboots"},{"predicate":{"custom_model_data":10024},"model":"armor:ia_auto_gen/mysticcyanboots"},{"predicate":{"trim_type":0.1,"custom_model_data":10024},"model":"armor:ia_auto_gen/mysticcyanboots"},{"predicate":{"trim_type":0.2,"custom_model_data":10024},"model":"armor:ia_auto_gen/mysticcyanboots"},{"predicate":{"trim_type":0.3,"custom_model_data":10024},"model":"armor:ia_auto_gen/mysticcyanboots"},{"predicate":{"trim_type":0.4,"custom_model_data":10024},"model":"armor:ia_auto_gen/mysticcyanboots"},{"predicate":{"trim_type":0.5,"custom_model_data":10024},"model":"armor:ia_auto_gen/mysticcyanboots"},{"predicate":{"trim_type":0.6,"custom_model_data":10024},"model":"armor:ia_auto_gen/mysticcyanboots"},{"predicate":{"trim_type":0.7,"custom_model_data":10024},"model":"armor:ia_auto_gen/mysticcyanboots"},{"predicate":{"trim_type":0.8,"custom_model_data":10024},"model":"armor:ia_auto_gen/mysticcyanboots"},{"predicate":{"trim_type":0.9,"custom_model_data":10024},"model":"armor:ia_auto_gen/mysticcyanboots"},{"predicate":{"trim_type":1.0,"custom_model_data":10024},"model":"armor:ia_auto_gen/mysticcyanboots"},{"predicate":{"custom_model_data":10025},"model":"armor:ia_auto_gen/easterboots"},{"predicate":{"trim_type":0.1,"custom_model_data":10025},"model":"armor:ia_auto_gen/easterboots"},{"predicate":{"trim_type":0.2,"custom_model_data":10025},"model":"armor:ia_auto_gen/easterboots"},{"predicate":{"trim_type":0.3,"custom_model_data":10025},"model":"armor:ia_auto_gen/easterboots"},{"predicate":{"trim_type":0.4,"custom_model_data":10025},"model":"armor:ia_auto_gen/easterboots"},{"predicate":{"trim_type":0.5,"custom_model_data":10025},"model":"armor:ia_auto_gen/easterboots"},{"predicate":{"trim_type":0.6,"custom_model_data":10025},"model":"armor:ia_auto_gen/easterboots"},{"predicate":{"trim_type":0.7,"custom_model_data":10025},"model":"armor:ia_auto_gen/easterboots"},{"predicate":{"trim_type":0.8,"custom_model_data":10025},"model":"armor:ia_auto_gen/easterboots"},{"predicate":{"trim_type":0.9,"custom_model_data":10025},"model":"armor:ia_auto_gen/easterboots"},{"predicate":{"trim_type":1.0,"custom_model_data":10025},"model":"armor:ia_auto_gen/easterboots"},{"predicate":{"custom_model_data":10026},"model":"item/leather_boots"}],"textures":{"layer0":"minecraft:item/leather_boots","layer1":"minecraft:item/leather_boots_overlay"}}