{"parent":"minecraft:item/generated","overrides":[{"model":"minecraft:item/leather_chestplate_quartz_trim","predicate":{"trim_type":0.1}},{"model":"minecraft:item/leather_chestplate_iron_trim","predicate":{"trim_type":0.2}},{"model":"minecraft:item/leather_chestplate_netherite_trim","predicate":{"trim_type":0.3}},{"model":"minecraft:item/leather_chestplate_redstone_trim","predicate":{"trim_type":0.4}},{"model":"minecraft:item/leather_chestplate_copper_trim","predicate":{"trim_type":0.5}},{"model":"minecraft:item/leather_chestplate_gold_trim","predicate":{"trim_type":0.6}},{"model":"minecraft:item/leather_chestplate_emerald_trim","predicate":{"trim_type":0.7}},{"model":"minecraft:item/leather_chestplate_diamond_trim","predicate":{"trim_type":0.8}},{"model":"minecraft:item/leather_chestplate_lapis_trim","predicate":{"trim_type":0.9}},{"model":"minecraft:item/leather_chestplate_amethyst_trim","predicate":{"trim_type":1.0}},{"predicate":{"custom_model_data":10000},"model":"crop_armors:ia_auto_gen/sugarcane_chestplate"},{"predicate":{"trim_type":0.1,"custom_model_data":10000},"model":"crop_armors:ia_auto_gen/sugarcane_chestplate"},{"predicate":{"trim_type":0.2,"custom_model_data":10000},"model":"crop_armors:ia_auto_gen/sugarcane_chestplate"},{"predicate":{"trim_type":0.3,"custom_model_data":10000},"model":"crop_armors:ia_auto_gen/sugarcane_chestplate"},{"predicate":{"trim_type":0.4,"custom_model_data":10000},"model":"crop_armors:ia_auto_gen/sugarcane_chestplate"},{"predicate":{"trim_type":0.5,"custom_model_data":10000},"model":"crop_armors:ia_auto_gen/sugarcane_chestplate"},{"predicate":{"trim_type":0.6,"custom_model_data":10000},"model":"crop_armors:ia_auto_gen/sugarcane_chestplate"},{"predicate":{"trim_type":0.7,"custom_model_data":10000},"model":"crop_armors:ia_auto_gen/sugarcane_chestplate"},{"predicate":{"trim_type":0.8,"custom_model_data":10000},"model":"crop_armors:ia_auto_gen/sugarcane_chestplate"},{"predicate":{"trim_type":0.9,"custom_model_data":10000},"model":"crop_armors:ia_auto_gen/sugarcane_chestplate"},{"predicate":{"trim_type":1.0,"custom_model_data":10000},"model":"crop_armors:ia_auto_gen/sugarcane_chestplate"},{"predicate":{"custom_model_data":10001},"model":"crop_armors:ia_auto_gen/sweet_berry_chestplate"},{"predicate":{"trim_type":0.1,"custom_model_data":10001},"model":"crop_armors:ia_auto_gen/sweet_berry_chestplate"},{"predicate":{"trim_type":0.2,"custom_model_data":10001},"model":"crop_armors:ia_auto_gen/sweet_berry_chestplate"},{"predicate":{"trim_type":0.3,"custom_model_data":10001},"model":"crop_armors:ia_auto_gen/sweet_berry_chestplate"},{"predicate":{"trim_type":0.4,"custom_model_data":10001},"model":"crop_armors:ia_auto_gen/sweet_berry_chestplate"},{"predicate":{"trim_type":0.5,"custom_model_data":10001},"model":"crop_armors:ia_auto_gen/sweet_berry_chestplate"},{"predicate":{"trim_type":0.6,"custom_model_data":10001},"model":"crop_armors:ia_auto_gen/sweet_berry_chestplate"},{"predicate":{"trim_type":0.7,"custom_model_data":10001},"model":"crop_armors:ia_auto_gen/sweet_berry_chestplate"},{"predicate":{"trim_type":0.8,"custom_model_data":10001},"model":"crop_armors:ia_auto_gen/sweet_berry_chestplate"},{"predicate":{"trim_type":0.9,"custom_model_data":10001},"model":"crop_armors:ia_auto_gen/sweet_berry_chestplate"},{"predicate":{"trim_type":1.0,"custom_model_data":10001},"model":"crop_armors:ia_auto_gen/sweet_berry_chestplate"},{"predicate":{"custom_model_data":10002},"model":"crop_armors:ia_auto_gen/nether_wart_chestplate"},{"predicate":{"trim_type":0.1,"custom_model_data":10002},"model":"crop_armors:ia_auto_gen/nether_wart_chestplate"},{"predicate":{"trim_type":0.2,"custom_model_data":10002},"model":"crop_armors:ia_auto_gen/nether_wart_chestplate"},{"predicate":{"trim_type":0.3,"custom_model_data":10002},"model":"crop_armors:ia_auto_gen/nether_wart_chestplate"},{"predicate":{"trim_type":0.4,"custom_model_data":10002},"model":"crop_armors:ia_auto_gen/nether_wart_chestplate"},{"predicate":{"trim_type":0.5,"custom_model_data":10002},"model":"crop_armors:ia_auto_gen/nether_wart_chestplate"},{"predicate":{"trim_type":0.6,"custom_model_data":10002},"model":"crop_armors:ia_auto_gen/nether_wart_chestplate"},{"predicate":{"trim_type":0.7,"custom_model_data":10002},"model":"crop_armors:ia_auto_gen/nether_wart_chestplate"},{"predicate":{"trim_type":0.8,"custom_model_data":10002},"model":"crop_armors:ia_auto_gen/nether_wart_chestplate"},{"predicate":{"trim_type":0.9,"custom_model_data":10002},"model":"crop_armors:ia_auto_gen/nether_wart_chestplate"},{"predicate":{"trim_type":1.0,"custom_model_data":10002},"model":"crop_armors:ia_auto_gen/nether_wart_chestplate"},{"predicate":{"custom_model_data":10003},"model":"crop_armors:ia_auto_gen/beetroot_chestplate"},{"predicate":{"trim_type":0.1,"custom_model_data":10003},"model":"crop_armors:ia_auto_gen/beetroot_chestplate"},{"predicate":{"trim_type":0.2,"custom_model_data":10003},"model":"crop_armors:ia_auto_gen/beetroot_chestplate"},{"predicate":{"trim_type":0.3,"custom_model_data":10003},"model":"crop_armors:ia_auto_gen/beetroot_chestplate"},{"predicate":{"trim_type":0.4,"custom_model_data":10003},"model":"crop_armors:ia_auto_gen/beetroot_chestplate"},{"predicate":{"trim_type":0.5,"custom_model_data":10003},"model":"crop_armors:ia_auto_gen/beetroot_chestplate"},{"predicate":{"trim_type":0.6,"custom_model_data":10003},"model":"crop_armors:ia_auto_gen/beetroot_chestplate"},{"predicate":{"trim_type":0.7,"custom_model_data":10003},"model":"crop_armors:ia_auto_gen/beetroot_chestplate"},{"predicate":{"trim_type":0.8,"custom_model_data":10003},"model":"crop_armors:ia_auto_gen/beetroot_chestplate"},{"predicate":{"trim_type":0.9,"custom_model_data":10003},"model":"crop_armors:ia_auto_gen/beetroot_chestplate"},{"predicate":{"trim_type":1.0,"custom_model_data":10003},"model":"crop_armors:ia_auto_gen/beetroot_chestplate"},{"predicate":{"custom_model_data":10004},"model":"crop_armors:ia_auto_gen/potato_chestplate"},{"predicate":{"trim_type":0.1,"custom_model_data":10004},"model":"crop_armors:ia_auto_gen/potato_chestplate"},{"predicate":{"trim_type":0.2,"custom_model_data":10004},"model":"crop_armors:ia_auto_gen/potato_chestplate"},{"predicate":{"trim_type":0.3,"custom_model_data":10004},"model":"crop_armors:ia_auto_gen/potato_chestplate"},{"predicate":{"trim_type":0.4,"custom_model_data":10004},"model":"crop_armors:ia_auto_gen/potato_chestplate"},{"predicate":{"trim_type":0.5,"custom_model_data":10004},"model":"crop_armors:ia_auto_gen/potato_chestplate"},{"predicate":{"trim_type":0.6,"custom_model_data":10004},"model":"crop_armors:ia_auto_gen/potato_chestplate"},{"predicate":{"trim_type":0.7,"custom_model_data":10004},"model":"crop_armors:ia_auto_gen/potato_chestplate"},{"predicate":{"trim_type":0.8,"custom_model_data":10004},"model":"crop_armors:ia_auto_gen/potato_chestplate"},{"predicate":{"trim_type":0.9,"custom_model_data":10004},"model":"crop_armors:ia_auto_gen/potato_chestplate"},{"predicate":{"trim_type":1.0,"custom_model_data":10004},"model":"crop_armors:ia_auto_gen/potato_chestplate"},{"predicate":{"custom_model_data":10005},"model":"crop_armors:ia_auto_gen/wheat_chestplate"},{"predicate":{"trim_type":0.1,"custom_model_data":10005},"model":"crop_armors:ia_auto_gen/wheat_chestplate"},{"predicate":{"trim_type":0.2,"custom_model_data":10005},"model":"crop_armors:ia_auto_gen/wheat_chestplate"},{"predicate":{"trim_type":0.3,"custom_model_data":10005},"model":"crop_armors:ia_auto_gen/wheat_chestplate"},{"predicate":{"trim_type":0.4,"custom_model_data":10005},"model":"crop_armors:ia_auto_gen/wheat_chestplate"},{"predicate":{"trim_type":0.5,"custom_model_data":10005},"model":"crop_armors:ia_auto_gen/wheat_chestplate"},{"predicate":{"trim_type":0.6,"custom_model_data":10005},"model":"crop_armors:ia_auto_gen/wheat_chestplate"},{"predicate":{"trim_type":0.7,"custom_model_data":10005},"model":"crop_armors:ia_auto_gen/wheat_chestplate"},{"predicate":{"trim_type":0.8,"custom_model_data":10005},"model":"crop_armors:ia_auto_gen/wheat_chestplate"},{"predicate":{"trim_type":0.9,"custom_model_data":10005},"model":"crop_armors:ia_auto_gen/wheat_chestplate"},{"predicate":{"trim_type":1.0,"custom_model_data":10005},"model":"crop_armors:ia_auto_gen/wheat_chestplate"},{"predicate":{"custom_model_data":10006},"model":"crop_armors:ia_auto_gen/carrot_chestplate"},{"predicate":{"trim_type":0.1,"custom_model_data":10006},"model":"crop_armors:ia_auto_gen/carrot_chestplate"},{"predicate":{"trim_type":0.2,"custom_model_data":10006},"model":"crop_armors:ia_auto_gen/carrot_chestplate"},{"predicate":{"trim_type":0.3,"custom_model_data":10006},"model":"crop_armors:ia_auto_gen/carrot_chestplate"},{"predicate":{"trim_type":0.4,"custom_model_data":10006},"model":"crop_armors:ia_auto_gen/carrot_chestplate"},{"predicate":{"trim_type":0.5,"custom_model_data":10006},"model":"crop_armors:ia_auto_gen/carrot_chestplate"},{"predicate":{"trim_type":0.6,"custom_model_data":10006},"model":"crop_armors:ia_auto_gen/carrot_chestplate"},{"predicate":{"trim_type":0.7,"custom_model_data":10006},"model":"crop_armors:ia_auto_gen/carrot_chestplate"},{"predicate":{"trim_type":0.8,"custom_model_data":10006},"model":"crop_armors:ia_auto_gen/carrot_chestplate"},{"predicate":{"trim_type":0.9,"custom_model_data":10006},"model":"crop_armors:ia_auto_gen/carrot_chestplate"},{"predicate":{"trim_type":1.0,"custom_model_data":10006},"model":"crop_armors:ia_auto_gen/carrot_chestplate"},{"predicate":{"custom_model_data":10008},"model":"armor:ia_auto_gen/violetchestplate"},{"predicate":{"trim_type":0.1,"custom_model_data":10008},"model":"armor:ia_auto_gen/violetchestplate"},{"predicate":{"trim_type":0.2,"custom_model_data":10008},"model":"armor:ia_auto_gen/violetchestplate"},{"predicate":{"trim_type":0.3,"custom_model_data":10008},"model":"armor:ia_auto_gen/violetchestplate"},{"predicate":{"trim_type":0.4,"custom_model_data":10008},"model":"armor:ia_auto_gen/violetchestplate"},{"predicate":{"trim_type":0.5,"custom_model_data":10008},"model":"armor:ia_auto_gen/violetchestplate"},{"predicate":{"trim_type":0.6,"custom_model_data":10008},"model":"armor:ia_auto_gen/violetchestplate"},{"predicate":{"trim_type":0.7,"custom_model_data":10008},"model":"armor:ia_auto_gen/violetchestplate"},{"predicate":{"trim_type":0.8,"custom_model_data":10008},"model":"armor:ia_auto_gen/violetchestplate"},{"predicate":{"trim_type":0.9,"custom_model_data":10008},"model":"armor:ia_auto_gen/violetchestplate"},{"predicate":{"trim_type":1.0,"custom_model_data":10008},"model":"armor:ia_auto_gen/violetchestplate"},{"predicate":{"custom_model_data":10009},"model":"armor:ia_auto_gen/enderdragonchestplate"},{"predicate":{"trim_type":0.1,"custom_model_data":10009},"model":"armor:ia_auto_gen/enderdragonchestplate"},{"predicate":{"trim_type":0.2,"custom_model_data":10009},"model":"armor:ia_auto_gen/enderdragonchestplate"},{"predicate":{"trim_type":0.3,"custom_model_data":10009},"model":"armor:ia_auto_gen/enderdragonchestplate"},{"predicate":{"trim_type":0.4,"custom_model_data":10009},"model":"armor:ia_auto_gen/enderdragonchestplate"},{"predicate":{"trim_type":0.5,"custom_model_data":10009},"model":"armor:ia_auto_gen/enderdragonchestplate"},{"predicate":{"trim_type":0.6,"custom_model_data":10009},"model":"armor:ia_auto_gen/enderdragonchestplate"},{"predicate":{"trim_type":0.7,"custom_model_data":10009},"model":"armor:ia_auto_gen/enderdragonchestplate"},{"predicate":{"trim_type":0.8,"custom_model_data":10009},"model":"armor:ia_auto_gen/enderdragonchestplate"},{"predicate":{"trim_type":0.9,"custom_model_data":10009},"model":"armor:ia_auto_gen/enderdragonchestplate"},{"predicate":{"trim_type":1.0,"custom_model_data":10009},"model":"armor:ia_auto_gen/enderdragonchestplate"},{"predicate":{"custom_model_data":10011},"model":"armor:ia_auto_gen/azurechestplate"},{"predicate":{"trim_type":0.1,"custom_model_data":10011},"model":"armor:ia_auto_gen/azurechestplate"},{"predicate":{"trim_type":0.2,"custom_model_data":10011},"model":"armor:ia_auto_gen/azurechestplate"},{"predicate":{"trim_type":0.3,"custom_model_data":10011},"model":"armor:ia_auto_gen/azurechestplate"},{"predicate":{"trim_type":0.4,"custom_model_data":10011},"model":"armor:ia_auto_gen/azurechestplate"},{"predicate":{"trim_type":0.5,"custom_model_data":10011},"model":"armor:ia_auto_gen/azurechestplate"},{"predicate":{"trim_type":0.6,"custom_model_data":10011},"model":"armor:ia_auto_gen/azurechestplate"},{"predicate":{"trim_type":0.7,"custom_model_data":10011},"model":"armor:ia_auto_gen/azurechestplate"},{"predicate":{"trim_type":0.8,"custom_model_data":10011},"model":"armor:ia_auto_gen/azurechestplate"},{"predicate":{"trim_type":0.9,"custom_model_data":10011},"model":"armor:ia_auto_gen/azurechestplate"},{"predicate":{"trim_type":1.0,"custom_model_data":10011},"model":"armor:ia_auto_gen/azurechestplate"},{"predicate":{"custom_model_data":10012},"model":"armor:ia_auto_gen/sweetheartchestplate"},{"predicate":{"trim_type":0.1,"custom_model_data":10012},"model":"armor:ia_auto_gen/sweetheartchestplate"},{"predicate":{"trim_type":0.2,"custom_model_data":10012},"model":"armor:ia_auto_gen/sweetheartchestplate"},{"predicate":{"trim_type":0.3,"custom_model_data":10012},"model":"armor:ia_auto_gen/sweetheartchestplate"},{"predicate":{"trim_type":0.4,"custom_model_data":10012},"model":"armor:ia_auto_gen/sweetheartchestplate"},{"predicate":{"trim_type":0.5,"custom_model_data":10012},"model":"armor:ia_auto_gen/sweetheartchestplate"},{"predicate":{"trim_type":0.6,"custom_model_data":10012},"model":"armor:ia_auto_gen/sweetheartchestplate"},{"predicate":{"trim_type":0.7,"custom_model_data":10012},"model":"armor:ia_auto_gen/sweetheartchestplate"},{"predicate":{"trim_type":0.8,"custom_model_data":10012},"model":"armor:ia_auto_gen/sweetheartchestplate"},{"predicate":{"trim_type":0.9,"custom_model_data":10012},"model":"armor:ia_auto_gen/sweetheartchestplate"},{"predicate":{"trim_type":1.0,"custom_model_data":10012},"model":"armor:ia_auto_gen/sweetheartchestplate"},{"predicate":{"custom_model_data":10013},"model":"armor:ia_auto_gen/beatschestplate"},{"predicate":{"trim_type":0.1,"custom_model_data":10013},"model":"armor:ia_auto_gen/beatschestplate"},{"predicate":{"trim_type":0.2,"custom_model_data":10013},"model":"armor:ia_auto_gen/beatschestplate"},{"predicate":{"trim_type":0.3,"custom_model_data":10013},"model":"armor:ia_auto_gen/beatschestplate"},{"predicate":{"trim_type":0.4,"custom_model_data":10013},"model":"armor:ia_auto_gen/beatschestplate"},{"predicate":{"trim_type":0.5,"custom_model_data":10013},"model":"armor:ia_auto_gen/beatschestplate"},{"predicate":{"trim_type":0.6,"custom_model_data":10013},"model":"armor:ia_auto_gen/beatschestplate"},{"predicate":{"trim_type":0.7,"custom_model_data":10013},"model":"armor:ia_auto_gen/beatschestplate"},{"predicate":{"trim_type":0.8,"custom_model_data":10013},"model":"armor:ia_auto_gen/beatschestplate"},{"predicate":{"trim_type":0.9,"custom_model_data":10013},"model":"armor:ia_auto_gen/beatschestplate"},{"predicate":{"trim_type":1.0,"custom_model_data":10013},"model":"armor:ia_auto_gen/beatschestplate"},{"predicate":{"custom_model_data":10014},"model":"armor:ia_auto_gen/nexuschestplate"},{"predicate":{"trim_type":0.1,"custom_model_data":10014},"model":"armor:ia_auto_gen/nexuschestplate"},{"predicate":{"trim_type":0.2,"custom_model_data":10014},"model":"armor:ia_auto_gen/nexuschestplate"},{"predicate":{"trim_type":0.3,"custom_model_data":10014},"model":"armor:ia_auto_gen/nexuschestplate"},{"predicate":{"trim_type":0.4,"custom_model_data":10014},"model":"armor:ia_auto_gen/nexuschestplate"},{"predicate":{"trim_type":0.5,"custom_model_data":10014},"model":"armor:ia_auto_gen/nexuschestplate"},{"predicate":{"trim_type":0.6,"custom_model_data":10014},"model":"armor:ia_auto_gen/nexuschestplate"},{"predicate":{"trim_type":0.7,"custom_model_data":10014},"model":"armor:ia_auto_gen/nexuschestplate"},{"predicate":{"trim_type":0.8,"custom_model_data":10014},"model":"armor:ia_auto_gen/nexuschestplate"},{"predicate":{"trim_type":0.9,"custom_model_data":10014},"model":"armor:ia_auto_gen/nexuschestplate"},{"predicate":{"trim_type":1.0,"custom_model_data":10014},"model":"armor:ia_auto_gen/nexuschestplate"},{"predicate":{"custom_model_data":10015},"model":"armor:ia_auto_gen/littledragonchestplate"},{"predicate":{"trim_type":0.1,"custom_model_data":10015},"model":"armor:ia_auto_gen/littledragonchestplate"},{"predicate":{"trim_type":0.2,"custom_model_data":10015},"model":"armor:ia_auto_gen/littledragonchestplate"},{"predicate":{"trim_type":0.3,"custom_model_data":10015},"model":"armor:ia_auto_gen/littledragonchestplate"},{"predicate":{"trim_type":0.4,"custom_model_data":10015},"model":"armor:ia_auto_gen/littledragonchestplate"},{"predicate":{"trim_type":0.5,"custom_model_data":10015},"model":"armor:ia_auto_gen/littledragonchestplate"},{"predicate":{"trim_type":0.6,"custom_model_data":10015},"model":"armor:ia_auto_gen/littledragonchestplate"},{"predicate":{"trim_type":0.7,"custom_model_data":10015},"model":"armor:ia_auto_gen/littledragonchestplate"},{"predicate":{"trim_type":0.8,"custom_model_data":10015},"model":"armor:ia_auto_gen/littledragonchestplate"},{"predicate":{"trim_type":0.9,"custom_model_data":10015},"model":"armor:ia_auto_gen/littledragonchestplate"},{"predicate":{"trim_type":1.0,"custom_model_data":10015},"model":"armor:ia_auto_gen/littledragonchestplate"},{"predicate":{"custom_model_data":10016},"model":"armor:ia_auto_gen/iridium_chestplate"},{"predicate":{"trim_type":0.1,"custom_model_data":10016},"model":"armor:ia_auto_gen/iridium_chestplate"},{"predicate":{"trim_type":0.2,"custom_model_data":10016},"model":"armor:ia_auto_gen/iridium_chestplate"},{"predicate":{"trim_type":0.3,"custom_model_data":10016},"model":"armor:ia_auto_gen/iridium_chestplate"},{"predicate":{"trim_type":0.4,"custom_model_data":10016},"model":"armor:ia_auto_gen/iridium_chestplate"},{"predicate":{"trim_type":0.5,"custom_model_data":10016},"model":"armor:ia_auto_gen/iridium_chestplate"},{"predicate":{"trim_type":0.6,"custom_model_data":10016},"model":"armor:ia_auto_gen/iridium_chestplate"},{"predicate":{"trim_type":0.7,"custom_model_data":10016},"model":"armor:ia_auto_gen/iridium_chestplate"},{"predicate":{"trim_type":0.8,"custom_model_data":10016},"model":"armor:ia_auto_gen/iridium_chestplate"},{"predicate":{"trim_type":0.9,"custom_model_data":10016},"model":"armor:ia_auto_gen/iridium_chestplate"},{"predicate":{"trim_type":1.0,"custom_model_data":10016},"model":"armor:ia_auto_gen/iridium_chestplate"},{"predicate":{"custom_model_data":10017},"model":"armor:ia_auto_gen/saintpatrickchestplate"},{"predicate":{"trim_type":0.1,"custom_model_data":10017},"model":"armor:ia_auto_gen/saintpatrickchestplate"},{"predicate":{"trim_type":0.2,"custom_model_data":10017},"model":"armor:ia_auto_gen/saintpatrickchestplate"},{"predicate":{"trim_type":0.3,"custom_model_data":10017},"model":"armor:ia_auto_gen/saintpatrickchestplate"},{"predicate":{"trim_type":0.4,"custom_model_data":10017},"model":"armor:ia_auto_gen/saintpatrickchestplate"},{"predicate":{"trim_type":0.5,"custom_model_data":10017},"model":"armor:ia_auto_gen/saintpatrickchestplate"},{"predicate":{"trim_type":0.6,"custom_model_data":10017},"model":"armor:ia_auto_gen/saintpatrickchestplate"},{"predicate":{"trim_type":0.7,"custom_model_data":10017},"model":"armor:ia_auto_gen/saintpatrickchestplate"},{"predicate":{"trim_type":0.8,"custom_model_data":10017},"model":"armor:ia_auto_gen/saintpatrickchestplate"},{"predicate":{"trim_type":0.9,"custom_model_data":10017},"model":"armor:ia_auto_gen/saintpatrickchestplate"},{"predicate":{"trim_type":1.0,"custom_model_data":10017},"model":"armor:ia_auto_gen/saintpatrickchestplate"},{"predicate":{"custom_model_data":10018},"model":"armor:ia_auto_gen/ufochestplate"},{"predicate":{"trim_type":0.1,"custom_model_data":10018},"model":"armor:ia_auto_gen/ufochestplate"},{"predicate":{"trim_type":0.2,"custom_model_data":10018},"model":"armor:ia_auto_gen/ufochestplate"},{"predicate":{"trim_type":0.3,"custom_model_data":10018},"model":"armor:ia_auto_gen/ufochestplate"},{"predicate":{"trim_type":0.4,"custom_model_data":10018},"model":"armor:ia_auto_gen/ufochestplate"},{"predicate":{"trim_type":0.5,"custom_model_data":10018},"model":"armor:ia_auto_gen/ufochestplate"},{"predicate":{"trim_type":0.6,"custom_model_data":10018},"model":"armor:ia_auto_gen/ufochestplate"},{"predicate":{"trim_type":0.7,"custom_model_data":10018},"model":"armor:ia_auto_gen/ufochestplate"},{"predicate":{"trim_type":0.8,"custom_model_data":10018},"model":"armor:ia_auto_gen/ufochestplate"},{"predicate":{"trim_type":0.9,"custom_model_data":10018},"model":"armor:ia_auto_gen/ufochestplate"},{"predicate":{"trim_type":1.0,"custom_model_data":10018},"model":"armor:ia_auto_gen/ufochestplate"},{"predicate":{"custom_model_data":10019},"model":"armor:ia_auto_gen/winterchestplate"},{"predicate":{"trim_type":0.1,"custom_model_data":10019},"model":"armor:ia_auto_gen/winterchestplate"},{"predicate":{"trim_type":0.2,"custom_model_data":10019},"model":"armor:ia_auto_gen/winterchestplate"},{"predicate":{"trim_type":0.3,"custom_model_data":10019},"model":"armor:ia_auto_gen/winterchestplate"},{"predicate":{"trim_type":0.4,"custom_model_data":10019},"model":"armor:ia_auto_gen/winterchestplate"},{"predicate":{"trim_type":0.5,"custom_model_data":10019},"model":"armor:ia_auto_gen/winterchestplate"},{"predicate":{"trim_type":0.6,"custom_model_data":10019},"model":"armor:ia_auto_gen/winterchestplate"},{"predicate":{"trim_type":0.7,"custom_model_data":10019},"model":"armor:ia_auto_gen/winterchestplate"},{"predicate":{"trim_type":0.8,"custom_model_data":10019},"model":"armor:ia_auto_gen/winterchestplate"},{"predicate":{"trim_type":0.9,"custom_model_data":10019},"model":"armor:ia_auto_gen/winterchestplate"},{"predicate":{"trim_type":1.0,"custom_model_data":10019},"model":"armor:ia_auto_gen/winterchestplate"},{"predicate":{"custom_model_data":10020},"model":"armor:ia_auto_gen/infernochestplate"},{"predicate":{"trim_type":0.1,"custom_model_data":10020},"model":"armor:ia_auto_gen/infernochestplate"},{"predicate":{"trim_type":0.2,"custom_model_data":10020},"model":"armor:ia_auto_gen/infernochestplate"},{"predicate":{"trim_type":0.3,"custom_model_data":10020},"model":"armor:ia_auto_gen/infernochestplate"},{"predicate":{"trim_type":0.4,"custom_model_data":10020},"model":"armor:ia_auto_gen/infernochestplate"},{"predicate":{"trim_type":0.5,"custom_model_data":10020},"model":"armor:ia_auto_gen/infernochestplate"},{"predicate":{"trim_type":0.6,"custom_model_data":10020},"model":"armor:ia_auto_gen/infernochestplate"},{"predicate":{"trim_type":0.7,"custom_model_data":10020},"model":"armor:ia_auto_gen/infernochestplate"},{"predicate":{"trim_type":0.8,"custom_model_data":10020},"model":"armor:ia_auto_gen/infernochestplate"},{"predicate":{"trim_type":0.9,"custom_model_data":10020},"model":"armor:ia_auto_gen/infernochestplate"},{"predicate":{"trim_type":1.0,"custom_model_data":10020},"model":"armor:ia_auto_gen/infernochestplate"},{"predicate":{"custom_model_data":10022},"model":"armor:ia_auto_gen/fairychestplate"},{"predicate":{"trim_type":0.1,"custom_model_data":10022},"model":"armor:ia_auto_gen/fairychestplate"},{"predicate":{"trim_type":0.2,"custom_model_data":10022},"model":"armor:ia_auto_gen/fairychestplate"},{"predicate":{"trim_type":0.3,"custom_model_data":10022},"model":"armor:ia_auto_gen/fairychestplate"},{"predicate":{"trim_type":0.4,"custom_model_data":10022},"model":"armor:ia_auto_gen/fairychestplate"},{"predicate":{"trim_type":0.5,"custom_model_data":10022},"model":"armor:ia_auto_gen/fairychestplate"},{"predicate":{"trim_type":0.6,"custom_model_data":10022},"model":"armor:ia_auto_gen/fairychestplate"},{"predicate":{"trim_type":0.7,"custom_model_data":10022},"model":"armor:ia_auto_gen/fairychestplate"},{"predicate":{"trim_type":0.8,"custom_model_data":10022},"model":"armor:ia_auto_gen/fairychestplate"},{"predicate":{"trim_type":0.9,"custom_model_data":10022},"model":"armor:ia_auto_gen/fairychestplate"},{"predicate":{"trim_type":1.0,"custom_model_data":10022},"model":"armor:ia_auto_gen/fairychestplate"},{"predicate":{"custom_model_data":10023},"model":"armor:ia_auto_gen/arcanistchestplate"},{"predicate":{"trim_type":0.1,"custom_model_data":10023},"model":"armor:ia_auto_gen/arcanistchestplate"},{"predicate":{"trim_type":0.2,"custom_model_data":10023},"model":"armor:ia_auto_gen/arcanistchestplate"},{"predicate":{"trim_type":0.3,"custom_model_data":10023},"model":"armor:ia_auto_gen/arcanistchestplate"},{"predicate":{"trim_type":0.4,"custom_model_data":10023},"model":"armor:ia_auto_gen/arcanistchestplate"},{"predicate":{"trim_type":0.5,"custom_model_data":10023},"model":"armor:ia_auto_gen/arcanistchestplate"},{"predicate":{"trim_type":0.6,"custom_model_data":10023},"model":"armor:ia_auto_gen/arcanistchestplate"},{"predicate":{"trim_type":0.7,"custom_model_data":10023},"model":"armor:ia_auto_gen/arcanistchestplate"},{"predicate":{"trim_type":0.8,"custom_model_data":10023},"model":"armor:ia_auto_gen/arcanistchestplate"},{"predicate":{"trim_type":0.9,"custom_model_data":10023},"model":"armor:ia_auto_gen/arcanistchestplate"},{"predicate":{"trim_type":1.0,"custom_model_data":10023},"model":"armor:ia_auto_gen/arcanistchestplate"},{"predicate":{"custom_model_data":10024},"model":"armor:ia_auto_gen/mysticcyanchestplate"},{"predicate":{"trim_type":0.1,"custom_model_data":10024},"model":"armor:ia_auto_gen/mysticcyanchestplate"},{"predicate":{"trim_type":0.2,"custom_model_data":10024},"model":"armor:ia_auto_gen/mysticcyanchestplate"},{"predicate":{"trim_type":0.3,"custom_model_data":10024},"model":"armor:ia_auto_gen/mysticcyanchestplate"},{"predicate":{"trim_type":0.4,"custom_model_data":10024},"model":"armor:ia_auto_gen/mysticcyanchestplate"},{"predicate":{"trim_type":0.5,"custom_model_data":10024},"model":"armor:ia_auto_gen/mysticcyanchestplate"},{"predicate":{"trim_type":0.6,"custom_model_data":10024},"model":"armor:ia_auto_gen/mysticcyanchestplate"},{"predicate":{"trim_type":0.7,"custom_model_data":10024},"model":"armor:ia_auto_gen/mysticcyanchestplate"},{"predicate":{"trim_type":0.8,"custom_model_data":10024},"model":"armor:ia_auto_gen/mysticcyanchestplate"},{"predicate":{"trim_type":0.9,"custom_model_data":10024},"model":"armor:ia_auto_gen/mysticcyanchestplate"},{"predicate":{"trim_type":1.0,"custom_model_data":10024},"model":"armor:ia_auto_gen/mysticcyanchestplate"},{"predicate":{"custom_model_data":10025},"model":"armor:ia_auto_gen/easterchestplate"},{"predicate":{"trim_type":0.1,"custom_model_data":10025},"model":"armor:ia_auto_gen/easterchestplate"},{"predicate":{"trim_type":0.2,"custom_model_data":10025},"model":"armor:ia_auto_gen/easterchestplate"},{"predicate":{"trim_type":0.3,"custom_model_data":10025},"model":"armor:ia_auto_gen/easterchestplate"},{"predicate":{"trim_type":0.4,"custom_model_data":10025},"model":"armor:ia_auto_gen/easterchestplate"},{"predicate":{"trim_type":0.5,"custom_model_data":10025},"model":"armor:ia_auto_gen/easterchestplate"},{"predicate":{"trim_type":0.6,"custom_model_data":10025},"model":"armor:ia_auto_gen/easterchestplate"},{"predicate":{"trim_type":0.7,"custom_model_data":10025},"model":"armor:ia_auto_gen/easterchestplate"},{"predicate":{"trim_type":0.8,"custom_model_data":10025},"model":"armor:ia_auto_gen/easterchestplate"},{"predicate":{"trim_type":0.9,"custom_model_data":10025},"model":"armor:ia_auto_gen/easterchestplate"},{"predicate":{"trim_type":1.0,"custom_model_data":10025},"model":"armor:ia_auto_gen/easterchestplate"},{"predicate":{"custom_model_data":10026},"model":"item/leather_chestplate"}],"textures":{"layer0":"minecraft:item/leather_chestplate","layer1":"minecraft:item/leather_chestplate_overlay"}}