  {"parent":"minecraft:item/generated","textures":{"layer0":"minecraft:item/leather_horse_armor"},"overrides":[{"predicate":{"custom_model_data":10014},"model":"magiccosmetics:item/stick"},{"predicate":{"custom_model_data":10015},"model":"magiccosmetics:item/brush"},{"predicate":{"custom_model_data":10016},"model":"magiccosmetics:item/tone"},{"predicate":{"custom_model_data":10017},"model":"magiccosmetics:item/molten_crown"},{"predicate":{"custom_model_data":10018},"model":"magiccosmetics:item/burger_cap"},{"predicate":{"custom_model_data":10019},"model":"magiccosmetics:item/medusa_hat"},{"predicate":{"custom_model_data":10020},"model":"magiccosmetics:item/stellar_hat"},{"predicate":{"custom_model_data":10021},"model":"magiccosmetics:item/3d_glasses"},{"predicate":{"custom_model_data":10022},"model":"magiccosmetics:item/ocean_spirit_fins_base"},{"predicate":{"custom_model_data":10023},"model":"magiccosmetics:item/molten_wings"},{"predicate":{"custom_model_data":10024},"model":"magiccosmetics:item/junk_drone"},{"predicate":{"custom_model_data":10025},"model":"magiccosmetics:item/marauder_augments"},{"predicate":{"custom_model_data":10026},"model":"magiccosmetics:item/molten_staff"},{"predicate":{"custom_model_data":10027},"model":"magiccosmetics:item/ocean_spirit_fist"},{"predicate":{"custom_model_data":10028},"model":"magiccosmetics:item/chef_hat"},{"predicate":{"custom_model_data":10029},"model":"magiccosmetics:item/tophatblack"},{"predicate":{"custom_model_data":10030},"model":"magiccosmetics:item/brown_bear_hat"},{"predicate":{"custom_model_data":10031},"model":"magiccosmetics:item/unicorn_hat"},{"predicate":{"custom_model_data":10032},"model":"magiccosmetics:item/tiki_mask"},{"predicate":{"custom_model_data":10033},"model":"magiccosmetics:item/diamond_crown"},{"predicate":{"custom_model_data":10034},"model":"magiccosmetics:item/stasis_hammer"},{"predicate":{"custom_model_data":10035},"model":"magiccosmetics:item/ruby_crown"},{"predicate":{"custom_model_data":10036},"model":"magiccosmetics:item/prismatic_crown"},{"predicate":{"custom_model_data":10037},"model":"magiccosmetics:item/goggles"},{"predicate":{"custom_model_data":10038},"model":"magiccosmetics:item/rainbow_sunglasses"},{"predicate":{"custom_model_data":10039},"model":"magiccosmetics:item/antenna_tint"},{"predicate":{"custom_model_data":10040},"model":"magiccosmetics:item/beanie_tint"},{"predicate":{"custom_model_data":10041},"model":"magiccosmetics:item/mining_helmet"},{"predicate":{"custom_model_data":10042},"model":"magiccosmetics:item/devil_wings"},{"predicate":{"custom_model_data":10043},"model":"magiccosmetics:item/frog_backpack"},{"predicate":{"custom_model_data":10044},"model":"magiccosmetics:item/shark_fin"},{"predicate":{"custom_model_data":10045},"model":"magiccosmetics:item/knife_backpack"},{"predicate":{"custom_model_data":10046},"model":"magiccosmetics:item/tiki_shield"},{"predicate":{"custom_model_data":10047},"model":"magiccosmetics:item/claw_machine"},{"predicate":{"custom_model_data":10048},"model":"magiccosmetics:item/treadmill"},{"predicate":{"custom_model_data":10049},"model":"magiccosmetics:item/gear"},{"predicate":{"custom_model_data":10050},"model":"magiccosmetics:item/wind_up"},{"predicate":{"custom_model_data":10051},"model":"magiccosmetics:item/afro"},{"predicate":{"custom_model_data":10052},"model":"magiccosmetics:item/crown"},{"predicate":{"custom_model_data":10053},"model":"magiccosmetics:item/dino"},{"predicate":{"custom_model_data":10054},"model":"magiccosmetics:item/football"},{"predicate":{"custom_model_data":10055},"model":"magiccosmetics:item/shark"},{"predicate":{"custom_model_data":10056},"model":"magiccosmetics:item/claw"},{"predicate":{"custom_model_data":10057},"model":"magiccosmetics:item/fish_hand"},{"predicate":{"custom_model_data":10058},"model":"magiccosmetics:item/flower"},{"predicate":{"custom_model_data":10059},"model":"magiccosmetics:item/stick"},{"predicate":{"custom_model_data":10060},"model":"magiccosmetics:item/cat_witch"},{"predicate":{"custom_model_data":10061},"model":"magiccosmetics:item/demon_king_hat"},{"predicate":{"custom_model_data":10062},"model":"magiccosmetics:item/electrified_frankstein_screws"},{"predicate":{"custom_model_data":10063},"model":"magiccosmetics:item/mad_scientist_hat"},{"predicate":{"custom_model_data":10064},"model":"magiccosmetics:item/microphone"},{"predicate":{"custom_model_data":10065},"model":"magiccosmetics:item/grip_lantern"},{"predicate":{"custom_model_data":10066},"model":"magiccosmetics:item/pitchfork"},{"predicate":{"custom_model_data":10067},"model":"magiccosmetics:item/knight_sword"},{"predicate":{"custom_model_data":10068},"model":"magiccosmetics:item/tiki_staff"},{"predicate":{"custom_model_data":10069},"model":"magiccosmetics:item/devil_trident"},{"predicate":{"custom_model_data":10070},"model":"magiccosmetics:item/coral_trident"},{"predicate":{"custom_model_data":10071},"model":"magiccosmetics:item/baseball_cap"},{"predicate":{"custom_model_data":10072},"model":"magiccosmetics:item/cardboard_box"},{"predicate":{"custom_model_data":10073},"model":"magiccosmetics:item/fedora"},{"predicate":{"custom_model_data":10074},"model":"magiccosmetics:item/frog_hat"},{"predicate":{"custom_model_data":10075},"model":"magiccosmetics:item/hard_hat"},{"predicate":{"custom_model_data":10076},"model":"magiccosmetics:item/jellyfish_hat"},{"predicate":{"custom_model_data":10077},"model":"magiccosmetics:item/sensei"},{"predicate":{"custom_model_data":10078},"model":"magiccosmetics:item/straw_hat"},{"predicate":{"custom_model_data":10079},"model":"magiccosmetics:item/tv_head"},{"predicate":{"custom_model_data":10080},"model":"magiccosmetics:item/ufo_hat"},{"predicate":{"custom_model_data":10081},"model":"magiccosmetics:item/adventurer_hat"},{"predicate":{"custom_model_data":10082},"model":"magiccosmetics:item/amongus_head"},{"predicate":{"custom_model_data":10083},"model":"magiccosmetics:item/axolotl_hat"},{"predicate":{"custom_model_data":10084},"model":"magiccosmetics:item/sombrero"},{"predicate":{"custom_model_data":10085},"model":"magiccosmetics:item/punkpin_hat"},{"predicate":{"custom_model_data":10086},"model":"magiccosmetics:item/viking_hat"},{"predicate":{"custom_model_data":10087},"model":"magiccosmetics:item/wizard_hat"},{"predicate":{"custom_model_data":10088},"model":"magiccosmetics:item/miner_backpack"},{"predicate":{"custom_model_data":10089},"model":"magiccosmetics:item/viking_shield"},{"predicate":{"custom_model_data":10090},"model":"magiccosmetics:item/wizard_cape"},{"predicate":{"custom_model_data":10091},"model":"magiccosmetics:item/miner_lamp"},{"predicate":{"custom_model_data":10092},"model":"magiccosmetics:item/viking_axe"},{"predicate":{"custom_model_data":10093},"model":"magiccosmetics:item/wizard_staff"},{"predicate":{"custom_model_data":10094},"model":"magiccosmetics:item/demon_wings"},{"predicate":{"custom_model_data":10095},"model":"magiccosmetics:item/ice_wings"},{"predicate":{"custom_model_data":10096},"model":"magiccosmetics:item/phoenix_wings"},{"predicate":{"custom_model_data":10097},"model":"magiccosmetics:item/newyear_balloon"},{"predicate":{"custom_model_data":10098},"model":"magiccosmetics:item/knight_helmet"},{"predicate":{"custom_model_data":10099},"model":"magiccosmetics:item/littleduck_hood"},{"predicate":{"custom_model_data":10100},"model":"magiccosmetics:item/rgb_headset_black"},{"predicate":{"custom_model_data":10101},"model":"magiccosmetics:item/rgb_headset_pink"},{"predicate":{"custom_model_data":10102},"model":"magiccosmetics:item/rgb_headset_white"},{"predicate":{"custom_model_data":10103},"model":"magiccosmetics:item/xray_glasses"},{"predicate":{"custom_model_data":10104},"model":"magiccosmetics:item/captains_hat"},{"predicate":{"custom_model_data":10105},"model":"magiccosmetics:item/halo_tint"},{"predicate":{"custom_model_data":10106},"model":"magiccosmetics:item/jester_helmet_1"},{"predicate":{"custom_model_data":10107},"model":"magiccosmetics:item/jester_helmet_2"},{"predicate":{"custom_model_data":10108},"model":"magiccosmetics:item/smiley_mask"},{"predicate":{"custom_model_data":10109},"model":"magiccosmetics:item/gloomy_mask"},{"predicate":{"custom_model_data":10110},"model":"magiccosmetics:item/basic_backpack"},{"predicate":{"custom_model_data":10111},"model":"magiccosmetics:item/explorer_backpack"},{"predicate":{"custom_model_data":10112},"model":"magiccosmetics:item/camper_backpack"},{"predicate":{"custom_model_data":10113},"model":"magiccosmetics:item/conga"},{"predicate":{"custom_model_data":10114},"model":"magiccosmetics:item/hay_bale_backpack"},{"predicate":{"custom_model_data":10115},"model":"magiccosmetics:item/littleduck_backpack"},{"predicate":{"custom_model_data":10116},"model":"magiccosmetics:item/burger_suit"},{"predicate":{"custom_model_data":10117},"model":"magiccosmetics:item/giant_scroll"},{"predicate":{"custom_model_data":10118},"model":"magiccosmetics:item/sword"},{"predicate":{"custom_model_data":10119},"model":"magiccosmetics:item/air_fan_baggage"},{"predicate":{"custom_model_data":10120},"model":"magiccosmetics:item/baseball"},{"predicate":{"custom_model_data":10121},"model":"magiccosmetics:item/cake_rolling_pin"},{"predicate":{"custom_model_data":10122},"model":"magiccosmetics:item/saucepan"},{"predicate":{"custom_model_data":10123},"model":"magiccosmetics:item/littleduck_flag"},{"predicate":{"custom_model_data":10124},"model":"magiccosmetics:item/littleduck_staff"},{"predicate":{"custom_model_data":10125},"model":"magiccosmetics:item/butterfly_hat"},{"predicate":{"custom_model_data":10126},"model":"magiccosmetics:item/ice_crown"},{"predicate":{"custom_model_data":10127},"model":"magiccosmetics:item/stained_glass_visor"},{"predicate":{"custom_model_data":10128},"model":"magiccosmetics:item/cyber_visor"},{"predicate":{"custom_model_data":10129},"model":"magiccosmetics:item/dragon_wings"},{"predicate":{"custom_model_data":10130},"model":"magiccosmetics:item/fire_wing"},{"predicate":{"custom_model_data":10131},"model":"magiccosmetics:item/ice_katana"},{"predicate":{"custom_model_data":10132},"model":"magiccosmetics:item/robot_claws"},{"predicate":{"custom_model_data":10133},"model":"magiccosmetics:item/dragon_tail_back"},{"predicate":{"custom_model_data":10134},"model":"magiccosmetics:item/stained_glass_wing"},{"predicate":{"custom_model_data":10135},"model":"magiccosmetics:item/butterfly_wing"},{"predicate":{"custom_model_data":10136},"model":"magiccosmetics:item/enchanted_book"},{"predicate":{"custom_model_data":10137},"model":"magiccosmetics:item/flame_hand"},{"predicate":{"custom_model_data":10138},"model":"magiccosmetics:item/ice_staff"},{"predicate":{"custom_model_data":10139},"model":"magiccosmetics:item/icecream"},{"predicate":{"custom_model_data":10140},"model":"magiccosmetics:item/lightsaber"},{"predicate":{"custom_model_data":10141},"model":"magiccosmetics:item/double_lightsaber"},{"predicate":{"custom_model_data":10142},"model":"magiccosmetics:item/stained_glass_lantern"},{"predicate":{"custom_model_data":10143},"model":"magiccosmetics:item/butterfly_offhand"},{"predicate":{"custom_model_data":10144},"model":"vanilla_furnitures:acacia/acacia_sofa"},{"predicate":{"custom_model_data":10146},"model":"menus:ia_auto_gen/colorableportal"},{"predicate":{"custom_model_data":10147},"model":"vanilla_furnitures:acacia/acacia_curtains"},{"predicate":{"custom_model_data":10148},"model":"menus:ia_auto_gen/colorablesplash"},{"predicate":{"custom_model_data":10149},"model":"magiccosmetics:item/rainbow_hat"},{"predicate":{"custom_model_data":10150},"model":"magiccosmetics:item/rainbow_wings"},{"predicate":{"custom_model_data":10151},"model":"magiccosmetics:item/fish_bowl"},{"predicate":{"custom_model_data":10152},"model":"magiccosmetics:item/spider_legs"},{"predicate":{"custom_model_data":10153},"model":"magiccosmetics:item/frost_mage_helmet"},{"predicate":{"custom_model_data":10154},"model":"magiccosmetics:item/plague_doctor_mask"},{"predicate":{"custom_model_data":10155},"model":"magiccosmetics:item/dao_blade"},{"predicate":{"custom_model_data":10156},"model":"magiccosmetics:item/jet_pack"},{"predicate":{"custom_model_data":10157},"model":"magiccosmetics:item/wisteria_pot"},{"predicate":{"custom_model_data":10158},"model":"magiccosmetics:item/firefly_lantern"},{"predicate":{"custom_model_data":10159},"model":"magiccosmetics:item/glacial_crown"},{"predicate":{"custom_model_data":10160},"model":"magiccosmetics:item/fruit_crown"},{"predicate":{"custom_model_data":10161},"model":"magiccosmetics:item/lunar_lantern"},{"predicate":{"custom_model_data":10162},"model":"magiccosmetics:item/crop_basket"},{"predicate":{"custom_model_data":10163},"model":"magiccosmetics:item/flamingo_floaty"},{"predicate":{"custom_model_data":10164},"model":"magiccosmetics:item/cyber_energy_tank"},{"predicate":{"custom_model_data":10165},"model":"magiccosmetics:item/quiver"},{"predicate":{"custom_model_data":10166},"model":"magiccosmetics:item/reaper_scythe"},{"predicate":{"custom_model_data":10167},"model":"magiccosmetics:item/crab_arm"},{"predicate":{"custom_model_data":10168},"model":"magiccosmetics:item/flower_umbrella"},{"predicate":{"custom_model_data":10169},"model":"magiccosmetics:item/ornate_parasol"},{"predicate":{"custom_model_data":10170},"model":"magiccosmetics:item/witch_broom"},{"predicate":{"custom_model_data":10180},"model":"magiccosmetics:item/bat_hat"},{"predicate":{"custom_model_data":10181},"model":"magiccosmetics:item/spider_hat"},{"predicate":{"custom_model_data":10182},"model":"magiccosmetics:item/bone_hat"},{"predicate":{"custom_model_data":10183},"model":"magiccosmetics:item/bloody_cloud"},{"predicate":{"custom_model_data":10184},"model":"magiccosmetics:item/spider_body"},{"predicate":{"custom_model_data":10185},"model":"magiccosmetics:item/pumpkin_body"},{"predicate":{"custom_model_data":10186},"model":"magiccosmetics:item/bone_body"},{"predicate":{"custom_model_data":10187},"model":"magiccosmetics:item/bloody_backpack"},{"predicate":{"custom_model_data":10188},"model":"magiccosmetics:item/candy_bag"},{"predicate":{"custom_model_data":10189},"model":"magiccosmetics:item/bloody_knife"},{"predicate":{"custom_model_data":10190},"model":"magiccosmetics:item/bone_hand"},{"predicate":{"custom_model_data":10191},"model":"magiccosmetics:item/big_scythe"},{"predicate":{"custom_model_data":10192},"model":"magiccosmetics:item/santa_hat"},{"predicate":{"custom_model_data":10193},"model":"magiccosmetics:item/reindeer_antlers"},{"predicate":{"custom_model_data":10194},"model":"magiccosmetics:item/santa_bag"},{"predicate":{"custom_model_data":10195},"model":"magiccosmetics:item/cupid_quiver"},{"predicate":{"custom_model_data":10196},"model":"magiccosmetics:item/santa_offhand"},{"predicate":{"custom_model_data":10197},"model":"magiccosmetics:item/xmas_tree"},{"predicate":{"custom_model_data":10198},"model":"magiccosmetics:item/cupid_hat"},{"predicate":{"custom_model_data":10199},"model":"magiccosmetics:item/teddy_hat"},{"predicate":{"custom_model_data":10200},"model":"magiccosmetics:item/heart_headband"},{"predicate":{"custom_model_data":10201},"model":"magiccosmetics:item/heart_top_hat"},{"predicate":{"custom_model_data":10202},"model":"magiccosmetics:item/heart_crown"},{"predicate":{"custom_model_data":10203},"model":"magiccosmetics:item/cupid_wings"},{"predicate":{"custom_model_data":10204},"model":"magiccosmetics:item/heart_wings"},{"predicate":{"custom_model_data":10205},"model":"magiccosmetics:item/teddy_bow"},{"predicate":{"custom_model_data":10206},"model":"magiccosmetics:item/teddy_bear_paw"},{"predicate":{"custom_model_data":10207},"model":"magiccosmetics:item/flower_bouquet"},{"predicate":{"custom_model_data":10208},"model":"magiccosmetics:item/rose_staff"},{"predicate":{"custom_model_data":10209},"model":"magiccosmetics:item/cupid_bow"},{"predicate":{"custom_model_data":10210},"model":"omstore:valentine2024/teddy_bear"},{"predicate":{"custom_model_data":10211},"model":"omstore:valentine2024/teddy_bear2"},{"predicate":{"custom_model_data":10212},"model":"omstore:valentine2024/rosepot"},{"predicate":{"custom_model_data":10213},"model":"omstore:valentine2024/roseleaves"},{"predicate":{"custom_model_data":10214},"model":"omstore:valentine2024/roseleaves_giant"},{"predicate":{"custom_model_data":10215},"model":"magiccosmetics:item/chick_hat_nest"},{"predicate":{"custom_model_data":10216},"model":"magiccosmetics:item/chick_nest"},{"predicate":{"custom_model_data":10217},"model":"magiccosmetics:item/spirit_dragons"},{"predicate":{"custom_model_data":10218},"model":"magiccosmetics:item/cat_witch_tail"},{"predicate":{"custom_model_data":10219},"model":"magiccosmetics:item/demon_king_wings"},{"predicate":{"custom_model_data":10220},"model":"magiccosmetics:item/electrified_frankstein_back_fuses"},{"predicate":{"custom_model_data":10221},"model":"magiccosmetics:item/mad_scientist_back"},{"predicate":{"custom_model_data":10222},"model":"magiccosmetics:item/punkpin_guitar"},{"predicate":{"custom_model_data":10223},"model":"magiccosmetics:item/cat_witch_wand"},{"predicate":{"custom_model_data":10224},"model":"magiccosmetics:item/demon_king_scythe"},{"predicate":{"custom_model_data":10225},"model":"magiccosmetics:item/electrified_frankstein_pitchfork"},{"predicate":{"custom_model_data":10226},"model":"magiccosmetics:item/mad_scientist_scalpel"},{"predicate":{"custom_model_data":10227},"model":"magiccosmetics:item/punkpin_hand"},{"predicate":{"custom_model_data":10228},"model":"magiccosmetics:item/birthday_cake_hat"},{"predicate":{"custom_model_data":10229},"model":"magiccosmetics:item/cupcake_hat"},{"predicate":{"custom_model_data":10230},"model":"magiccosmetics:item/star_hat"},{"predicate":{"custom_model_data":10231},"model":"magiccosmetics:item/birthday_cake_back"},{"predicate":{"custom_model_data":10232},"model":"magiccosmetics:item/cupcake_wings"},{"predicate":{"custom_model_data":10233},"model":"magiccosmetics:item/star_wings"},{"predicate":{"custom_model_data":10234},"model":"magiccosmetics:item/birthday_spoon"},{"predicate":{"custom_model_data":10235},"model":"magiccosmetics:item/cherry_offhand"},{"predicate":{"custom_model_data":10236},"model":"magiccosmetics:item/star_sparkler"},{"predicate":{"custom_model_data":10237},"model":"magiccosmetics:item/mistletoe_crown"},{"predicate":{"custom_model_data":10238},"model":"magiccosmetics:item/snowflake_crown"},{"predicate":{"custom_model_data":10239},"model":"magiccosmetics:item/mistletoe_wings"},{"predicate":{"custom_model_data":10240},"model":"magiccosmetics:item/snowflake_wings"},{"predicate":{"custom_model_data":10241},"model":"magiccosmetics:item/mistletoe_staff"},{"predicate":{"custom_model_data":10242},"model":"magiccosmetics:item/snowflake_staff"},{"predicate":{"custom_model_data":10243},"model":"vanilla_furnitures:bamboo/bamboo_sofa"},{"predicate":{"custom_model_data":10246},"model":"vanilla_furnitures:bamboo/bamboo_curtains"},{"predicate":{"custom_model_data":10247},"model":"vanilla_furnitures:birch/birch_sofa"},{"predicate":{"custom_model_data":10250},"model":"vanilla_furnitures:birch/birch_curtains"},{"predicate":{"custom_model_data":10251},"model":"vanilla_furnitures:cherry/cherry_sofa"},{"predicate":{"custom_model_data":10254},"model":"vanilla_furnitures:cherry/cherry_curtains"},{"predicate":{"custom_model_data":10255},"model":"vanilla_furnitures:crimson/crimson_sofa"},{"predicate":{"custom_model_data":10258},"model":"vanilla_furnitures:crimson/crimson_curtains"},{"predicate":{"custom_model_data":10259},"model":"vanilla_furnitures:dark_oak/dark_oak_sofa"},{"predicate":{"custom_model_data":10262},"model":"vanilla_furnitures:dark_oak/dark_oak_curtains"},{"predicate":{"custom_model_data":10263},"model":"vanilla_furnitures:jungle/jungle_sofa"},{"predicate":{"custom_model_data":10266},"model":"vanilla_furnitures:jungle/jungle_curtains"},{"predicate":{"custom_model_data":10267},"model":"vanilla_furnitures:mangrove/mangrove_sofa"},{"predicate":{"custom_model_data":10270},"model":"vanilla_furnitures:mangrove/mangrove_curtains"},{"predicate":{"custom_model_data":10271},"model":"vanilla_furnitures:oak/oak_sofa"},{"predicate":{"custom_model_data":10274},"model":"vanilla_furnitures:oak/oak_curtains"},{"predicate":{"custom_model_data":10275},"model":"vanilla_furnitures:pale/pale_sofa"},{"predicate":{"custom_model_data":10278},"model":"vanilla_furnitures:pale/pale_curtains"},{"predicate":{"custom_model_data":10279},"model":"vanilla_furnitures:spruce/spruce_sofa"},{"predicate":{"custom_model_data":10282},"model":"vanilla_furnitures:spruce/spruce_curtains"},{"predicate":{"custom_model_data":10283},"model":"vanilla_furnitures:warped/warped_sofa"},{"predicate":{"custom_model_data":10286},"model":"vanilla_furnitures:warped/warped_curtains"},{"predicate":{"custom_model_data":10287},"model":"vanilla_furnitures:acacia/acacia_lampe"},{"predicate":{"custom_model_data":10288},"model":"vanilla_furnitures:acacia/acacia_big_lampe"},{"predicate":{"custom_model_data":10289},"model":"vanilla_furnitures:bamboo/bamboo_lampe"},{"predicate":{"custom_model_data":10290},"model":"vanilla_furnitures:bamboo/bamboo_big_lampe"},{"predicate":{"custom_model_data":10291},"model":"vanilla_furnitures:birch/birch_lampe"},{"predicate":{"custom_model_data":10292},"model":"vanilla_furnitures:birch/birch_big_lampe"},{"predicate":{"custom_model_data":10293},"model":"vanilla_furnitures:cherry/cherry_lampe"},{"predicate":{"custom_model_data":10294},"model":"vanilla_furnitures:cherry/cherry_big_lampe"},{"predicate":{"custom_model_data":10295},"model":"vanilla_furnitures:crimson/crimson_lampe"},{"predicate":{"custom_model_data":10296},"model":"vanilla_furnitures:crimson/crimson_big_lampe"},{"predicate":{"custom_model_data":10297},"model":"vanilla_furnitures:dark_oak/dark_oak_lampe"},{"predicate":{"custom_model_data":10298},"model":"vanilla_furnitures:dark_oak/dark_oak_big_lampe"},{"predicate":{"custom_model_data":10299},"model":"vanilla_furnitures:jungle/jungle_lampe"},{"predicate":{"custom_model_data":10300},"model":"vanilla_furnitures:jungle/jungle_big_lampe"},{"predicate":{"custom_model_data":10301},"model":"vanilla_furnitures:mangrove/mangrove_lampe"},{"predicate":{"custom_model_data":10302},"model":"vanilla_furnitures:mangrove/mangrove_big_lampe"},{"predicate":{"custom_model_data":10303},"model":"vanilla_furnitures:oak/oak_lampe"},{"predicate":{"custom_model_data":10304},"model":"vanilla_furnitures:oak/oak_big_lampe"},{"predicate":{"custom_model_data":10305},"model":"vanilla_furnitures:pale/pale_lampe"},{"predicate":{"custom_model_data":10306},"model":"vanilla_furnitures:pale/pale_big_lampe"},{"predicate":{"custom_model_data":10307},"model":"vanilla_furnitures:spruce/spruce_lampe"},{"predicate":{"custom_model_data":10308},"model":"vanilla_furnitures:spruce/spruce_big_lampe"},{"predicate":{"custom_model_data":10309},"model":"vanilla_furnitures:warped/warped_lampe"},{"predicate":{"custom_model_data":10310},"model":"vanilla_furnitures:warped/warped_big_lampe"},{"predicate":{"custom_model_data":45001},"model":"easter_cos:item/1"},{"predicate":{"custom_model_data":45002},"model":"easter_cos:item/2"},{"predicate":{"custom_model_data":45003},"model":"easter_cos:item/3"},{"predicate":{"custom_model_data":45004},"model":"easter_cos:item/4"},{"predicate":{"custom_model_data":45007},"model":"easter_cos:item/7"},{"predicate":{"custom_model_data":45008},"model":"easter_cos:item/8"},{"predicate":{"custom_model_data":45009},"model":"easter_cos:item/9"},{"predicate":{"custom_model_data":45010},"model":"easter_cos:item/10"},{"predicate":{"custom_model_data":45011},"model":"easter_cos:item/11"},{"predicate":{"custom_model_data":45012},"model":"easter_cos:item/12"},{"predicate":{"custom_model_data":45013},"model":"easter_cos:item/13"},{"predicate":{"custom_model_data":45014},"model":"easter_cos:item/14"},{"predicate":{"custom_model_data":45015},"model":"easter_cos:item/15"},{"predicate":{"custom_model_data":45016},"model":"easter_cos:item/16"},{"predicate":{"custom_model_data":45017},"model":"easter_cos:item/17"},{"predicate":{"custom_model_data":45018},"model":"item/leather_horse_armor"}]}