{"parent":"minecraft:item/handheld","textures":{"layer0":"minecraft:item/netherite_pickaxe"},"overrides":[{"predicate":{"custom_model_data":10000},"model":"gens:ia_auto_gen/1_dark_cloud_pickaxe"},{"predicate":{"custom_model_data":10001},"model":"gens:ia_auto_gen/2_chocolate_pickaxe"},{"predicate":{"custom_model_data":10002},"model":"gens:ia_auto_gen/3_solar_pickaxe"},{"predicate":{"custom_model_data":10003},"model":"gens:ia_auto_gen/4_demon_pickaxe"},{"predicate":{"custom_model_data":10004},"model":"gens:ia_auto_gen/5_garden_pickaxe"},{"predicate":{"custom_model_data":10005},"model":"gens:ia_auto_gen/6_fire_pickaxe"},{"predicate":{"custom_model_data":10006},"model":"gens:ia_auto_gen/7_snow_pickaxe"},{"predicate":{"custom_model_data":10007},"model":"gens:ia_auto_gen/8_shadow_pickaxe"},{"predicate":{"custom_model_data":10008},"model":"gens:ia_auto_gen/9_tree_pickaxe"},{"predicate":{"custom_model_data":10009},"model":"gens:ia_auto_gen/10_bone_pickaxe"},{"predicate":{"custom_model_data":10010},"model":"gens:ia_auto_gen/11_bee_pickaxe"},{"predicate":{"custom_model_data":10011},"model":"gens:ia_auto_gen/12_earthquake_pickaxe"},{"predicate":{"custom_model_data":10012},"model":"gens:ia_auto_gen/13_purple_flame_pickaxe"},{"predicate":{"custom_model_data":10013},"model":"gens:ia_auto_gen/14_eclipse_pickaxe"},{"predicate":{"custom_model_data":10014},"model":"gens:ia_auto_gen/15_ghost_pickaxe"},{"predicate":{"custom_model_data":10015},"model":"gens:ia_auto_gen/16_sun_pickaxe"},{"predicate":{"custom_model_data":10016},"model":"gens:ia_auto_gen/17_portal_pickaxe"},{"predicate":{"custom_model_data":10017},"model":"gens:ia_auto_gen/18_lightning_pickaxe"},{"predicate":{"custom_model_data":10018},"model":"gens:ia_auto_gen/20_electric_pickaxe"},{"predicate":{"custom_model_data":10019},"model":"gens:ia_auto_gen/21_oceanic_pickaxe"},{"predicate":{"custom_model_data":10020},"model":"gens:ia_auto_gen/22_space_pickaxe"},{"predicate":{"custom_model_data":10021},"model":"gens:ia_auto_gen/1_ruby_pickaxe"},{"predicate":{"custom_model_data":10022},"model":"gens:ia_auto_gen/2_zapphire_pickaxe"},{"predicate":{"custom_model_data":10023},"model":"gens:ia_auto_gen/3_vampire_pickaxe"},{"predicate":{"custom_model_data":10024},"model":"gens:ia_auto_gen/4_aquamarine_pickaxe"},{"predicate":{"custom_model_data":10025},"model":"gens:ia_auto_gen/5_spirit_pickaxe"},{"predicate":{"custom_model_data":10026},"model":"gens:ia_auto_gen/6_rainbow_pickaxe"},{"predicate":{"custom_model_data":10027},"model":"gens:ia_auto_gen/7_candycane_pickaxe"},{"predicate":{"custom_model_data":10028},"model":"gens:ia_auto_gen/8_flash_pickaxe"},{"predicate":{"custom_model_data":10029},"model":"gens:ia_auto_gen/9_jelly_pickaxe"},{"predicate":{"custom_model_data":10030},"model":"gens:ia_auto_gen/10_gladiator_pickaxe"},{"predicate":{"custom_model_data":10032},"model":"gens:ia_auto_gen/12_elemental_pickaxe"},{"predicate":{"custom_model_data":10033},"model":"gens:ia_auto_gen/13_kryptonite_pickaxe"},{"predicate":{"custom_model_data":10034},"model":"gens:ia_auto_gen/14_barbarian_pickaxe"},{"predicate":{"custom_model_data":10035},"model":"gens:ia_auto_gen/15_leprechaun_pickaxe"},{"predicate":{"custom_model_data":10036},"model":"gens:ia_auto_gen/16_ore_pickaxe"},{"predicate":{"custom_model_data":10037},"model":"gens:ia_auto_gen/17_popcorn_pickaxe"},{"predicate":{"custom_model_data":10038},"model":"gens:ia_auto_gen/18_flower_pickaxe"},{"predicate":{"custom_model_data":10039},"model":"gens:ia_auto_gen/19_dinosaur_pickaxe"},{"predicate":{"custom_model_data":10040},"model":"gens:ia_auto_gen/20_cherry_pickaxe"},{"predicate":{"custom_model_data":10041},"model":"gens:ia_auto_gen/21_carrot_pickaxe"},{"predicate":{"custom_model_data":10042},"model":"gens:ia_auto_gen/22_slime_pickaxe"},{"predicate":{"custom_model_data":10043},"model":"gens:ia_auto_gen/23_mace_pickaxe"},{"predicate":{"custom_model_data":10044},"model":"gens:ia_auto_gen/24_unicorn_pickaxe"},{"predicate":{"custom_model_data":10045},"model":"gens:ia_auto_gen/25_steampipe_pickaxe"},{"predicate":{"custom_model_data":10046},"model":"gens:ia_auto_gen/26_ai_pickaxe"},{"predicate":{"custom_model_data":10047},"model":"gens:ia_auto_gen/27_saw_pickaxe"},{"predicate":{"custom_model_data":10048},"model":"gens:ia_auto_gen/28_dark_pickaxe"},{"predicate":{"custom_model_data":10049},"model":"gens:ia_auto_gen/11_purple_flame_pickaxe2"},{"predicate":{"custom_model_data":10052},"model":"armor:ia_auto_gen/iridium_pickaxe"},{"predicate":{"custom_model_data":10053},"model":"item/netherite_pickaxe"}]}