{"parent":"minecraft:item/handheld","textures":{"layer0":"minecraft:item/netherite_axe"},"overrides":[{"predicate":{"custom_model_data":10000},"model":"gens:item/1_dark_cloud_axe"},{"predicate":{"custom_model_data":10001},"model":"gens:ia_auto_gen/2_chocolate_axe"},{"predicate":{"custom_model_data":10002},"model":"gens:item/3_solar_axe"},{"predicate":{"custom_model_data":10003},"model":"gens:ia_auto_gen/4_demon_axe"},{"predicate":{"custom_model_data":10004},"model":"gens:item/5_garden_axe"},{"predicate":{"custom_model_data":10005},"model":"gens:ia_auto_gen/6_fire_axe"},{"predicate":{"custom_model_data":10006},"model":"gens:ia_auto_gen/7_snow_axe"},{"predicate":{"custom_model_data":10007},"model":"gens:item/8_shadow_axe"},{"predicate":{"custom_model_data":10008},"model":"gens:item/9_tree_axe"},{"predicate":{"custom_model_data":10009},"model":"gens:ia_auto_gen/10_bone_axe"},{"predicate":{"custom_model_data":10010},"model":"gens:item/11_bee_axe"},{"predicate":{"custom_model_data":10011},"model":"gens:ia_auto_gen/12_earthquake_axe"},{"predicate":{"custom_model_data":10012},"model":"gens:ia_auto_gen/13_purple_flame_axe"},{"predicate":{"custom_model_data":10013},"model":"gens:ia_auto_gen/14_eclipse_axe"},{"predicate":{"custom_model_data":10014},"model":"gens:ia_auto_gen/15_ghost_axe"},{"predicate":{"custom_model_data":10015},"model":"gens:item/16_sun_axe"},{"predicate":{"custom_model_data":10016},"model":"gens:ia_auto_gen/17_portal_axe"},{"predicate":{"custom_model_data":10017},"model":"gens:ia_auto_gen/18_lightning_axe"},{"predicate":{"custom_model_data":10018},"model":"gens:ia_auto_gen/19_laser_axe"},{"predicate":{"custom_model_data":10019},"model":"gens:ia_auto_gen/20_electric_axe"},{"predicate":{"custom_model_data":10020},"model":"gens:ia_auto_gen/21_oceanic_axe"},{"predicate":{"custom_model_data":10021},"model":"gens:ia_auto_gen/22_space_axe"},{"predicate":{"custom_model_data":10042},"model":"armor:ia_auto_gen/iridium_axe"},{"predicate":{"custom_model_data":10043},"model":"item/netherite_axe"}]}