{"parent":"minecraft:item/handheld","textures":{"layer0":"minecraft:item/netherite_hoe"},"overrides":[{"predicate":{"custom_model_data":10000},"model":"gens:item/1_dark_cloud_scythe"},{"predicate":{"custom_model_data":10001},"model":"gens:item/2_chocolate_hoe"},{"predicate":{"custom_model_data":10002},"model":"gens:item/3_solar_scythe"},{"predicate":{"custom_model_data":10003},"model":"gens:item/4_demon_scythe"},{"predicate":{"custom_model_data":10004},"model":"gens:item/5_garden_scythe"},{"predicate":{"custom_model_data":10005},"model":"gens:item/6_fire_scythe"},{"predicate":{"custom_model_data":10006},"model":"gens:item/7_snow_scythe"},{"predicate":{"custom_model_data":10007},"model":"gens:ia_auto_gen/8_shadow_scythe"},{"predicate":{"custom_model_data":10008},"model":"gens:ia_auto_gen/9_tree_scythe"},{"predicate":{"custom_model_data":10009},"model":"gens:ia_auto_gen/10_bone_scythe"},{"predicate":{"custom_model_data":10011},"model":"gens:item/12_earthquake_scythe"},{"predicate":{"custom_model_data":10012},"model":"gens:item/13_purple_flame_scythe"},{"predicate":{"custom_model_data":10013},"model":"gens:item/14_eclipse_scythe"},{"predicate":{"custom_model_data":10014},"model":"gens:item/15_ghost_scythe"},{"predicate":{"custom_model_data":10015},"model":"gens:item/16_sun_scythe"},{"predicate":{"custom_model_data":10016},"model":"gens:item/17_portal_scythe"},{"predicate":{"custom_model_data":10017},"model":"gens:item/18_lightning_scythe"},{"predicate":{"custom_model_data":10018},"model":"gens:item/19_laser_scythe"},{"predicate":{"custom_model_data":10019},"model":"gens:item/20_electric_scythe"},{"predicate":{"custom_model_data":10020},"model":"gens:item/21_oceanic_scythe"},{"predicate":{"custom_model_data":10021},"model":"gens:item/22_space_scythe"},{"predicate":{"custom_model_data":10022},"model":"gens:ia_auto_gen/11_bee_scythe"},{"predicate":{"custom_model_data":10025},"model":"armor:ia_auto_gen/iridium_hoe"},{"predicate":{"custom_model_data":10026},"model":"item/netherite_hoe"}]}