{"parent":"minecraft:item/generated","textures":{"layer0":"minecraft:item/paper"},"overrides":[{"predicate":{"custom_model_data":1133},"model":"fishing_pack:item/pearl"},{"predicate":{"custom_model_data":1134},"model":"fishing_pack:item/starfish"},{"predicate":{"custom_model_data":1135},"model":"fishing_pack:item/jellyfish"},{"predicate":{"custom_model_data":1136},"model":"fishing_pack:item/slimefish"},{"predicate":{"custom_model_data":1137},"model":"fishing_pack:item/bubblefish"},{"predicate":{"custom_model_data":1138},"model":"fishing_pack:item/trout"},{"predicate":{"custom_model_data":1139},"model":"fishing_pack:item/greenfish"},{"predicate":{"custom_model_data":1140},"model":"fishing_pack:item/coralfish"},{"predicate":{"custom_model_data":1141},"model":"fishing_pack:item/bream"},{"predicate":{"custom_model_data":1142},"model":"fishing_pack:item/fish_bone"},{"predicate":{"custom_model_data":1143},"model":"fishing_pack:item/rosy_barb"},{"predicate":{"custom_model_data":1144},"model":"fishing_pack:item/tuna"},{"predicate":{"custom_model_data":1145},"model":"fishing_pack:item/gemfish"},{"predicate":{"custom_model_data":1146},"model":"fishing_pack:item/chromis"},{"predicate":{"custom_model_data":1147},"model":"fishing_pack:item/icefish"},{"predicate":{"custom_model_data":1148},"model":"fishing_pack:item/shrimp"},{"predicate":{"custom_model_data":1149},"model":"fishing_pack:item/blue_eel"},{"predicate":{"custom_model_data":1151},"model":"fishing_pack:item/anthias"},{"predicate":{"custom_model_data":1152},"model":"fishing_pack:item/green_barb"},{"predicate":{"custom_model_data":1153},"model":"fishing_pack:item/blue_grenadier"},{"predicate":{"custom_model_data":1154},"model":"fishing_pack:item/sunfish"},{"predicate":{"custom_model_data":1155},"model":"fishing_pack:item/stingray"},{"predicate":{"custom_model_data":1172},"model":"fishing_pack:item/obsidianfish"},{"predicate":{"custom_model_data":1173},"model":"fishing_pack:item/magma_trout"},{"predicate":{"custom_model_data":1174},"model":"fishing_pack:item/molten_coralfish"},{"predicate":{"custom_model_data":1175},"model":"fishing_pack:item/blazorb_jellyfish"},{"predicate":{"custom_model_data":1176},"model":"fishing_pack:item/lava_anthias"},{"predicate":{"custom_model_data":1177},"model":"fishing_pack:item/fire_eel"},{"predicate":{"custom_model_data":1178},"model":"fishing_pack:item/warped_shrimp"},{"predicate":{"custom_model_data":1179},"model":"fishing_pack:item/crimson_bubblefish"},{"predicate":{"custom_model_data":1180},"model":"fishing_pack:item/worm_bait"},{"predicate":{"custom_model_data":1181},"model":"fishing_pack:item/corn_bait"},{"predicate":{"custom_model_data":1182},"model":"fishing_pack:item/jellyfish_tentacle_bait"},{"predicate":{"custom_model_data":1183},"model":"fishing_pack:item/dough_balls_bait"},{"predicate":{"custom_model_data":1184},"model":"fishing_pack:item/common_fishing_bait"},{"predicate":{"custom_model_data":1185},"model":"fishing_pack:item/rare_fishing_bait"},{"predicate":{"custom_model_data":1186},"model":"fishing_pack:item/epic_fishing_bait"},{"predicate":{"custom_model_data":1187},"model":"fishing_pack:item/legendary_fishing_bait"},{"predicate":{"custom_model_data":5000},"model":"fishing_pack:item/redcrab"},{"predicate":{"custom_model_data":5001},"model":"fishing_pack:item/yellowcrab"},{"predicate":{"custom_model_data":5002},"model":"fishing_pack:item/greencrab"},{"predicate":{"custom_model_data":5003},"model":"fishing_pack:item/bluecrab"},{"predicate":{"custom_model_data":5004},"model":"fishing_pack:item/purplecrab"},{"predicate":{"custom_model_data":10000},"model":"_iainternal:ia_auto_gen/icon_left_blue"},{"predicate":{"custom_model_data":10001},"model":"_iainternal:ia_auto_gen/icon_right_blue"},{"predicate":{"custom_model_data":10002},"model":"_iainternal:ia_auto_gen/icon_search"},{"predicate":{"custom_model_data":10003},"model":"_iainternal:ia_auto_gen/icon_cancel"},{"predicate":{"custom_model_data":10004},"model":"_iainternal:ia_auto_gen/icon_arrow_chest"},{"predicate":{"custom_model_data":10005},"model":"_iainternal:ia_auto_gen/icon_back_orange"},{"predicate":{"custom_model_data":10006},"model":"_iainternal:ia_auto_gen/icon_next_orange"},{"predicate":{"custom_model_data":10008},"model":"vanilla_furnitures:acacia/acacia_chair"},{"predicate":{"custom_model_data":10009},"model":"vanilla_furnitures:acacia/acacia_plant"},{"predicate":{"custom_model_data":10011},"model":"betterranks:ia_auto_gen/eggplanticon"},{"predicate":{"custom_model_data":10012},"model":"vanilla_furnitures:acacia/acacia_table"},{"predicate":{"custom_model_data":10013},"model":"hibiscus_cosmetics:mannequin"},{"predicate":{"custom_model_data":10014},"model":"farming:apple_basket"},{"predicate":{"custom_model_data":10015},"model":"farming:logs"},{"predicate":{"custom_model_data":10016},"model":"farming:pebble_1"},{"predicate":{"custom_model_data":10017},"model":"farming:pebble_2"},{"predicate":{"custom_model_data":10018},"model":"farming:pebble_3"},{"predicate":{"custom_model_data":10019},"model":"farming:rock1"},{"predicate":{"custom_model_data":10020},"model":"farming:rock2"},{"predicate":{"custom_model_data":10021},"model":"farming:rock3"},{"predicate":{"custom_model_data":10022},"model":"farming:scarecrow"},{"predicate":{"custom_model_data":10023},"model":"farming:wooden_wagon"},{"predicate":{"custom_model_data":10024},"model":"other:ia_auto_gen/goldcoin"},{"predicate":{"custom_model_data":10025},"model":"other:ia_auto_gen/greencoin"},{"predicate":{"custom_model_data":10026},"model":"other:ia_auto_gen/redcoin"},{"predicate":{"custom_model_data":10027},"model":"other:ia_auto_gen/bluecoin"},{"predicate":{"custom_model_data":10028},"model":"other:ia_auto_gen/purplecoin"},{"predicate":{"custom_model_data":10029},"model":"other:ia_auto_gen/whitecoin"},{"predicate":{"custom_model_data":10030},"model":"other:ia_auto_gen/pinkcoin"},{"predicate":{"custom_model_data":10031},"model":"other:ia_auto_gen/lightbluecoin"},{"predicate":{"custom_model_data":10032},"model":"other:ia_auto_gen/goldtrophy"},{"predicate":{"custom_model_data":10033},"model":"valentine_item_pack:ia_auto_gen/big_gift"},{"predicate":{"custom_model_data":10034},"model":"valentine_item_pack:ia_auto_gen/candy"},{"predicate":{"custom_model_data":10035},"model":"valentine_item_pack:ia_auto_gen/chocolate"},{"predicate":{"custom_model_data":10036},"model":"valentine_item_pack:ia_auto_gen/chocolate_heart"},{"predicate":{"custom_model_data":10037},"model":"valentine_item_pack:ia_auto_gen/first_aid_box"},{"predicate":{"custom_model_data":10038},"model":"valentine_item_pack:ia_auto_gen/flowers"},{"predicate":{"custom_model_data":10039},"model":"valentine_item_pack:ia_auto_gen/gift_bag"},{"predicate":{"custom_model_data":10040},"model":"valentine_item_pack:ia_auto_gen/heart_glass"},{"predicate":{"custom_model_data":10041},"model":"valentine_item_pack:ia_auto_gen/love_arrow"},{"predicate":{"custom_model_data":10042},"model":"valentine_item_pack:ia_auto_gen/love_letter"},{"predicate":{"custom_model_data":10043},"model":"valentine_item_pack:ia_auto_gen/pink_teddy_bear"},{"predicate":{"custom_model_data":10044},"model":"valentine_item_pack:ia_auto_gen/small_gift"},{"predicate":{"custom_model_data":10045},"model":"valentine_item_pack:ia_auto_gen/valentine_calendar"},{"predicate":{"custom_model_data":10046},"model":"valentine_item_pack:ia_auto_gen/valentine_lock"},{"predicate":{"custom_model_data":10047},"model":"valentine_item_pack:ia_auto_gen/valentine_message"},{"predicate":{"custom_model_data":10048},"model":"valentine_item_pack:ia_auto_gen/valentine_ring"},{"predicate":{"custom_model_data":10049},"model":"valentine_item_pack:ia_auto_gen/valentine_teddy_bear"},{"predicate":{"custom_model_data":10050},"model":"valentine_item_pack:ia_auto_gen/water_bottle"},{"predicate":{"custom_model_data":10051},"model":"betterranks:ia_auto_gen/sunflowericon"},{"predicate":{"custom_model_data":10052},"model":"betterranks:ia_auto_gen/sunicon"},{"predicate":{"custom_model_data":10053},"model":"betterranks:ia_auto_gen/cherryblossomicon"},{"predicate":{"custom_model_data":10054},"model":"betterranks:ia_auto_gen/flowerbouqueticon"},{"predicate":{"custom_model_data":10055},"model":"betterranks:ia_auto_gen/amongusicon"},{"predicate":{"custom_model_data":10056},"model":"betterranks:ia_auto_gen/staricon"},{"predicate":{"custom_model_data":10057},"model":"betterranks:ia_auto_gen/starsicon"},{"predicate":{"custom_model_data":10058},"model":"betterranks:ia_auto_gen/rainbowicon"},{"predicate":{"custom_model_data":10059},"model":"betterranks:ia_auto_gen/poopicon"},{"predicate":{"custom_model_data":10060},"model":"betterranks:ia_auto_gen/pepeicon"},{"predicate":{"custom_model_data":10061},"model":"betterranks:ia_auto_gen/popcornicon"},{"predicate":{"custom_model_data":10062},"model":"betterranks:ia_auto_gen/nailsicon"},{"predicate":{"custom_model_data":10063},"model":"betterranks:ia_auto_gen/danceicon"},{"predicate":{"custom_model_data":10064},"model":"betterranks:ia_auto_gen/fireicon"},{"predicate":{"custom_model_data":10065},"model":"betterranks:ia_auto_gen/earthicon"},{"predicate":{"custom_model_data":10066},"model":"betterranks:ia_auto_gen/crownicon"},{"predicate":{"custom_model_data":10067},"model":"betterranks:ia_auto_gen/waveicon"},{"predicate":{"custom_model_data":10068},"model":"betterranks:ia_auto_gen/rocknrollicon"},{"predicate":{"custom_model_data":10069},"model":"betterranks:ia_auto_gen/thumbsupicon"},{"predicate":{"custom_model_data":10070},"model":"betterranks:ia_auto_gen/thumbsdownicon"},{"predicate":{"custom_model_data":10071},"model":"betterranks:ia_auto_gen/skullicon"},{"predicate":{"custom_model_data":10072},"model":"betterranks:ia_auto_gen/angryicon"},{"predicate":{"custom_model_data":10073},"model":"betterranks:ia_auto_gen/evildevilicon"},{"predicate":{"custom_model_data":10074},"model":"betterranks:ia_auto_gen/sickicon"},{"predicate":{"custom_model_data":10075},"model":"betterranks:ia_auto_gen/clownicon"},{"predicate":{"custom_model_data":10076},"model":"betterranks:ia_auto_gen/whatevericon"},{"predicate":{"custom_model_data":10077},"model":"betterranks:ia_auto_gen/blownoseicon"},{"predicate":{"custom_model_data":10078},"model":"betterranks:ia_auto_gen/smileicon"},{"predicate":{"custom_model_data":10079},"model":"betterranks:ia_auto_gen/winkicon"},{"predicate":{"custom_model_data":10080},"model":"betterranks:ia_auto_gen/coolicon"},{"predicate":{"custom_model_data":10081},"model":"betterranks:ia_auto_gen/sobicon"},{"predicate":{"custom_model_data":10082},"model":"betterranks:ia_auto_gen/sleepyicon"},{"predicate":{"custom_model_data":10083},"model":"betterranks:ia_auto_gen/partyicon"},{"predicate":{"custom_model_data":10084},"model":"betterranks:ia_auto_gen/shockicon"},{"predicate":{"custom_model_data":10085},"model":"betterranks:ia_auto_gen/angelicon"},{"predicate":{"custom_model_data":10086},"model":"betterranks:ia_auto_gen/hoticon"},{"predicate":{"custom_model_data":10087},"model":"betterranks:ia_auto_gen/hearteyesicon"},{"predicate":{"custom_model_data":10088},"model":"betterranks:ia_auto_gen/droolicon"},{"predicate":{"custom_model_data":10089},"model":"betterranks:ia_auto_gen/cryicon"},{"predicate":{"custom_model_data":10090},"model":"betterranks:ia_auto_gen/devilicon"},{"predicate":{"custom_model_data":10091},"model":"betterranks:ia_auto_gen/blushicon"},{"predicate":{"custom_model_data":10092},"model":"betterranks:ia_auto_gen/redhearticon"},{"predicate":{"custom_model_data":10093},"model":"betterranks:ia_auto_gen/darkheartredicon"},{"predicate":{"custom_model_data":10094},"model":"betterranks:ia_auto_gen/purplehearticon"},{"predicate":{"custom_model_data":10095},"model":"betterranks:ia_auto_gen/orangehearticon"},{"predicate":{"custom_model_data":10096},"model":"betterranks:ia_auto_gen/bluehearticon"},{"predicate":{"custom_model_data":10097},"model":"betterranks:ia_auto_gen/greenhearticon"},{"predicate":{"custom_model_data":10098},"model":"betterranks:ia_auto_gen/goldhearticon"},{"predicate":{"custom_model_data":10099},"model":"betterranks:ia_auto_gen/silverhearticon"},{"predicate":{"custom_model_data":10100},"model":"betterranks:ia_auto_gen/blackhearticon"},{"predicate":{"custom_model_data":10101},"model":"betterranks:ia_auto_gen/cointrophyicon"},{"predicate":{"custom_model_data":10102},"model":"betterranks:ia_auto_gen/rubytrophyicon"},{"predicate":{"custom_model_data":10103},"model":"betterranks:ia_auto_gen/moneytrophyicon"},{"predicate":{"custom_model_data":10104},"model":"other:ia_auto_gen/chickenskull"},{"predicate":{"custom_model_data":10105},"model":"other:ia_auto_gen/farmkey"},{"predicate":{"custom_model_data":10106},"model":"other:ia_auto_gen/minekey"},{"predicate":{"custom_model_data":10107},"model":"other:ia_auto_gen/lakekey"},{"predicate":{"custom_model_data":10108},"model":"betterranks:ia_auto_gen/gentrophyicon"},{"predicate":{"custom_model_data":10109},"model":"other:ia_auto_gen/rustykey"},{"predicate":{"custom_model_data":10110},"model":"other:ia_auto_gen/normalkey"},{"predicate":{"custom_model_data":10111},"model":"other:ia_auto_gen/enchantedkey"},{"predicate":{"custom_model_data":10112},"model":"betterranks:ia_auto_gen/woodtrophyicon"},{"predicate":{"custom_model_data":10113},"model":"other:ia_auto_gen/woodkey"},{"predicate":{"custom_model_data":10114},"model":"other:ia_auto_gen/halloweencandy"},{"predicate":{"custom_model_data":10115},"model":"betterranks:ia_auto_gen/redstarsicon"},{"predicate":{"custom_model_data":10116},"model":"betterranks:ia_auto_gen/orangestarsicon"},{"predicate":{"custom_model_data":10117},"model":"betterranks:ia_auto_gen/greenstarsicon"},{"predicate":{"custom_model_data":10118},"model":"betterranks:ia_auto_gen/bluestarsicon"},{"predicate":{"custom_model_data":10119},"model":"betterranks:ia_auto_gen/purplestarsicon"},{"predicate":{"custom_model_data":10120},"model":"vanilla_furnitures:bamboo/bamboo_chair"},{"predicate":{"custom_model_data":10122},"model":"betterranks:ia_auto_gen/rainbowcloudicon"},{"predicate":{"custom_model_data":10123},"model":"betterranks:ia_auto_gen/coloursunflowericon"},{"predicate":{"custom_model_data":10124},"model":"betterranks:ia_auto_gen/cottoncandyicon"},{"predicate":{"custom_model_data":10125},"model":"betterranks:ia_auto_gen/milkicon"},{"predicate":{"custom_model_data":10126},"model":"minerals:ia_auto_gen/end_ore"},{"predicate":{"custom_model_data":10127},"model":"minerals:ia_auto_gen/end_ingot"},{"predicate":{"custom_model_data":10128},"model":"minerals:ia_auto_gen/toxic_ore"},{"predicate":{"custom_model_data":10129},"model":"minerals:ia_auto_gen/toxic_ingot"},{"predicate":{"custom_model_data":10130},"model":"minerals:ia_auto_gen/slime_ore"},{"predicate":{"custom_model_data":10131},"model":"minerals:ia_auto_gen/slime_ingot"},{"predicate":{"custom_model_data":10132},"model":"minerals:ia_auto_gen/hotpink_ore"},{"predicate":{"custom_model_data":10133},"model":"minerals:ia_auto_gen/hotpink_ingot"},{"predicate":{"custom_model_data":10134},"model":"minerals:ia_auto_gen/amber_ore"},{"predicate":{"custom_model_data":10135},"model":"minerals:ia_auto_gen/amber_ingot"},{"predicate":{"custom_model_data":10136},"model":"minerals:ia_auto_gen/amethyst_ore"},{"predicate":{"custom_model_data":10137},"model":"minerals:ia_auto_gen/amethyst_ingot"},{"predicate":{"custom_model_data":10138},"model":"minerals:ia_auto_gen/malachite_ore"},{"predicate":{"custom_model_data":10139},"model":"minerals:ia_auto_gen/malachite_ingot"},{"predicate":{"custom_model_data":10140},"model":"minerals:ia_auto_gen/mythril_ore"},{"predicate":{"custom_model_data":10141},"model":"minerals:ia_auto_gen/mythril_ingot"},{"predicate":{"custom_model_data":10142},"model":"minerals:ia_auto_gen/silver_ore"},{"predicate":{"custom_model_data":10143},"model":"minerals:ia_auto_gen/silver_ingot"},{"predicate":{"custom_model_data":10144},"model":"minerals:ia_auto_gen/rosequartz_ore"},{"predicate":{"custom_model_data":10145},"model":"minerals:ia_auto_gen/rosequartz_ingot"},{"predicate":{"custom_model_data":10146},"model":"betterranks:ia_auto_gen/snowflakeicon"},{"predicate":{"custom_model_data":10147},"model":"vanilla_furnitures:bamboo/bamboo_plant"},{"predicate":{"custom_model_data":10148},"model":"betterranks:ia_auto_gen/yinyangicon"},{"predicate":{"custom_model_data":10149},"model":"betterranks:ia_auto_gen/pastelhearticon"},{"predicate":{"custom_model_data":10150},"model":"woods:ia_auto_gen/autumn_log"},{"predicate":{"custom_model_data":10151},"model":"woods:ia_auto_gen/autumn_planks"},{"predicate":{"custom_model_data":10152},"model":"woods:ia_auto_gen/autumn_leaves"},{"predicate":{"custom_model_data":10153},"model":"woods:ia_auto_gen/winter_log"},{"predicate":{"custom_model_data":10154},"model":"woods:ia_auto_gen/winter_planks"},{"predicate":{"custom_model_data":10155},"model":"woods:ia_auto_gen/winter_leaves"},{"predicate":{"custom_model_data":10156},"model":"woods:ia_auto_gen/cherry_log"},{"predicate":{"custom_model_data":10157},"model":"woods:ia_auto_gen/cherry_planks"},{"predicate":{"custom_model_data":10158},"model":"woods:ia_auto_gen/cherry_leaves"},{"predicate":{"custom_model_data":10159},"model":"woods:ia_auto_gen/tropical_log"},{"predicate":{"custom_model_data":10160},"model":"woods:ia_auto_gen/tropical_planks"},{"predicate":{"custom_model_data":10161},"model":"woods:ia_auto_gen/tropical_leaves"},{"predicate":{"custom_model_data":10162},"model":"woods:ia_auto_gen/hell_log"},{"predicate":{"custom_model_data":10163},"model":"woods:ia_auto_gen/hell_planks"},{"predicate":{"custom_model_data":10164},"model":"woods:ia_auto_gen/hell_leaves"},{"predicate":{"custom_model_data":10165},"model":"woods:ia_auto_gen/enchanted_log"},{"predicate":{"custom_model_data":10166},"model":"woods:ia_auto_gen/enchanted_planks"},{"predicate":{"custom_model_data":10167},"model":"woods:ia_auto_gen/enchanted_leaves"},{"predicate":{"custom_model_data":10168},"model":"betterranks:ia_auto_gen/tagicon"},{"predicate":{"custom_model_data":10169},"model":"betterranks:ia_auto_gen/namepainticon"},{"predicate":{"custom_model_data":10170},"model":"betterranks:ia_auto_gen/namepainticon2"},{"predicate":{"custom_model_data":10171},"model":"betterranks:ia_auto_gen/namepainticon3"},{"predicate":{"custom_model_data":10172},"model":"betterranks:ia_auto_gen/namepainticon4"},{"predicate":{"custom_model_data":10173},"model":"betterranks:ia_auto_gen/namepainticon5"},{"predicate":{"custom_model_data":10175},"model":"betterranks:ia_auto_gen/rankicon"},{"predicate":{"custom_model_data":10176},"model":"betterranks:ia_auto_gen/rankicon2"},{"predicate":{"custom_model_data":10177},"model":"betterranks:ia_auto_gen/rankicon3"},{"predicate":{"custom_model_data":10178},"model":"betterranks:ia_auto_gen/rankicon4"},{"predicate":{"custom_model_data":10179},"model":"betterranks:ia_auto_gen/rankicon5"},{"predicate":{"custom_model_data":10180},"model":"betterranks:ia_auto_gen/rankicon6"},{"predicate":{"custom_model_data":10181},"model":"betterranks:ia_auto_gen/rankicon7"},{"predicate":{"custom_model_data":10182},"model":"betterranks:ia_auto_gen/prefixicon"},{"predicate":{"custom_model_data":10183},"model":"betterranks:ia_auto_gen/prefixicon2"},{"predicate":{"custom_model_data":10184},"model":"betterranks:ia_auto_gen/prefixicon3"},{"predicate":{"custom_model_data":10185},"model":"betterranks:ia_auto_gen/prefixicon4"},{"predicate":{"custom_model_data":10186},"model":"betterranks:ia_auto_gen/prefixicon5"},{"predicate":{"custom_model_data":10187},"model":"betterranks:ia_auto_gen/prefixicon6"},{"predicate":{"custom_model_data":10188},"model":"betterranks:ia_auto_gen/chatcoloricon"},{"predicate":{"custom_model_data":10189},"model":"betterranks:ia_auto_gen/chatcoloricon2"},{"predicate":{"custom_model_data":10190},"model":"betterranks:ia_auto_gen/chatcoloricon3"},{"predicate":{"custom_model_data":10191},"model":"betterranks:ia_auto_gen/chatcoloricon4"},{"predicate":{"custom_model_data":10192},"model":"betterranks:ia_auto_gen/chatcoloricon5"},{"predicate":{"custom_model_data":10193},"model":"betterranks:ia_auto_gen/chatcoloricon6"},{"predicate":{"custom_model_data":10197},"model":"farming:drill_bedrock"},{"predicate":{"custom_model_data":10198},"model":"help:info_block"},{"predicate":{"custom_model_data":10199},"model":"help:info_block_blink"},{"predicate":{"custom_model_data":10200},"model":"help:info_block_mark"},{"predicate":{"custom_model_data":10201},"model":"crops:applecrop"},{"predicate":{"custom_model_data":10202},"model":"vanilla_furnitures:bamboo/bamboo_table"},{"predicate":{"custom_model_data":10203},"model":"vanilla_furnitures:birch/birch_chair"},{"predicate":{"custom_model_data":10204},"model":"vanilla_furnitures:birch/birch_plant"},{"predicate":{"custom_model_data":10205},"model":"crops:bananacrop"},{"predicate":{"custom_model_data":10206},"model":"crops:blueberrycrop"},{"predicate":{"custom_model_data":10207},"model":"vanilla_furnitures:birch/birch_table"},{"predicate":{"custom_model_data":10208},"model":"vanilla_furnitures:cherry/cherry_chair"},{"predicate":{"custom_model_data":10209},"model":"vanilla_furnitures:cherry/cherry_plant"},{"predicate":{"custom_model_data":10210},"model":"crops:coconutcrop"},{"predicate":{"custom_model_data":10211},"model":"crops:corncrop"},{"predicate":{"custom_model_data":10212},"model":"vanilla_furnitures:cherry/cherry_table"},{"predicate":{"custom_model_data":10213},"model":"vanilla_furnitures:crimson/crimson_chair"},{"predicate":{"custom_model_data":10214},"model":"vanilla_furnitures:crimson/crimson_plant"},{"predicate":{"custom_model_data":10215},"model":"crops:cucumbercrop"},{"predicate":{"custom_model_data":10216},"model":"crops:lettucecrop"},{"predicate":{"custom_model_data":10217},"model":"vanilla_furnitures:crimson/crimson_table"},{"predicate":{"custom_model_data":10218},"model":"vanilla_furnitures:dark_oak/dark_oak_chair"},{"predicate":{"custom_model_data":10219},"model":"vanilla_furnitures:dark_oak/dark_oak_plant"},{"predicate":{"custom_model_data":10220},"model":"crops:mangocrop"},{"predicate":{"custom_model_data":10221},"model":"crops:tomatocrop"},{"predicate":{"custom_model_data":10222},"model":"vanilla_furnitures:dark_oak/dark_oak_table"},{"predicate":{"custom_model_data":10223},"model":"vanilla_furnitures:jungle/jungle_chair"},{"predicate":{"custom_model_data":10224},"model":"vanilla_furnitures:jungle/jungle_plant"},{"predicate":{"custom_model_data":10225},"model":"crops:ia_auto_gen/appleitem"},{"predicate":{"custom_model_data":10226},"model":"crops:ia_auto_gen/bananaitem"},{"predicate":{"custom_model_data":10227},"model":"vanilla_furnitures:jungle/jungle_table"},{"predicate":{"custom_model_data":10228},"model":"vanilla_furnitures:mangrove/mangrove_chair"},{"predicate":{"custom_model_data":10229},"model":"vanilla_furnitures:mangrove/mangrove_plant"},{"predicate":{"custom_model_data":10230},"model":"crops:ia_auto_gen/blueberryitem"},{"predicate":{"custom_model_data":10231},"model":"crops:ia_auto_gen/coconutitem"},{"predicate":{"custom_model_data":10232},"model":"vanilla_furnitures:mangrove/mangrove_table"},{"predicate":{"custom_model_data":10233},"model":"vanilla_furnitures:oak/oak_chair"},{"predicate":{"custom_model_data":10234},"model":"vanilla_furnitures:oak/oak_plant"},{"predicate":{"custom_model_data":10235},"model":"crops:ia_auto_gen/cornitem"},{"predicate":{"custom_model_data":10236},"model":"crops:ia_auto_gen/cucumberitem"},{"predicate":{"custom_model_data":10237},"model":"vanilla_furnitures:oak/oak_table"},{"predicate":{"custom_model_data":10238},"model":"vanilla_furnitures:pale/pale_chair"},{"predicate":{"custom_model_data":10239},"model":"vanilla_furnitures:pale/pale_plant"},{"predicate":{"custom_model_data":10240},"model":"crops:ia_auto_gen/lettuceitem"},{"predicate":{"custom_model_data":10241},"model":"crops:ia_auto_gen/mangoitem"},{"predicate":{"custom_model_data":10242},"model":"vanilla_furnitures:pale/pale_table"},{"predicate":{"custom_model_data":10243},"model":"vanilla_furnitures:spruce/spruce_chair"},{"predicate":{"custom_model_data":10244},"model":"vanilla_furnitures:spruce/spruce_plant"},{"predicate":{"custom_model_data":10245},"model":"crops:ia_auto_gen/tomatoitem"},{"predicate":{"custom_model_data":10246},"model":"minerals:ia_auto_gen/rainbow_ore"},{"predicate":{"custom_model_data":10247},"model":"vanilla_furnitures:spruce/spruce_table"},{"predicate":{"custom_model_data":10248},"model":"vanilla_furnitures:warped/warped_chair"},{"predicate":{"custom_model_data":10249},"model":"vanilla_furnitures:warped/warped_plant"},{"predicate":{"custom_model_data":10250},"model":"minerals:ia_auto_gen/rainbowquartz_ingot"},{"predicate":{"custom_model_data":10251},"model":"betterranks:ia_auto_gen/eastereggicon"},{"predicate":{"custom_model_data":10252},"model":"vanilla_furnitures:warped/warped_table"},{"predicate":{"custom_model_data":10253},"model":"vanilla_furnitures:acacia/acacia_storage"},{"predicate":{"custom_model_data":10254},"model":"vanilla_furnitures:acacia/acacia_storage2"},{"predicate":{"custom_model_data":10255},"model":"vanilla_furnitures:bamboo/bamboo_storage"},{"predicate":{"custom_model_data":10256},"model":"vanilla_furnitures:bamboo/bamboo_storage2"},{"predicate":{"custom_model_data":10257},"model":"minerals:ia_auto_gen/ruby_ore"},{"predicate":{"custom_model_data":10258},"model":"minerals:ia_auto_gen/ruby_ore_deepslate"},{"predicate":{"custom_model_data":10259},"model":"minerals:ia_auto_gen/ruby_block"},{"predicate":{"custom_model_data":10260},"model":"minerals:ia_auto_gen/jade_ore"},{"predicate":{"custom_model_data":10261},"model":"minerals:ia_auto_gen/jade_ore_deepslate"},{"predicate":{"custom_model_data":10262},"model":"minerals:ia_auto_gen/raw_jade_block"},{"predicate":{"custom_model_data":10263},"model":"minerals:ia_auto_gen/jade_block"},{"predicate":{"custom_model_data":10264},"model":"minerals:ia_auto_gen/iridium_ore"},{"predicate":{"custom_model_data":10265},"model":"minerals:ia_auto_gen/iridium_ore_deepslate"},{"predicate":{"custom_model_data":10266},"model":"minerals:ia_auto_gen/raw_iridium_block"},{"predicate":{"custom_model_data":10267},"model":"minerals:ia_auto_gen/iridium_block"},{"predicate":{"custom_model_data":10268},"model":"minerals:ia_auto_gen/ruby"},{"predicate":{"custom_model_data":10269},"model":"minerals:ia_auto_gen/jade_nugget"},{"predicate":{"custom_model_data":10270},"model":"minerals:ia_auto_gen/raw_jade"},{"predicate":{"custom_model_data":10271},"model":"minerals:ia_auto_gen/jade_ingot"},{"predicate":{"custom_model_data":10272},"model":"minerals:ia_auto_gen/iridium_nugget"},{"predicate":{"custom_model_data":10273},"model":"minerals:ia_auto_gen/raw_iridium"},{"predicate":{"custom_model_data":10274},"model":"minerals:ia_auto_gen/iridium_ingot"},{"predicate":{"custom_model_data":10275},"model":"vanilla_furnitures:birch/birch_storage"},{"predicate":{"custom_model_data":10276},"model":"vanilla_furnitures:birch/birch_storage2"},{"predicate":{"custom_model_data":10277},"model":"vanilla_furnitures:cherry/cherry_storage"},{"predicate":{"custom_model_data":10278},"model":"vanilla_furnitures:cherry/cherry_storage2"},{"predicate":{"custom_model_data":10279},"model":"vanilla_furnitures:crimson/crimson_storage"},{"predicate":{"custom_model_data":10280},"model":"vanilla_furnitures:crimson/crimson_storage2"},{"predicate":{"custom_model_data":10281},"model":"vanilla_furnitures:dark_oak/dark_oak_storage"},{"predicate":{"custom_model_data":10282},"model":"vanilla_furnitures:dark_oak/dark_oak_storage2"},{"predicate":{"custom_model_data":10283},"model":"vanilla_furnitures:jungle/jungle_storage"},{"predicate":{"custom_model_data":10284},"model":"vanilla_furnitures:jungle/jungle_storage2"},{"predicate":{"custom_model_data":10285},"model":"vanilla_furnitures:mangrove/mangrove_storage"},{"predicate":{"custom_model_data":10286},"model":"vanilla_furnitures:mangrove/mangrove_storage2"},{"predicate":{"custom_model_data":10287},"model":"vanilla_furnitures:oak/oak_storage"},{"predicate":{"custom_model_data":10288},"model":"vanilla_furnitures:oak/oak_storage2"},{"predicate":{"custom_model_data":10289},"model":"vanilla_furnitures:pale/pale_storage"},{"predicate":{"custom_model_data":10290},"model":"vanilla_furnitures:pale/pale_storage2"},{"predicate":{"custom_model_data":10291},"model":"vanilla_furnitures:spruce/spruce_storage"},{"predicate":{"custom_model_data":10292},"model":"vanilla_furnitures:spruce/spruce_storage2"},{"predicate":{"custom_model_data":10293},"model":"vanilla_furnitures:warped/warped_storage"},{"predicate":{"custom_model_data":10294},"model":"vanilla_furnitures:warped/warped_storage2"},{"predicate":{"custom_model_data":10295},"model":"betterranks:ia_auto_gen/chatcoloricone1"},{"predicate":{"custom_model_data":10296},"model":"survivalspawners:ia_auto_gen/zombiesoul"},{"predicate":{"custom_model_data":10297},"model":"survivalspawners:ia_auto_gen/magmasoul"},{"predicate":{"custom_model_data":10298},"model":"survivalspawners:ia_auto_gen/skeletonsoul"},{"predicate":{"custom_model_data":10299},"model":"survivalspawners:ia_auto_gen/blazesoul"},{"predicate":{"custom_model_data":10300},"model":"survivalspawners:ia_auto_gen/spidersoul"},{"predicate":{"custom_model_data":10301},"model":"survivalspawners:ia_auto_gen/cavespidersoul"},{"predicate":{"custom_model_data":10302},"model":"survivalspawners:ia_auto_gen/spawnerfragment"},{"predicate":{"custom_model_data":10303},"model":"survivalspawners:ia_auto_gen/upgradebook"},{"predicate":{"custom_model_data":10304},"model":"survivalspawners:ia_auto_gen/protectionbook"},{"predicate":{"custom_model_data":10305},"model":"survivalspawners:ia_auto_gen/slotbook"},{"predicate":{"custom_model_data":10306},"model":"survivalspawners:ia_auto_gen/magicdust"},{"predicate":{"custom_model_data":10307},"model":"workshop_six:vanilla_outdoor_furniture/barrel_acacia"},{"predicate":{"custom_model_data":10308},"model":"workshop_six:vanilla_outdoor_furniture/barrel_bamboo"},{"predicate":{"custom_model_data":10309},"model":"workshop_six:vanilla_outdoor_furniture/barrel_birch"},{"predicate":{"custom_model_data":10310},"model":"workshop_six:vanilla_outdoor_furniture/barrel_cherry"},{"predicate":{"custom_model_data":10311},"model":"workshop_six:vanilla_outdoor_furniture/barrel_crimson"},{"predicate":{"custom_model_data":10312},"model":"workshop_six:vanilla_outdoor_furniture/barrel_dark_oak"},{"predicate":{"custom_model_data":10313},"model":"workshop_six:vanilla_outdoor_furniture/barrel_jungle"},{"predicate":{"custom_model_data":10314},"model":"workshop_six:vanilla_outdoor_furniture/barrel_mangrove"},{"predicate":{"custom_model_data":10315},"model":"workshop_six:vanilla_outdoor_furniture/barrel_oak"},{"predicate":{"custom_model_data":10316},"model":"workshop_six:vanilla_outdoor_furniture/barrel_pale_oak"},{"predicate":{"custom_model_data":10317},"model":"workshop_six:vanilla_outdoor_furniture/barrel_spruce"},{"predicate":{"custom_model_data":10318},"model":"workshop_six:vanilla_outdoor_furniture/barrel_stack_acacia"},{"predicate":{"custom_model_data":10319},"model":"workshop_six:vanilla_outdoor_furniture/barrel_stack_bamboo"},{"predicate":{"custom_model_data":10320},"model":"workshop_six:vanilla_outdoor_furniture/barrel_stack_birch"},{"predicate":{"custom_model_data":10321},"model":"workshop_six:vanilla_outdoor_furniture/barrel_stack_cherry"},{"predicate":{"custom_model_data":10322},"model":"workshop_six:vanilla_outdoor_furniture/barrel_stack_crimson"},{"predicate":{"custom_model_data":10323},"model":"workshop_six:vanilla_outdoor_furniture/barrel_stack_dark_oak"},{"predicate":{"custom_model_data":10324},"model":"workshop_six:vanilla_outdoor_furniture/barrel_stack_jungle"},{"predicate":{"custom_model_data":10325},"model":"workshop_six:vanilla_outdoor_furniture/barrel_stack_mangrove"},{"predicate":{"custom_model_data":10326},"model":"workshop_six:vanilla_outdoor_furniture/barrel_stack_oak"},{"predicate":{"custom_model_data":10327},"model":"workshop_six:vanilla_outdoor_furniture/barrel_stack_pale_oak"},{"predicate":{"custom_model_data":10328},"model":"workshop_six:vanilla_outdoor_furniture/barrel_stack_spruce"},{"predicate":{"custom_model_data":10329},"model":"workshop_six:vanilla_outdoor_furniture/barrel_stack_warped"},{"predicate":{"custom_model_data":10330},"model":"workshop_six:vanilla_outdoor_furniture/barrel_warped"},{"predicate":{"custom_model_data":10331},"model":"workshop_six:vanilla_outdoor_furniture/bench_acacia"},{"predicate":{"custom_model_data":10332},"model":"workshop_six:vanilla_outdoor_furniture/bench_bamboo"},{"predicate":{"custom_model_data":10333},"model":"workshop_six:vanilla_outdoor_furniture/bench_birch"},{"predicate":{"custom_model_data":10334},"model":"workshop_six:vanilla_outdoor_furniture/bench_cherry"},{"predicate":{"custom_model_data":10335},"model":"workshop_six:vanilla_outdoor_furniture/bench_crimson"},{"predicate":{"custom_model_data":10336},"model":"workshop_six:vanilla_outdoor_furniture/bench_dark_oak"},{"predicate":{"custom_model_data":10337},"model":"workshop_six:vanilla_outdoor_furniture/bench_jungle"},{"predicate":{"custom_model_data":10338},"model":"workshop_six:vanilla_outdoor_furniture/bench_mangrove"},{"predicate":{"custom_model_data":10339},"model":"workshop_six:vanilla_outdoor_furniture/bench_oak"},{"predicate":{"custom_model_data":10340},"model":"workshop_six:vanilla_outdoor_furniture/bench_pale_oak"},{"predicate":{"custom_model_data":10341},"model":"workshop_six:vanilla_outdoor_furniture/bench_spruce"},{"predicate":{"custom_model_data":10342},"model":"workshop_six:vanilla_outdoor_furniture/bench_warped"},{"predicate":{"custom_model_data":10343},"model":"workshop_six:vanilla_outdoor_furniture/bulletin_board_acacia"},{"predicate":{"custom_model_data":10344},"model":"workshop_six:vanilla_outdoor_furniture/bulletin_board_bamboo"},{"predicate":{"custom_model_data":10345},"model":"workshop_six:vanilla_outdoor_furniture/bulletin_board_birch"},{"predicate":{"custom_model_data":10346},"model":"workshop_six:vanilla_outdoor_furniture/bulletin_board_cherry"},{"predicate":{"custom_model_data":10347},"model":"workshop_six:vanilla_outdoor_furniture/bulletin_board_crimson"},{"predicate":{"custom_model_data":10348},"model":"workshop_six:vanilla_outdoor_furniture/bulletin_board_dark_oak"},{"predicate":{"custom_model_data":10349},"model":"workshop_six:vanilla_outdoor_furniture/bulletin_board_jungle"},{"predicate":{"custom_model_data":10350},"model":"workshop_six:vanilla_outdoor_furniture/bulletin_board_mangrove"},{"predicate":{"custom_model_data":10351},"model":"workshop_six:vanilla_outdoor_furniture/bulletin_board_oak"},{"predicate":{"custom_model_data":10352},"model":"workshop_six:vanilla_outdoor_furniture/bulletin_board_pale_oak"},{"predicate":{"custom_model_data":10353},"model":"workshop_six:vanilla_outdoor_furniture/bulletin_board_spruce"},{"predicate":{"custom_model_data":10354},"model":"workshop_six:vanilla_outdoor_furniture/bulletin_board_warped"},{"predicate":{"custom_model_data":10355},"model":"workshop_six:vanilla_outdoor_furniture/crate_acacia"},{"predicate":{"custom_model_data":10356},"model":"workshop_six:vanilla_outdoor_furniture/crate_bamboo"},{"predicate":{"custom_model_data":10357},"model":"workshop_six:vanilla_outdoor_furniture/crate_birch"},{"predicate":{"custom_model_data":10358},"model":"workshop_six:vanilla_outdoor_furniture/crate_cherry"},{"predicate":{"custom_model_data":10359},"model":"workshop_six:vanilla_outdoor_furniture/crate_crimson"},{"predicate":{"custom_model_data":10360},"model":"workshop_six:vanilla_outdoor_furniture/crate_dark_oak"},{"predicate":{"custom_model_data":10361},"model":"workshop_six:vanilla_outdoor_furniture/crate_jungle"},{"predicate":{"custom_model_data":10362},"model":"workshop_six:vanilla_outdoor_furniture/crate_mangrove"},{"predicate":{"custom_model_data":10363},"model":"workshop_six:vanilla_outdoor_furniture/crate_oak"},{"predicate":{"custom_model_data":10364},"model":"workshop_six:vanilla_outdoor_furniture/crate_pale_oak"},{"predicate":{"custom_model_data":10365},"model":"workshop_six:vanilla_outdoor_furniture/crate_spruce"},{"predicate":{"custom_model_data":10366},"model":"workshop_six:vanilla_outdoor_furniture/crate_warped"},{"predicate":{"custom_model_data":10367},"model":"workshop_six:vanilla_outdoor_furniture/crate_stack_acacia"},{"predicate":{"custom_model_data":10368},"model":"workshop_six:vanilla_outdoor_furniture/crate_stack_bamboo"},{"predicate":{"custom_model_data":10369},"model":"workshop_six:vanilla_outdoor_furniture/crate_stack_birch"},{"predicate":{"custom_model_data":10370},"model":"workshop_six:vanilla_outdoor_furniture/crate_stack_cherry"},{"predicate":{"custom_model_data":10371},"model":"workshop_six:vanilla_outdoor_furniture/crate_stack_crimson"},{"predicate":{"custom_model_data":10372},"model":"workshop_six:vanilla_outdoor_furniture/crate_stack_dark_oak"},{"predicate":{"custom_model_data":10373},"model":"workshop_six:vanilla_outdoor_furniture/crate_stack_jungle"},{"predicate":{"custom_model_data":10374},"model":"workshop_six:vanilla_outdoor_furniture/crate_stack_mangrove"},{"predicate":{"custom_model_data":10375},"model":"workshop_six:vanilla_outdoor_furniture/crate_stack_oak"},{"predicate":{"custom_model_data":10376},"model":"workshop_six:vanilla_outdoor_furniture/crate_stack_pale_oak"},{"predicate":{"custom_model_data":10377},"model":"workshop_six:vanilla_outdoor_furniture/crate_stack_spruce"},{"predicate":{"custom_model_data":10378},"model":"workshop_six:vanilla_outdoor_furniture/crate_stack_warped"},{"predicate":{"custom_model_data":10379},"model":"workshop_six:vanilla_outdoor_furniture/lamppost_acacia"},{"predicate":{"custom_model_data":10380},"model":"workshop_six:vanilla_outdoor_furniture/lamppost_bamboo"},{"predicate":{"custom_model_data":10381},"model":"workshop_six:vanilla_outdoor_furniture/lamppost_birch"},{"predicate":{"custom_model_data":10382},"model":"workshop_six:vanilla_outdoor_furniture/lamppost_cherry"},{"predicate":{"custom_model_data":10383},"model":"workshop_six:vanilla_outdoor_furniture/lamppost_crimson"},{"predicate":{"custom_model_data":10384},"model":"workshop_six:vanilla_outdoor_furniture/lamppost_dark_oak"},{"predicate":{"custom_model_data":10385},"model":"workshop_six:vanilla_outdoor_furniture/lamppost_jungle"},{"predicate":{"custom_model_data":10386},"model":"workshop_six:vanilla_outdoor_furniture/lamppost_mangrove"},{"predicate":{"custom_model_data":10387},"model":"workshop_six:vanilla_outdoor_furniture/lamppost_oak"},{"predicate":{"custom_model_data":10388},"model":"workshop_six:vanilla_outdoor_furniture/lamppost_pale_oak"},{"predicate":{"custom_model_data":10389},"model":"workshop_six:vanilla_outdoor_furniture/lamppost_spruce"},{"predicate":{"custom_model_data":10390},"model":"workshop_six:vanilla_outdoor_furniture/lamppost_warped"},{"predicate":{"custom_model_data":10391},"model":"workshop_six:vanilla_outdoor_furniture/lantern_post_acacia"},{"predicate":{"custom_model_data":10392},"model":"workshop_six:vanilla_outdoor_furniture/lantern_post_bamboo"},{"predicate":{"custom_model_data":10393},"model":"workshop_six:vanilla_outdoor_furniture/lantern_post_birch"},{"predicate":{"custom_model_data":10394},"model":"workshop_six:vanilla_outdoor_furniture/lantern_post_cherry"},{"predicate":{"custom_model_data":10395},"model":"workshop_six:vanilla_outdoor_furniture/lantern_post_crimson"},{"predicate":{"custom_model_data":10396},"model":"workshop_six:vanilla_outdoor_furniture/lantern_post_dark_oak"},{"predicate":{"custom_model_data":10397},"model":"workshop_six:vanilla_outdoor_furniture/lantern_post_jungle"},{"predicate":{"custom_model_data":10398},"model":"workshop_six:vanilla_outdoor_furniture/lantern_post_mangrove"},{"predicate":{"custom_model_data":10399},"model":"workshop_six:vanilla_outdoor_furniture/lantern_post_oak"},{"predicate":{"custom_model_data":10400},"model":"workshop_six:vanilla_outdoor_furniture/lantern_post_pale_oak"},{"predicate":{"custom_model_data":10401},"model":"workshop_six:vanilla_outdoor_furniture/lantern_post_spruce"},{"predicate":{"custom_model_data":10402},"model":"workshop_six:vanilla_outdoor_furniture/lantern_post_warped"},{"predicate":{"custom_model_data":10403},"model":"workshop_six:vanilla_outdoor_furniture/large_crate_acacia"},{"predicate":{"custom_model_data":10404},"model":"workshop_six:vanilla_outdoor_furniture/large_crate_bamboo"},{"predicate":{"custom_model_data":10405},"model":"workshop_six:vanilla_outdoor_furniture/large_crate_birch"},{"predicate":{"custom_model_data":10406},"model":"workshop_six:vanilla_outdoor_furniture/large_crate_cherry"},{"predicate":{"custom_model_data":10407},"model":"workshop_six:vanilla_outdoor_furniture/large_crate_crimson"},{"predicate":{"custom_model_data":10408},"model":"workshop_six:vanilla_outdoor_furniture/large_crate_dark_oak"},{"predicate":{"custom_model_data":10409},"model":"workshop_six:vanilla_outdoor_furniture/large_crate_jungle"},{"predicate":{"custom_model_data":10410},"model":"workshop_six:vanilla_outdoor_furniture/large_crate_mangrove"},{"predicate":{"custom_model_data":10411},"model":"workshop_six:vanilla_outdoor_furniture/large_crate_oak"},{"predicate":{"custom_model_data":10412},"model":"workshop_six:vanilla_outdoor_furniture/large_crate_pale_oak"},{"predicate":{"custom_model_data":10413},"model":"workshop_six:vanilla_outdoor_furniture/large_crate_spruce"},{"predicate":{"custom_model_data":10414},"model":"workshop_six:vanilla_outdoor_furniture/large_crate_warped"},{"predicate":{"custom_model_data":10415},"model":"workshop_six:vanilla_outdoor_furniture/large_crate_stack_acacia"},{"predicate":{"custom_model_data":10416},"model":"workshop_six:vanilla_outdoor_furniture/large_crate_stack_bamboo"},{"predicate":{"custom_model_data":10417},"model":"workshop_six:vanilla_outdoor_furniture/large_crate_stack_birch"},{"predicate":{"custom_model_data":10418},"model":"workshop_six:vanilla_outdoor_furniture/large_crate_stack_cherry"},{"predicate":{"custom_model_data":10419},"model":"workshop_six:vanilla_outdoor_furniture/large_crate_stack_crimson"},{"predicate":{"custom_model_data":10420},"model":"workshop_six:vanilla_outdoor_furniture/large_crate_stack_dark_oak"},{"predicate":{"custom_model_data":10421},"model":"workshop_six:vanilla_outdoor_furniture/large_crate_stack_jungle"},{"predicate":{"custom_model_data":10422},"model":"workshop_six:vanilla_outdoor_furniture/large_crate_stack_mangrove"},{"predicate":{"custom_model_data":10423},"model":"workshop_six:vanilla_outdoor_furniture/large_crate_stack_oak"},{"predicate":{"custom_model_data":10424},"model":"workshop_six:vanilla_outdoor_furniture/large_crate_stack_pale_oak"},{"predicate":{"custom_model_data":10425},"model":"workshop_six:vanilla_outdoor_furniture/large_crate_stack_spruce"},{"predicate":{"custom_model_data":10426},"model":"workshop_six:vanilla_outdoor_furniture/large_crate_stack_warped"},{"predicate":{"custom_model_data":10427},"model":"workshop_six:vanilla_outdoor_furniture/signpost_acacia"},{"predicate":{"custom_model_data":10428},"model":"workshop_six:vanilla_outdoor_furniture/signpost_bamboo"},{"predicate":{"custom_model_data":10429},"model":"workshop_six:vanilla_outdoor_furniture/signpost_birch"},{"predicate":{"custom_model_data":10430},"model":"workshop_six:vanilla_outdoor_furniture/signpost_cherry"},{"predicate":{"custom_model_data":10431},"model":"workshop_six:vanilla_outdoor_furniture/signpost_crimson"},{"predicate":{"custom_model_data":10432},"model":"workshop_six:vanilla_outdoor_furniture/signpost_dark_oak"},{"predicate":{"custom_model_data":10433},"model":"workshop_six:vanilla_outdoor_furniture/signpost_jungle"},{"predicate":{"custom_model_data":10434},"model":"workshop_six:vanilla_outdoor_furniture/signpost_mangrove"},{"predicate":{"custom_model_data":10435},"model":"workshop_six:vanilla_outdoor_furniture/signpost_oak"},{"predicate":{"custom_model_data":10436},"model":"workshop_six:vanilla_outdoor_furniture/signpost_pale_oak"},{"predicate":{"custom_model_data":10437},"model":"workshop_six:vanilla_outdoor_furniture/signpost_spruce"},{"predicate":{"custom_model_data":10438},"model":"workshop_six:vanilla_outdoor_furniture/signpost_warped"},{"predicate":{"custom_model_data":10439},"model":"workshop_six:vanilla_outdoor_furniture/small_signpost_left_acacia"},{"predicate":{"custom_model_data":10440},"model":"workshop_six:vanilla_outdoor_furniture/small_signpost_left_bamboo"},{"predicate":{"custom_model_data":10441},"model":"workshop_six:vanilla_outdoor_furniture/small_signpost_left_birch"},{"predicate":{"custom_model_data":10442},"model":"workshop_six:vanilla_outdoor_furniture/small_signpost_left_cherry"},{"predicate":{"custom_model_data":10443},"model":"workshop_six:vanilla_outdoor_furniture/small_signpost_left_crimson"},{"predicate":{"custom_model_data":10444},"model":"workshop_six:vanilla_outdoor_furniture/small_signpost_left_dark_oak"},{"predicate":{"custom_model_data":10445},"model":"workshop_six:vanilla_outdoor_furniture/small_signpost_left_jungle"},{"predicate":{"custom_model_data":10446},"model":"workshop_six:vanilla_outdoor_furniture/small_signpost_left_mangrove"},{"predicate":{"custom_model_data":10447},"model":"workshop_six:vanilla_outdoor_furniture/small_signpost_left_oak"},{"predicate":{"custom_model_data":10448},"model":"workshop_six:vanilla_outdoor_furniture/small_signpost_left_pale_oak"},{"predicate":{"custom_model_data":10449},"model":"workshop_six:vanilla_outdoor_furniture/small_signpost_left_spruce"},{"predicate":{"custom_model_data":10450},"model":"workshop_six:vanilla_outdoor_furniture/small_signpost_left_warped"},{"predicate":{"custom_model_data":10451},"model":"workshop_six:vanilla_outdoor_furniture/small_signpost_right_acacia"},{"predicate":{"custom_model_data":10452},"model":"workshop_six:vanilla_outdoor_furniture/small_signpost_right_bamboo"},{"predicate":{"custom_model_data":10453},"model":"workshop_six:vanilla_outdoor_furniture/small_signpost_right_birch"},{"predicate":{"custom_model_data":10454},"model":"workshop_six:vanilla_outdoor_furniture/small_signpost_right_cherry"},{"predicate":{"custom_model_data":10455},"model":"workshop_six:vanilla_outdoor_furniture/small_signpost_right_crimson"},{"predicate":{"custom_model_data":10456},"model":"workshop_six:vanilla_outdoor_furniture/small_signpost_right_dark_oak"},{"predicate":{"custom_model_data":10457},"model":"workshop_six:vanilla_outdoor_furniture/small_signpost_right_jungle"},{"predicate":{"custom_model_data":10458},"model":"workshop_six:vanilla_outdoor_furniture/small_signpost_right_mangrove"},{"predicate":{"custom_model_data":10459},"model":"workshop_six:vanilla_outdoor_furniture/small_signpost_right_oak"},{"predicate":{"custom_model_data":10460},"model":"workshop_six:vanilla_outdoor_furniture/small_signpost_right_pale_oak"},{"predicate":{"custom_model_data":10461},"model":"workshop_six:vanilla_outdoor_furniture/small_signpost_right_spruce"},{"predicate":{"custom_model_data":10462},"model":"workshop_six:vanilla_outdoor_furniture/small_signpost_right_warped"},{"predicate":{"custom_model_data":10463},"model":"workshop_six:vanilla_outdoor_furniture/wagon_acacia"},{"predicate":{"custom_model_data":10464},"model":"workshop_six:vanilla_outdoor_furniture/wagon_bamboo"},{"predicate":{"custom_model_data":10465},"model":"workshop_six:vanilla_outdoor_furniture/wagon_birch"},{"predicate":{"custom_model_data":10466},"model":"workshop_six:vanilla_outdoor_furniture/wagon_cherry"},{"predicate":{"custom_model_data":10467},"model":"workshop_six:vanilla_outdoor_furniture/wagon_crimson"},{"predicate":{"custom_model_data":10468},"model":"workshop_six:vanilla_outdoor_furniture/wagon_dark_oak"},{"predicate":{"custom_model_data":10469},"model":"workshop_six:vanilla_outdoor_furniture/wagon_jungle"},{"predicate":{"custom_model_data":10470},"model":"workshop_six:vanilla_outdoor_furniture/wagon_mangrove"},{"predicate":{"custom_model_data":10471},"model":"workshop_six:vanilla_outdoor_furniture/wagon_oak"},{"predicate":{"custom_model_data":10472},"model":"workshop_six:vanilla_outdoor_furniture/wagon_pale_oak"},{"predicate":{"custom_model_data":10473},"model":"workshop_six:vanilla_outdoor_furniture/wagon_spruce"},{"predicate":{"custom_model_data":10474},"model":"workshop_six:vanilla_outdoor_furniture/wagon_warped"},{"predicate":{"custom_model_data":10475},"model":"workshop_six:vanilla_outdoor_furniture/well_acacia"},{"predicate":{"custom_model_data":10476},"model":"workshop_six:vanilla_outdoor_furniture/well_bamboo"},{"predicate":{"custom_model_data":10477},"model":"workshop_six:vanilla_outdoor_furniture/well_birch"},{"predicate":{"custom_model_data":10478},"model":"workshop_six:vanilla_outdoor_furniture/well_cherry"},{"predicate":{"custom_model_data":10479},"model":"workshop_six:vanilla_outdoor_furniture/well_crimson"},{"predicate":{"custom_model_data":10480},"model":"workshop_six:vanilla_outdoor_furniture/well_dark_oak"},{"predicate":{"custom_model_data":10481},"model":"workshop_six:vanilla_outdoor_furniture/well_jungle"},{"predicate":{"custom_model_data":10482},"model":"workshop_six:vanilla_outdoor_furniture/well_mangrove"},{"predicate":{"custom_model_data":10483},"model":"workshop_six:vanilla_outdoor_furniture/well_oak"},{"predicate":{"custom_model_data":10484},"model":"workshop_six:vanilla_outdoor_furniture/well_pale_oak"},{"predicate":{"custom_model_data":10485},"model":"workshop_six:vanilla_outdoor_furniture/well_spruce"},{"predicate":{"custom_model_data":10486},"model":"workshop_six:vanilla_outdoor_furniture/well_warped"},{"predicate":{"custom_model_data":10487},"model":"betterranks:ia_auto_gen/chatcoloricone2"},{"predicate":{"custom_model_data":10488},"model":"betterranks:ia_auto_gen/chatcoloricone3"},{"predicate":{"custom_model_data":10489},"model":"betterranks:ia_auto_gen/namepainticone1"},{"predicate":{"custom_model_data":10490},"model":"betterranks:ia_auto_gen/namepainticone2"},{"predicate":{"custom_model_data":10491},"model":"betterranks:ia_auto_gen/namepainticone3"},{"predicate":{"custom_model_data":10492},"model":"betterranks:ia_auto_gen/prefixicone1"},{"predicate":{"custom_model_data":10493},"model":"workshop_six:farm_furniture/cart_empty"},{"predicate":{"custom_model_data":10494},"model":"workshop_six:farm_furniture/cart_hay"},{"predicate":{"custom_model_data":10495},"model":"workshop_six:farm_furniture/chicken_coop"},{"predicate":{"custom_model_data":10496},"model":"workshop_six:farm_furniture/farm_wall_rack"},{"predicate":{"custom_model_data":10497},"model":"workshop_six:farm_furniture/haybale"},{"predicate":{"custom_model_data":10498},"model":"workshop_six:farm_furniture/haybale_stack"},{"predicate":{"custom_model_data":10499},"model":"workshop_six:farm_furniture/ladder"},{"predicate":{"custom_model_data":10500},"model":"workshop_six:farm_furniture/ladder_leaning"},{"predicate":{"custom_model_data":10501},"model":"workshop_six:farm_furniture/scarecrow"},{"predicate":{"custom_model_data":10502},"model":"workshop_six:farm_furniture/trough_empty"},{"predicate":{"custom_model_data":10503},"model":"workshop_six:farm_furniture/trough_food"},{"predicate":{"custom_model_data":10504},"model":"workshop_six:farm_furniture/trough_food_messy"},{"predicate":{"custom_model_data":10505},"model":"workshop_six:farm_furniture/trough_water"},{"predicate":{"custom_model_data":10506},"model":"workshop_six:farm_furniture/weather_vane"},{"predicate":{"custom_model_data":10507},"model":"workshop_six:fishing_furniture/bucket"},{"predicate":{"custom_model_data":10508},"model":"workshop_six:fishing_furniture/fishing_rod_leaning"},{"predicate":{"custom_model_data":10509},"model":"workshop_six:fishing_furniture/fishing_rod_stand"},{"predicate":{"custom_model_data":10510},"model":"workshop_six:fishing_furniture/fishing_station"},{"predicate":{"custom_model_data":10511},"model":"workshop_six:fishing_furniture/fishing_station_empty"},{"predicate":{"custom_model_data":10512},"model":"workshop_six:fishing_furniture/fish_cutting_board"},{"predicate":{"custom_model_data":10513},"model":"workshop_six:fishing_furniture/fish_drying_rack"},{"predicate":{"custom_model_data":10514},"model":"workshop_six:fishing_furniture/fish_drying_rack_empty"},{"predicate":{"custom_model_data":10515},"model":"workshop_six:fishing_furniture/fish_drying_rack_tall"},{"predicate":{"custom_model_data":10516},"model":"workshop_six:fishing_furniture/fish_drying_rack_tall_empty"},{"predicate":{"custom_model_data":10517},"model":"workshop_six:fishing_furniture/fish_hanging_rack"},{"predicate":{"custom_model_data":10518},"model":"workshop_six:fishing_furniture/fish_hanging_rack_large"},{"predicate":{"custom_model_data":10519},"model":"workshop_six:fishing_furniture/shark_rack"},{"predicate":{"custom_model_data":10520},"model":"workshop_six:fishing_furniture/tackle_box_blue"},{"predicate":{"custom_model_data":10521},"model":"workshop_six:fishing_furniture/tackle_box_red"},{"predicate":{"custom_model_data":10522},"model":"betterranks:ia_auto_gen/prefixicone2"},{"predicate":{"custom_model_data":10523},"model":"fishing_pack:ia_auto_gen/crabtrapsprite"},{"predicate":{"custom_model_data":10524},"model":"minerals:beacon"},{"predicate":{"custom_model_data":10525},"model":"fishing_pack:item/crabtrap2"},{"predicate":{"custom_model_data":10526},"model":"betterranks:ia_auto_gen/prefixicone3"},{"predicate":{"custom_model_data":10527},"model":"betterranks:ia_auto_gen/rankicone1"},{"predicate":{"custom_model_data":10528},"model":"betterranks:ia_auto_gen/rankicone2"},{"predicate":{"custom_model_data":10529},"model":"betterranks:ia_auto_gen/rankicone3"},{"predicate":{"custom_model_data":10530},"model":"betterranks:ia_auto_gen/yinyangfullicon"},{"predicate":{"custom_model_data":10531},"model":"betterranks:ia_auto_gen/rainbowfullicon"},{"predicate":{"custom_model_data":10532},"model":"crops:machine"},{"predicate":{"custom_model_data":10533},"model":"betterranks:ia_auto_gen/rankicone4"},{"predicate":{"custom_model_data":10534},"model":"betterranks:ia_auto_gen/rankicone5"},{"predicate":{"custom_model_data":10535},"model":"betterranks2:ia_auto_gen/booster"},{"predicate":{"custom_model_data":10536},"model":"betterranks2:ia_auto_gen/experience"},{"predicate":{"custom_model_data":10537},"model":"betterranks2:ia_auto_gen/fortune"},{"predicate":{"custom_model_data":10538},"model":"betterranks2:ia_auto_gen/wise"},{"predicate":{"custom_model_data":10539},"model":"betterranks2:ia_auto_gen/treasure"},{"predicate":{"custom_model_data":10540},"model":"betterranks2:ia_auto_gen/waterwave"},{"predicate":{"custom_model_data":10541},"model":"betterranks2:ia_auto_gen/defaulttide"},{"predicate":{"custom_model_data":10542},"model":"betterranks2:ia_auto_gen/lowtide"},{"predicate":{"custom_model_data":10543},"model":"betterranks2:ia_auto_gen/neaptide"},{"predicate":{"custom_model_data":10544},"model":"betterranks2:ia_auto_gen/springtide"},{"predicate":{"custom_model_data":10545},"model":"betterranks2:ia_auto_gen/hightide"},{"predicate":{"custom_model_data":10546},"model":"betterranks2:ia_auto_gen/cornicon"},{"predicate":{"custom_model_data":10547},"model":"betterranks2:ia_auto_gen/blueberryicon"},{"predicate":{"custom_model_data":10548},"model":"betterranks2:ia_auto_gen/lettuceicon"},{"predicate":{"custom_model_data":10549},"model":"menus:ia_auto_gen/rainbow_potion"},{"predicate":{"custom_model_data":10552},"model":"menus:ia_auto_gen/blaze_powder_red"},{"predicate":{"custom_model_data":10553},"model":"menus:ia_auto_gen/blaze_powder_gray"},{"predicate":{"custom_model_data":10554},"model":"menus:ia_auto_gen/blaze_powder_green"},{"predicate":{"custom_model_data":10555},"model":"menus:ia_auto_gen/price_credits_500"},{"predicate":{"custom_model_data":10556},"model":"menus:ia_auto_gen/price_credits_1100"},{"predicate":{"custom_model_data":10557},"model":"menus:ia_auto_gen/price_credits_2750"},{"predicate":{"custom_model_data":10558},"model":"menus:ia_auto_gen/price_credits_5500"},{"predicate":{"custom_model_data":10559},"model":"menus:ia_auto_gen/price_credits_11000"},{"predicate":{"custom_model_data":10560},"model":"menus:ia_auto_gen/price_credits_30000"},{"predicate":{"custom_model_data":10577},"model":"menus:ia_auto_gen/chest_minecart_diamond"},{"predicate":{"custom_model_data":10578},"model":"menus:ia_auto_gen/chest_minecart_gold"},{"predicate":{"custom_model_data":9923445},"model":"seeds:ia_auto_gen/apple_seed"},{"predicate":{"custom_model_data":9923446},"model":"seeds:ia_auto_gen/beetroot_seed"},{"predicate":{"custom_model_data":9923447},"model":"seeds:ia_auto_gen/carrot_seed"},{"predicate":{"custom_model_data":9923448},"model":"seeds:ia_auto_gen/chorus_fruit_seed"},{"predicate":{"custom_model_data":9923449},"model":"seeds:ia_auto_gen/dragon_fruit"},{"predicate":{"custom_model_data":9923450},"model":"seeds:ia_auto_gen/dragon_fruit_seed"},{"predicate":{"custom_model_data":9923451},"model":"seeds:ia_auto_gen/glow_berries_seed"},{"predicate":{"custom_model_data":9923452},"model":"seeds:ia_auto_gen/mango"},{"predicate":{"custom_model_data":9923453},"model":"seeds:ia_auto_gen/mango_seed"},{"predicate":{"custom_model_data":9923454},"model":"seeds:ia_auto_gen/melon_seed"},{"predicate":{"custom_model_data":9923455},"model":"seeds:ia_auto_gen/orange"},{"predicate":{"custom_model_data":9923456},"model":"seeds:ia_auto_gen/orange_seed"},{"predicate":{"custom_model_data":9923457},"model":"seeds:ia_auto_gen/papaya"},{"predicate":{"custom_model_data":9923458},"model":"seeds:ia_auto_gen/papaya_seed"},{"predicate":{"custom_model_data":9923459},"model":"seeds:ia_auto_gen/potato_seed"},{"predicate":{"custom_model_data":9923460},"model":"seeds:ia_auto_gen/pumpkin_seed"},{"predicate":{"custom_model_data":9923461},"model":"seeds:ia_auto_gen/sweet_berries_seed"},{"predicate":{"custom_model_data":9923462},"model":"seeds:ia_auto_gen/wheat_seed"},{"predicate":{"custom_model_data":9923463},"model":"item/paper"}]}