{"parent":"minecraft:item/template_skull","overrides":[{"predicate":{"custom_model_data":10000},"model":"heads:item/player_head_gui_size_1"},{"predicate":{"custom_model_data":10001},"model":"heads:item/player_head_gui_size_4"},{"predicate":{"custom_model_data":10002},"model":"heads:item/player_head_gui_size_6"},{"predicate":{"custom_model_data":10003},"model":"heads:item/player_head_block_size_item_frame"},{"predicate":{"custom_model_data":10004},"model":"heads:item/player_head_hand_size_2"},{"predicate":{"custom_model_data":10005},"model":"item/player_head"}]}