{"parent":"minecraft:item/generated","textures":{"layer0":"minecraft:item/totem_of_undying"},"overrides":[{"predicate":{"custom_model_data":10000},"model":"other:ia_auto_gen/tooltotem"},{"predicate":{"custom_model_data":10001},"model":"other:ia_auto_gen/passtotem"},{"predicate":{"custom_model_data":10002},"model":"other:ia_auto_gen/rubytotem"},{"predicate":{"custom_model_data":10003},"model":"other:ia_auto_gen/cointotem"},{"predicate":{"custom_model_data":10004},"model":"other:ia_auto_gen/moneytotem"},{"predicate":{"custom_model_data":10005},"model":"other:ia_auto_gen/leveltotem"},{"predicate":{"custom_model_data":10006},"model":"other:ia_auto_gen/enchanttotem"},{"predicate":{"custom_model_data":10007},"model":"other:ia_auto_gen/darkgreentotem"},{"predicate":{"custom_model_data":10008},"model":"other:ia_auto_gen/browntotem"},{"predicate":{"custom_model_data":10009},"model":"other:ia_auto_gen/pinktotem"},{"predicate":{"custom_model_data":10010},"model":"other:ia_auto_gen/death_totem2"},{"predicate":{"custom_model_data":10011},"model":"other:ia_auto_gen/demon_totem"},{"predicate":{"custom_model_data":10012},"model":"other:ia_auto_gen/ice_totem"},{"predicate":{"custom_model_data":10013},"model":"other:ia_auto_gen/fire_totem"},{"predicate":{"custom_model_data":10014},"model":"other:ia_auto_gen/floral_totem"},{"predicate":{"custom_model_data":10015},"model":"other:ia_auto_gen/nature_totem"},{"predicate":{"custom_model_data":10016},"model":"other:ia_auto_gen/ocean_totem"},{"predicate":{"custom_model_data":10017},"model":"other:ia_auto_gen/rainbow_totem"},{"predicate":{"custom_model_data":10018},"model":"other:ia_auto_gen/shadow_totem"},{"predicate":{"custom_model_data":10019},"model":"other:ia_auto_gen/treasure_totem2"},{"predicate":{"custom_model_data":10020},"model":"other:ia_auto_gen/angel_totem"},{"predicate":{"custom_model_data":10021},"model":"other:ia_auto_gen/sun_totem"},{"predicate":{"custom_model_data":10022},"model":"other:ia_auto_gen/moon_totem"},{"predicate":{"custom_model_data":10023},"model":"other:ia_auto_gen/clown_totem"},{"predicate":{"custom_model_data":10024},"model":"item/totem_of_undying"}]}