{"parent":"minecraft:item/handheld","textures":{"layer0":"minecraft:item/wooden_hoe"},"overrides":[{"predicate":{"custom_model_data":10000},"model":"detailed_tools:ia_auto_gen/fire_hoe"},{"predicate":{"custom_model_data":10001},"model":"hoe_textures:item/volt"},{"predicate":{"custom_model_data":10002},"model":"hoe_textures:item/mozambique"},{"predicate":{"custom_model_data":10003},"model":"hoe_textures:item/nemesis"},{"predicate":{"custom_model_data":10004},"model":"hoe_textures:item/r99"},{"predicate":{"custom_model_data":10005},"model":"hoe_textures:item/r301"},{"predicate":{"custom_model_data":10006},"model":"hoe_textures:item/re45"},{"predicate":{"custom_model_data":10007},"model":"hoe_textures:item/scorpioni"},{"predicate":{"custom_model_data":10008},"model":"hoe_textures:item/scorpionvii"},{"predicate":{"custom_model_data":10009},"model":"hoe_textures:item/scorpionix"},{"predicate":{"custom_model_data":10010},"model":"hoe_textures:item/redmoondeserteagle"},{"predicate":{"custom_model_data":10011},"model":"hoe_textures:item/redmoonbarret"},{"predicate":{"custom_model_data":10012},"model":"item/wooden_hoe"}]}